"";"Rider";"WeekOfYear";"mon_intensity";"mon_duration";"mon_hr";"tue_intensity";"tue_duration";"tue_hr";"wed_intensity";"wed_duration";"wed_hr";"thu_intensity";"thu_duration";"thu_hr";"fri_intensity";"fri_duration";"fri_hr";"sat_intensity";"sat_duration";"sat_hr";"sun_intensity";"sun_duration";"sun_hr";"weekIntensity";"weekDuration";"weekHearthrate";"weekOveral";"bestAtlethes"
"4";"Rider2";"29/2013";0;0;0;1;7304;75,78;1;9166;103,95;1;4843;103,06;0;0;0;2;38041;122,05;0;0;0;0,357142857142857;7,90754063415934;1,33044135528608;9,59512484658827;"good"
"6";"Rider4";"29/2013";2;12038;124,58;2;15819;133,4;2;20762;119,15;1;9331;108,01;0;0;0;2;3892;118,97;0;0;0;0,642857142857143;8,23900879296563;1,98531006605541;10,8671760018782;"good"
"7";"Rider7";"22/2014";1;4270;108,3;1;8503;116,95;0;0;0;0;0;0;1;2386;106,1;3;11258;144,14;1;3338;99,28;0,5;3,96416200373035;1,88888888888889;6,35305089261924;"good"
"10";"Rider1";"22/2014";0;0;0;3;3683;148,45;2;4840;123,75;2;11757;136,92;2;4260;122,39;3;1701;172,54;3;8958;145,1;1,07142857142857;4,689448441247;2,79059449866903;8,55147151134461;"good"
"11";"Rider4";"22/2014";2;14996;128,42;2;8596;133,22;0;0;0;1;18345;110,57;1;8970;84,63;0;0;0;0;0;0;0,428571428571429;6,78217426059153;1,50133096716948;8,71207665633243;"good"
"15";"Rider2";"21/2013";0;0;0;2;8032;123,71;1;7330;116,14;0;0;0;0;0;0;2;3668;124,27;2;9627;123,31;0,5;3,81787903010925;1,60186006769858;5,91973909780782;"good"
"17";"Rider7";"30/2012";0;0;0;2;9885;118,13;1;8418;109,19;2;6756;120,85;0;0;0;3;12784;156,69;0;0;0;0,571428571428571;5,04169997335465;1,65914095106642;7,27226949584964;"good"
"20";"Rider4";"30/2012";1;5807;90,21;2;15496;124,24;2;8357;126;2;18580;127,95;1;4190;88,19;0;0;0;0;0;0;0,571428571428571;6,98507860378364;1,8291432515035;9,38565042671571;"good"
"21";"Rider7";"7/2014";0;0;0;0;0;0;0;0;0;2;9492;129,14;2;8979;127,38;2;12881;127,74;1;9081;113,93;0,5;5,38675726085798;1,63722107200368;7,52397833286166;"good"
"25";"Rider4";"7/2014";2;9730;131,73;0;0;0;2;12369;133,06;1;10432;110,1;2;6662;123,59;1;9581;109,43;0;0;0;0,571428571428571;6,49800159872102;1,99779815307766;9,06722832322725;"good"
"26";"Rider7";"19/2014";0;0;0;1;9027;114,66;2;8961;122,61;1;9260;116,8;1;8983;110,67;1;11326;115,7;1;3722;114,09;0,5;6,83173461231015;2,28246081041112;9,61419542272127;"good"
"29";"Rider2";"19/2014";1;10038;117,32;0;0;0;1;5378;106,34;0;0;0;0;0;0;2;17551;125,08;1;6503;89,35;0,357142857142857;5,25845989874767;1,43971211673075;7,05531487262128;"good"
"30";"Rider1";"19/2014";2;8479;133,61;2;4689;138,6;0;0;0;2;2020;131,21;0;0;0;2;3247;130,19;1;458;102,58;0,642857142857143;2,51705302424727;2,09073581123271;5,25064597833712;"good"
"31";"Rider4";"19/2014";0;0;0;2;19906;139,44;2;8850;131,3;2;17898;121,09;1;9365;90,68;1;11470;91,12;2;20071;129,57;0,714285714285714;11,6653343991473;2,31095336685399;14,6905734802871;"good"
"33";"Rider6";"31/2014";3;5265;142,25;0;0;0;0;0;0;0;0;0;2;3655;134,24;2;23721;130,15;1;13252;116,25;0,571428571428571;6,11417532640554;1,7183936376483;8,40399753548241;"good"
"35";"Rider2";"31/2014";2;92072;118,01;0;0;0;0;0;0;0;0;0;2;3572;123,92;3;13168;148,34;2;12156;125,09;0,642857142857143;16,1161737276845;1,6936475073121;18,4526783778538;"good"
"36";"Rider1";"31/2014";0;0;0;2;16219;141,11;2;7325;120,65;2;12282;134,48;0;0;0;2;12579;135,24;1;9781;98,5;0,642857142857143;7,75193178790301;2,0703276479674;10,4651165787276;"good"
"37";"Rider4";"31/2014";1;9487;90,23;1;8772;111,86;2;11037;121,61;2;20276;123,26;1;8969;96,88;1;9725;104,84;1;5401;99,34;0,642857142857143;9,81441513455902;2,45824706694272;12,9155193443589;"good"
"38";"Rider7";"35/2014";1;6341;106;1;8770;113,36;1;9401;109,34;2;9295;118,25;1;8315;106,02;1;8501;112,67;1;12173;116,78;0,571428571428571;8,36610711430855;2,57129711788097;11,5088328036181;"good"
"41";"Rider5";"35/2014";0;0;0;2;4510;132,94;2;6320;132,35;2;6049;131,15;0;0;0;0;0;0;3;4325;175,78;0,642857142857143;2,82494004796163;1,88050872522922;5,34830591604799;"good"
"42";"Rider2";"35/2014";1;7597;109,1;0;0;0;1;8789;115,03;1;8516;109,22;0;0;0;2;14314;121,15;0;0;0;0,357142857142857;5,22462030375699;1,49364093463472;7,07540409553457;"good"
"43";"Rider1";"35/2014";1;8008;102,23;2;11965;126,65;2;4919;125,96;3;1441;179,43;2;2922;131,52;1;4750;106;3;13352;155,81;1;6,30921929123368;3,04840776890466;10,3576270601383;"good"
"44";"Rider4";"35/2014";1;7069;110,8;2;14871;126,55;3;9940;148,32;2;17931;118,44;1;1825;93,18;1;10356;86,12;2;23881;133,03;0,857142857142857;11,4405808686384;2,68309836011699;14,9808220858983;"good"
"45";"Rider7";"8/2014";0;0;0;0;0;0;0;0;0;2;11890;123,84;2;8304;118,98;0;0;0;2;10739;123,65;0,428571428571429;4,12110311750599;1,20434453974827;5,75401908582569;"good"
"47";"Rider5";"8/2014";0;0;0;1;4322;112,06;1;6052;106,53;0;0;0;1;6642;117,66;0;0;0;2;8448;127,2;0,357142857142857;3,39248601119105;1,52305366591081;5,27268253424471;"good"
"49";"Rider4";"8/2014";0;0;0;0;0;0;2;17238;121,45;2;12711;121,29;2;16080;126,2;0;0;0;2;12516;129,96;0,571428571428571;7,79976019184652;1,63955437247363;10,0107431357487;"good"
"50";"Rider7";"26/2014";1;9177;103,11;1;8464;112,74;1;4706;108,32;1;10963;112,61;1;7273;97,65;1;12628;114,91;1;14058;116,85;0,5;8,96203037569944;2,51795984094121;11,9799902166406;"good"
"54";"Rider1";"26/2014";0;0;0;0;0;0;0;0;0;1;13662;115,28;1;6366;105,58;3;4570;165,32;3;16747;147,11;0,571428571428571;5,50826005861977;1,75257156002498;7,83226019007332;"good"
"55";"Rider4";"26/2014";1;13740;92,2;1;7177;108,2;2;12667;119,48;2;19154;139,12;2;15306;118,95;1;13624;108,36;0;0;0;0,642857142857143;10,8803623767653;2,25544710637878;13,7786666260012;"good"
"56";"Rider7";"11/2014";0;0;0;0;0;0;1;5967;114,98;2;4516;124,5;1;7279;115,9;1;5044;105,62;3;7340;148,48;0,571428571428571;4,01625366373568;2,00295770482106;6,59063993998531;"good"
"59";"Rider2";"11/2014";0;0;0;2;7627;133,37;2;8043;128,98;2;6256;121,57;0;0;0;2;12565;125,25;1;5925;110,69;0,642857142857143;5,38449240607514;2,03706990042394;8,06441944935622;"good"
"60";"Rider1";"11/2014";2;4283;124,44;2;9575;134,35;3;11621;142,13;0;0;0;2;10118;134,18;1;7966;87,71;3;11999;160,16;0,928571428571429;7,402344790834;2,5731046041605;10,9040208235659;"good"
"61";"Rider4";"11/2014";1;9748;108,46;3;10621;146,2;2;11899;140,79;3;16286;144,98;0;0;0;0;0;0;0;0;0;0,642857142857143;6,46869171329603;1,77603601827204;8,88758487442522;"good"
"65";"Rider2";"38/2013";0;0;0;1;4105;102,07;2;4804;118,41;0;0;0;2;3164;118,17;3;23786;143,95;0;0;0;0,571428571428571;4,77737809752198;1,58598705182556;6,93479372077611;"good"
"67";"Rider4";"38/2013";1;2;64,5;0;0;0;2;12478;133,9;2;5677;139,49;0;0;0;0;0;0;2;14246;118,25;0,5;4,31694644284572;1,49903053008643;6,31597697293216;"good"
"68";"Rider7";"33/2014";2;7056;125,82;2;95007;119,38;0;0;0;0;0;0;1;8283;111,87;0;0;0;2;7707;120,73;0,5;15,7278177458034;1,57021262611325;17,7980303719166;"good"
"72";"Rider2";"33/2014";0;0;0;0;0;0;2;13534;119,75;0;0;0;0;0;0;2;11697;123,24;1;6605;105,9;0,357142857142857;4,2414068745004;1,14657070557692;5,74512043722017;"good"
"73";"Rider1";"33/2014";1;11856;105,09;0;0;0;2;12618;131,44;2;15340;128,87;1;7940;101,44;3;9960;156,63;1;3249;116,41;0,714285714285714;8,12190247801759;2,43149627000559;11,2676844623089;"good"
"74";"Rider4";"33/2014";1;11916;107,96;1;10945;111,16;1;9368;114,5;0;0;0;1;13465;113,66;3;5439;141,61;0;0;0;0,5;6,81228350652811;1,93529199119261;9,24757549772072;"good"
"75";"Rider7";"17/2014";0;0;0;1;9342;114,14;1;9100;116,71;1;140;85,49;0;0;0;2;19939;120,56;1;12705;113,64;0,428571428571429;6,82467359445777;1,8092609024286;9,0625059254578;"good"
"77";"Rider5";"17/2014";2;5122;127,44;0;0;0;0;0;0;2;8449;124,9;2;7197;121,62;0;0;0;2;14886;129,29;0,571428571428571;4,75006661337597;1,65384994577541;6,97534513057995;"good"
"78";"Rider2";"17/2014";2;11893;130,24;0;0;0;1;6795;117,11;1;5218;104,28;0;0;0;1;12338;80,99;1;3421;100,27;0,428571428571429;5,28443911537437;1,75125702454895;7,46426756849475;"good"
"79";"Rider1";"17/2014";2;7060;139,7;2;18804;139,06;0;0;0;2;11346;130,14;2;10951;129,3;0;0;0;2;8600;136,05;0,714285714285714;7,56208366640021;2,21581386177659;10,4921832424625;"good"
"80";"Rider4";"17/2014";0;0;0;1;4549;106,17;2;15790;136,66;1;26755;109,96;0;0;0;1;4140;111,3;0;0;0;0,357142857142857;6,82573940847322;1,52515692267245;8,70803918828853;"good"
"81";"Rider7";"34/2014";1;6999;115,51;1;7180;110,21;0;0;0;1;6142;113,7;1;8590;116,04;0;0;0;1;5260;111,31;0,357142857142857;4,55249134026112;1,86259817936837;6,77223237677235;"good"
"82";"Rider6";"34/2014";0;0;0;0;0;0;0;0;0;0;0;0;0;0;0;3;3390;158,41;2;25827;119,7;0,357142857142857;3,89248601119105;0,913963653094088;5,16359252142799;"good"
"86";"Rider1";"34/2014";1;5693;107,74;0;0;0;2;7597;126,51;2;4463;128,16;1;2992;109,23;1;6323;114,18;2;8994;140,17;0,642857142857143;4,80442312816414;2,38584902560058;7,83312929662186;"good"
"87";"Rider4";"34/2014";2;12530;121,74;2;13452;130,64;1;11296;117,55;2;15008;128,58;1;3484;88,33;1;5652;115,38;0;0;0;0,642857142857143;8,18305355715428;2,30773275493772;11,1336434549491;"good"
"88";"Rider7";"15/2013";0;0;0;2;9162;118,11;1;8229;117,61;2;8453;127,75;0;0;0;2;13407;122,26;1;11153;113,42;0,571428571428571;6,71516120436984;1,96900982615268;9,25559960195109;"good"
"92";"Rider1";"15/2013";0;0;0;0;0;0;0;0;0;2;6494;125,6;0;0;0;2;11945;138,62;2;26243;122,84;0,428571428571429;5,95283772981615;1,27201025337671;7,65341941176429;"good"
"94";"Rider7";"24/2014";2;5138;120,3;0;0;0;2;6063;119,07;2;8910;133,62;1;11299;113,29;0;0;0;0;0;0;0,5;4,18465227817746;1,598080778205;6,28273305638246;"good"
"97";"Rider5";"24/2014";0;0;0;2;3631;125,36;0;0;0;3;16372;151,22;3;4962;161,02;0;0;0;3;12106;142,58;0,785714285714286;4,93884892086331;1,90666798120214;7,63123118777974;"good"
"98";"Rider2";"24/2014";0;0;0;0;0;0;2;6495;119,78;0;0;0;1;4061;112,69;2;8379;129,67;2;9419;139,3;0,5;3,77751132427391;1,64790167274639;5,92541299702031;"good"
"99";"Rider1";"24/2014";0;0;0;2;9364;137,46;2;6654;124,84;2;8233;123,44;2;5807;132,43;3;1435;176,25;1;3168;105,47;0,857142857142857;4,6177724487077;2,62870945479641;8,10362476064697;"good"
"100";"Rider4";"24/2014";2;14839;129,3;3;15206;144,69;2;12960;137,32;2;8789;123,57;0;0;0;0;0;0;1;37712;102,01;0,714285714285714;11,9245936584066;2,09303624831575;14,7319156210081;"good"
"101";"Rider7";"18/2013";2;5711;121,08;0;0;0;2;8252;118,54;1;3784;92,57;1;11791;109,45;1;5807;91,32;2;17788;134,62;0,642857142857143;7,07873701039169;2,19389398271386;9,91548813596269;"good"
"104";"Rider2";"18/2013";0;0;0;0;0;0;1;8217;109,16;2;10702;121,45;2;8195;119,05;2;11202;129,02;1;4161;104,36;0,571428571428571;5,65907274180656;1,91606690985573;8,14656822309086;"good"
"106";"Rider4";"18/2013";1;13864;117,68;2;11302;137,81;2;16319;125,37;2;11964;128,16;1;18160;105,55;0;0;0;0;0;0;0,571428571428571;9,5402344790834;2,01968516875349;12,1313482192655;"good"
"107";"Rider7";"14/2014";1;5009;108,1;1;9882;116,03;1;6185;106,15;0;0;0;1;4741;107,88;1;9985;114,32;3;4545;147,1;0,571428571428571;5,37529976019185;2,29905682079595;8,24578515241637;"good"
"110";"Rider2";"14/2014";0;0;0;0;0;0;2;9041;127,16;2;6999;121,28;0;0;0;2;8387;123,81;1;6696;105,01;0,5;4,14641620037303;1,56843800322061;6,21485420359365;"good"
"111";"Rider1";"14/2014";0;0;0;1;6748;106,68;2;17039;139,29;2;13010;135,22;2;1983;131,19;1;2976;94,3;3;15215;147,97;0,785714285714286;7,59006128430589;2,48003549245785;10,855811062478;"good"
"112";"Rider4";"14/2014";1;17535;115,23;2;3257;134,08;2;10941;126,68;2;18223;130,12;3;4499;148,67;0;0;0;2;1488;119,32;0,857142857142857;7,45310418332001;2,54395477997962;10,8542018204425;"good"
"113";"Rider7";"20/2014";0;0;0;1;6329;111,64;1;8470;116,14;1;11102;109,44;1;4988;110,57;2;9326;119,52;2;12717;118,13;0,571428571428571;7,0519584332534;2,25258799171843;9,87597499640039;"good"
"118";"Rider1";"20/2014";0;0;0;2;11490;136,63;2;12168;133,08;2;10921;140,28;0;0;0;3;4929;144,06;3;4570;155,66;0,857142857142857;5,87236877164935;2,33234743172631;9,06185906051852;"good"
"119";"Rider4";"20/2014";1;19548;112,08;1;6861;93,94;2;11628;120,83;0;0;0;0;0;0;0;0;0;2;19589;128,14;0,428571428571429;7,67732480682121;1,49525124059286;9,60114747598549;"good"
"120";"Rider7";"40/2014";1;7683;116,19;2;9848;124,19;1;4663;111,19;0;0;0;1;101258;111,09;1;7508;105,59;1;13912;111,21;0,5;19,300826005862;2,23293568635184;22,0337616922138;"good"
"123";"Rider1";"40/2014";1;7252;110,79;3;22408;155,64;2;4409;124,6;2;5083;129,29;2;7555;140,29;1;2675;97,36;2;18975;121,91;0,928571428571429;9,10698108180123;2,89158368661474;12,9271361969874;"good"
"133";"Rider4";"29/2012";0;0;0;2;12839;128,48;1;2673;111,72;1;9860;116,57;1;8546;111,63;0;0;0;0;0;0;0,357142857142857;4,51878497202238;1,53932104242663;6,41524887159187;"good"
"134";"Rider7";"17/2013";0;0;0;1;8259;115,14;0;0;0;1;11505;100,42;1;6917;109;2;8845;118,2;1;12808;117,56;0,428571428571429;6,43938182787104;1,84140129481744;8,70935455125991;"good"
"138";"Rider1";"17/2013";0;0;0;2;8209;123;3;15909;163,46;0;0;0;2;5814;121,21;1;8528;72,57;0;0;0;0,571428571428571;5,12390087929656;1,57823129251701;7,27356074324214;"good"
"139";"Rider4";"17/2013";0;0;0;2;8530;137,4;2;10151;138,27;2;10413;122,66;0;0;0;3;5048;143,25;0;0;0;0,642857142857143;4,5486277644551;1,77981530776562;6,97130021507787;"good"
"140";"Rider7";"15/2014";2;4850;118,28;1;9727;115,51;1;9047;115,19;1;8747;113,93;2;7471;119,38;1;13118;106,9;1;9867;104,54;0,642857142857143;8,37023714361844;2,60846560846561;11,6215598949412;"good"
"143";"Rider2";"15/2014";0;0;0;2;6311;123,22;0;0;0;1;6615;115,9;0;0;0;2;7994;138,52;1;7149;109,75;0,428571428571429;3,73954169997335;1,60172861415097;5,76984174269576;"good"
"144";"Rider1";"15/2014";1;11710;114,04;2;13116;139,37;2;12431;127,92;2;7803;132,68;2;3469;126,96;3;3938;142,41;3;12141;150,07;1,07142857142857;8,60751398880895;3,06763285024155;12,7465754104791;"good"
"145";"Rider4";"15/2014";1;14340;117,05;0;0;0;2;2340;127,99;0;0;0;1;27135;109,11;1;13415;97,76;0;0;0;0,357142857142857;7,62456701305622;1,48512931742745;9,46683918762653;"good"
"146";"Rider7";"12/2014";1;5794;116,22;0;0;0;1;6850;109,92;1;13051;104,49;1;11494;102,16;1;10321;110,52;0;0;0;0,357142857142857;6,32960298427924;1,78550067369943;8,47224651512153;"good"
"148";"Rider5";"12/2014";0;0;0;2;5371;140,03;3;7112;145,82;2;4751;134;0;0;0;2;9860;137,9;0;0;0;0,642857142857143;3,60964561683986;1,83295540438398;6,08545816408098;"good"
"149";"Rider2";"12/2014";0;0;0;2;7756;125,28;0;0;0;2;8781;130,32;0;0;0;2;6894;123,72;2;6501;123,57;0,571428571428571;3,98774313882228;1,65266686384699;6,21183857409783;"good"
"150";"Rider1";"12/2014";0;0;0;2;9460;137,71;2;16463;138,26;2;5280;131,13;0;0;0;2;12948;137,69;2;12570;129,97;0,714285714285714;7,55675459632294;2,21748989450853;10,4885302051172;"good"
"151";"Rider4";"12/2014";0;0;0;0;0;0;1;14444;112,94;2;20994;133,32;1;21605;111,99;2;21328;131,97;2;16511;123,39;0,571428571428571;12,6408206767919;2,01653028361103;15,2287795318315;"good"
"152";"Rider7";"28/2014";1;6342;103,2;1;11065;111,73;1;2646;107,7;0;0;0;1;9060;115,56;1;11078;114,43;1;6700;105,58;0,428571428571429;6,24713562483347;2,16306812580105;8,83877517920594;"good"
"156";"Rider1";"28/2014";0;0;0;0;0;0;2;8405;131,71;2;9354;125,15;2;13943;133,09;0;0;0;2;8775;136,89;0,571428571428571;5,39261923794298;1,73137467547405;7,6954224848456;"good"
"157";"Rider4";"28/2014";1;8426;93;2;11947;131,31;1;12116;113,59;0;0;0;2;2952;120,82;0;0;0;0;0;0;0,428571428571429;4,7216893152145;1,5075092839068;6,65777002769272;"good"
"158";"Rider7";"39/2014";1;6251;107,64;1;88971;114,18;1;8470;114,7;0;0;0;0;0;0;1;170707;116,48;0;0;0;0,285714285714286;36,5572875033307;1,48871142659963;38,3317132156446;"good"
"162";"Rider2";"39/2014";0;0;0;1;7547;114,76;2;6499;122,57;0;0;0;3;8017;147,75;2;14312;137,04;3;15463;144,41;0,785714285714286;6,90620836664002;2,19044332708929;9,8823659794436;"good"
"163";"Rider1";"39/2014";1;32086;110,63;2;7968;135,27;2;16476;136,51;0;0;0;1;16543;110,91;2;7413;124,74;2;30447;126,45;0,714285714285714;14,779243272049;2,44671201814059;17,9402410044753;"good"
"164";"Rider7";"27/2014";0;0;0;1;9769;115,06;1;5505;100,73;1;9577;112,29;1;21275;112,74;1;6526;104,41;1;9427;105,43;0,428571428571429;8,27058353317346;2,13828913207795;10,8374440938228;"good"
"167";"Rider2";"27/2014";0;0;0;0;0;0;1;6727;112,01;1;5514;97,22;0;0;0;1;12835;112,1;1;6229;91,66;0,285714285714286;4,17066346922462;1,35722501561011;5,81360277054901;"good"
"168";"Rider1";"27/2014";1;4693;110,44;1;3858;114,72;2;7196;127,6;2;18819;132,05;0;0;0;2;7189;133,18;3;13081;156,91;0,785714285714286;7,30562216893152;2,54658385093168;10,6379203055775;"good"
"169";"Rider4";"27/2014";1;10176;101,8;1;7553;108,31;2;9925;127,14;2;13571;132,29;1;5980;99,6;2;26628;121,32;1;16803;113,15;0,714285714285714;12,0751398880895;2,64093463472345;15,4303602370987;"good"
"173";"Rider2";"23/2013";0;0;0;1;5793;111,6;1;6096;114,69;0;0;0;1;2405;111,7;1;4509;113,78;3;7810;146,23;0,5;3,54556354916067;1,96523053665911;6,01079408581978;"good"
"180";"Rider7";"41/2014";0;0;0;1;7238;114,59;1;74044;106,93;1;7358;110,74;1;339058;115,18;0;0;0;0;0;0;0,285714285714286;56,9808153477218;1,47043938348286;58,736969016919;"good"
"184";"Rider1";"41/2014";0;0;0;3;8002;143,78;0;0;0;2;2378;134,58;2;17978;122,79;0;0;0;0;0;0;0,5;3,77804423128164;1,31831476551973;5,59635899680138;"good"
"185";"Rider7";"16/2014";0;0;0;0;0;0;2;8496;127,81;1;9534;111,91;2;10281;123,5;1;6579;117,53;0;0;0;0,428571428571429;4,64828137490008;1,57990732524894;6,65676012872045;"good"
"189";"Rider1";"16/2014";2;5629;118,67;0;0;0;0;0;0;3;10397;142,66;2;3787;120,52;2;17792;138,16;0;0;0;0,642857142857143;5,00999200639488;1,70892898222091;7,36177813147293;"good"
"190";"Rider4";"16/2014";1;15593;102,91;2;19649;129,29;2;10777;126,53;2;9856;140,24;1;9802;97,53;2;15648;131,81;0;0;0;0,714285714285714;10,8346656008527;2,39347333136153;13,9424246464999;"good"
"191";"Rider7";"9/2014";0;0;0;0;0;0;2;14239;124,25;2;16872;122,07;0;0;0;1;8345;115,03;2;9707;119,74;0,5;6,54982680522249;1,58102468040356;8,63085148562605;"good"
"194";"Rider2";"9/2014";2;7328;137,01;2;7526;127,51;2;7640;122,26;0;0;0;0;0;0;2;9491;119,24;0;0;0;0,571428571428571;4,26125766053824;1,66295310394689;6,4956393359137;"good"
"195";"Rider4";"9/2014";2;12639;137,75;0;0;0;2;9460;121,32;0;0;0;1;14074;107,35;1;11933;112,76;1;7900;111,7;0,5;7,46149746869171;1,94183180518584;9,90332927387756;"good"
"196";"Rider7";"10/2014";0;0;0;0;0;0;0;0;0;2;10582;136,96;1;11828;115,65;1;9255;112,9;2;6297;120,9;0,428571428571429;5,05755395683453;1,59850800223471;7,08463338764067;"good"
"198";"Rider5";"10/2014";0;0;0;0;0;0;0;0;0;2;5668;127,13;1;24182;110,37;0;0;0;2;12361;129,12;0,357142857142857;5,6236344257927;1,20483749055178;7,18561477348733;"good"
"199";"Rider2";"10/2014";0;0;0;0;0;0;2;6034;123,18;2;6217;128,42;0;0;0;2;11906;131,63;1;4909;108,92;0,5;3,87236877164935;1,61737158631569;5,98974035796503;"good"
"200";"Rider1";"10/2014";0;0;0;0;0;0;0;0;0;0;0;0;2;14851;134,42;1;30278;114,38;0;0;0;0,214285714285714;6,01239008792966;0,817641066088271;7,04431686830364;"good"
"201";"Rider4";"10/2014";1;13601;103,53;2;6806;136,42;2;11774;122,45;3;23955;142,24;0;0;0;2;20092;131,94;2;15362;135,48;0,857142857142857;12,2022382094325;2,53725064905189;15,5966317156272;"good"
"202";"Rider7";"37/2014";1;5318;112,92;1;8689;117,03;2;4235;120,63;0;0;0;1;5652;110,45;0;0;0;2;11686;122,39;0,5;4,74020783373301;1,91731571855795;7,15752355229097;"good"
"207";"Rider1";"37/2014";1;2701;108,22;2;27179;126,87;0;0;0;2;4345;133,86;2;10725;125,74;2;4859;120,05;2;10431;139,61;0,785714285714286;8,0255795363709;2,47904959085083;11,290343412936;"good"
"208";"Rider4";"37/2014";1;12269;102,67;2;13827;129,48;1;11553;108,99;2;11738;122,54;1;5906;93,92;1;15281;115,09;0;0;0;0,571428571428571;9,402344790834;2,21068717342009;12,1844605356827;"good"
"211";"Rider2";"19/2013";0;0;0;2;4006;121,68;1;6169;112,11;1;3569;101,62;3;9752;154,68;2;85664;133,69;1;1134;102,18;0,714285714285714;14,6941113775646;2,38575043543988;17,7941475272902;"good"
"212";"Rider7";"30/2014";0;0;0;1;10545;106,42;1;8387;113,07;1;5138;108,76;1;4884;104,71;2;5803;136,82;0;0;0;0,428571428571429;4,63056221689315;1,87249005882546;6,93162370429004;"good"
"213";"Rider6";"30/2014";0;0;0;0;0;0;1;11989;117,54;0;0;0;2;3024;136,94;3;10780;155,27;0;0;0;0,428571428571429;3,43631761257661;1,3465772782543;5,21146631940233;"good"
"215";"Rider5";"30/2014";0;0;0;1;2549;117,6;1;7043;114,37;0;0;0;0;0;0;2;3865;135,31;3;8797;146,51;0,5;2,96482813749001;1,6884879555687;5,15331609305871;"good"
"217";"Rider1";"30/2014";2;7445;137,99;1;23789;114,62;2;17335;132,21;1;1088;112,25;1;5827;115,16;2;11066;138,7;2;13309;135,61;0,785714285714286;10,6393551825207;2,91347070229058;14,3385401705255;"good"
"218";"Rider4";"30/2014";0;0;0;3;7982;143,51;3;14954;151,63;2;16031;123,24;0;0;0;0;0;0;0;0;0;0,571428571428571;5,19144684252598;1,37493838114956;7,13781379510411;"good"
"219";"Rider7";"10/2013";2;68696;118;2;11153;122,82;0;0;0;0;0;0;2;9070;128,51;0;0;0;0;0;0;0,428571428571429;11,8463895550227;1,21374346840185;13,4887044519959;"good"
"223";"Rider1";"10/2013";0;0;0;3;12291;147,29;0;0;0;0;0;0;0;0;0;3;26533;160,54;0;0;0;0,428571428571429;5,17239541699973;1,01163363896283;6,61260048453399;"good"
"224";"Rider4";"10/2013";0;0;0;0;0;0;0;0;0;2;8757;135,66;2;12181;129,87;2;9623;136,4;1;746;107,57;0,5;4,17092992272848;1,67438956258832;6,3453194853168;"good"
"225";"Rider7";"25/2014";1;9512;101,41;1;7426;110,71;1;9681;114,37;2;11425;122,42;2;10331;119,17;1;11486;116,16;1;12071;112,2;0,642857142857143;9,58326671995737;2,61737158631569;12,8434954491302;"good"
"229";"Rider1";"25/2014";0;0;0;0;0;0;2;19802;125,79;2;11883;122,37;2;4042;118,88;3;1559;164,92;0;0;0;0,642857142857143;4,96749267252864;1,74820072956719;7,35855054495298;"good"
"230";"Rider4";"25/2014";2;12874;126,35;1;11718;117,51;2;11232;126,93;0;0;0;0;0;0;0;0;0;2;20711;118,92;0,5;7,53197442046363;1,60935291991193;9,64132734037556;"good"
"231";"Rider7";"9/2013";0;0;0;1;14869;111,81;1;15371;110,82;0;0;0;1;14576;108,02;0;0;0;0;0;0;0,214285714285714;5,97069011457501;1,08662788787012;7,27160371673085;"good"
"232";"Rider5";"9/2013";0;0;0;2;6991;128,54;2;10155;120,24;2;5398;128,1;1;5733;102,73;0;0;0;0;0;0;0,5;3,76725286437517;1,57616089914227;5,84341376351743;"good"
"234";"Rider1";"9/2013";0;0;0;0;0;0;0;0;0;3;15975;158,93;0;0;0;3;18949;146,28;2;17326;137,8;0,571428571428571;6,96109778843592;1,45588090308587;8,98840726295036;"good"
"237";"Rider5";"7/2013";0;0;0;0;0;0;2;8477;127,49;1;10088;117,47;0;0;0;0;0;0;2;15441;132,96;0,357142857142857;4,53050892619238;1,24197311774952;6,12962490108475;"good"
"239";"Rider1";"7/2013";0;0;0;0;0;0;0;0;0;0;0;0;0;0;0;2;16057;132,16;3;13969;164,52;0,357142857142857;4,00026645350386;0,974990962568602;5,33240027321532;"good"
"241";"Rider7";"23/2014";1;5081;102,49;0;0;0;1;5761;112,23;1;6695;112,06;2;5602;118,77;0;0;0;1;9137;113,32;0,428571428571429;4,30002664535039;1,83663610371685;6,56523417763866;"good"
"244";"Rider1";"23/2014";0;0;0;2;6036;135,54;2;13205;134,02;2;4896;119,33;3;1451;179,89;0;0;0;3;14688;154,71;0,857142857142857;5,36584066080469;2,37763317887541;8,60061669682296;"good"
"245";"Rider4";"23/2014";0;0;0;0;0;0;0;0;0;0;0;0;0;0;0;2;12265;131,53;2;17991;137,36;0,285714285714286;4,03090860644817;0,883663610371685;5,20028650253415;"good"
"246";"Rider7";"14/2013";3;4597;147,97;0;0;0;0;0;0;2;8677;120,39;0;0;0;2;9920;124,52;1;7709;105,8;0,571428571428571;4,11710631494804;1,63883137796181;6,32736626433843;"good"
"248";"Rider2";"14/2013";3;9784;148,93;0;0;0;0;0;0;2;6342;124,7;0;0;0;2;6734;129,86;2;8280;129,11;0,642857142857143;4,14868105515588;1,75030398632883;6,54184218434185;"good"
"249";"Rider4";"14/2013";0;0;0;0;0;0;0;0;0;2;13583;124,99;2;2768;124,43;1;4422;114,25;2;14533;123,25;0,5;4,7037037037037;1,60018403496664;6,80388773867035;"good"
"250";"Rider7";"16/2013";0;0;0;2;9385;123,09;1;8072;105,51;2;9009;124,19;0;0;0;1;9595;115,25;2;13206;122,14;0,571428571428571;6,5636823874234;1,9395313681028;9,07464232695476;"good"
"253";"Rider2";"16/2013";0;0;0;2;6350;118,11;0;0;0;1;7810;116,38;0;0;0;2;4918;124,62;2;8551;135,61;0,5;3,68092192912337;1,62581747674915;5,80673940587252;"good"
"254";"Rider1";"16/2013";1;14078;104,54;0;0;0;3;15751;144,54;0;0;0;2;7051;135,62;3;4170;142,12;3;12711;151,97;0,857142857142857;7,16240341060485;2,23073383942949;10,2502801071772;"good"
"255";"Rider4";"16/2013";0;0;0;0;0;0;1;9448;80,03;2;14599;140,73;1;10107;109,57;0;0;0;0;0;0;0,285714285714286;4,55022648547828;1,0855762594893;5,92151703068187;"good"
"256";"Rider7";"33/2013";2;172901;128,93;0;0;0;2;10174;137,45;0;0;0;0;0;0;2;8847;128,87;0;0;0;0,428571428571429;25,5691446842526;1,29892536724835;27,2966414800724;"good"
"261";"Rider4";"40/2013";0;0;0;2;4983;137,9;2;5936;119,52;0;0;0;2;3011;129,25;2;13845;123,24;0;0;0;0,571428571428571;3,70037303490541;1,67573696145125;5,94753856778523;"good"
"265";"Rider2";"28/2013";1;5794;85,14;1;9522;97,39;2;6811;122,24;2;6523;128,03;0;0;0;1;8636;110,5;1;11540;117,56;0,571428571428571;6,50492938982148;2,17180978671662;9,24816774796667;"good"
"266";"Rider4";"28/2013";2;14976;138,52;3;18574;145,4;2;17492;132,91;0;0;0;2;2467;120,46;0;0;0;0;0;0;0,642857142857143;7,12883026911804;1,76571691478524;9,53740432676042;"good"
"270";"Rider1";"11/2013";0;0;0;0;0;0;0;0;0;0;0;0;0;0;0;3;22266;160,33;2;9403;133,77;0,357142857142857;4,21915800692779;0,966512208748234;5,54281307281888;"good"
"271";"Rider4";"11/2013";1;8703;106,06;1;3377;113,83;0;0;0;0;0;0;1;6651;113,45;2;21812;134,2;2;11543;125,55;0,5;6,9392486011191;1,94909461369089;9,38834321480999;"good"
"272";"Rider7";"42/2014";0;0;0;0;0;0;1;9673;114,22;1;11560;104,26;1;4698;115,06;1;9776;112,92;0;0;0;0,285714285714286;4,75712763122835;1,4672187715666;6,51006068850923;"good"
"273";"Rider5";"42/2014";0;0;0;2;5449;124,87;2;5568;128,38;1;7933;114,51;2;5472;128,97;3;5474;149,98;0;0;0;0,714285714285714;3,98294697575273;2,12530809425219;6,82254078429064;"good"
"275";"Rider7";"1/2013";0;0;0;0;0;0;0;0;0;2;7065;125,62;2;4837;126,37;2;6671;129,46;2;8942;128,53;0,571428571428571;3,66573407940314;1,67596700515955;5,91312965599127;"good"
"283";"Rider2";"4/2014";2;5402;134,91;2;7051;137,02;0;0;0;2;3741;134,56;0;0;0;0;0;0;2;27301;137,16;0,571428571428571;5,79469757527311;1,78661802885405;8,15274417555574;"good"
"284";"Rider4";"4/2014";1;16789;114,26;2;12608;128,96;2;20069;127,54;1;5870;115,96;2;4603;120,1;0;0;0;0;0;0;0,571428571428571;7,98547828403944;1,99421604390549;10,5511228993735;"good"
"291";"Rider7";"20/2013";2;6662;123,79;1;7525;114,1;2;6881;125,03;0;0;0;0;0;0;1;5838;113,92;2;12606;131,55;0,571428571428571;5,2640554223288;1,99937559564889;7,83485958940626;"good"
"296";"Rider7";"36/2014";1;5493;111,34;0;0;0;1;9685;115,86;1;9286;117,72;1;6593;100,64;0;0;0;2;12240;121,67;0,428571428571429;5,76831867839062;1,8641098951658;8,06100000212785;"good"
"301";"Rider1";"36/2014";1;9334;109,05;0;0;0;2;9887;132,62;0;0;0;2;8340;128,7;2;1947;121,32;0;0;0;0,5;3,9312549960032;1,61585987051826;6,04711486652145;"good"
"302";"Rider4";"36/2014";2;3472;134,77;2;1446;121,55;2;11946;118,34;1;8071;109,62;1;12351;102,53;1;6110;95,48;2;17411;139,87;0,785714285714286;8,10111910471623;2,70189621742417;11,5887296078547;"good"
"310";"Rider2";"35/2013";0;0;0;0;0;0;1;5519;116,9;2;8068;121,79;0;0;0;0;0;0;2;14086;119,56;0,357142857142857;3,68678390620837;1,17733083571593;5,22125759906715;"good"
"311";"Rider1";"35/2013";0;0;0;1;18353;114,59;0;0;0;1;14464;78,64;0;0;0;0;0;0;3;16282;154,84;0,357142857142857;6,54130029309886;1,14387590785106;8,04231905809278;"good"
"312";"Rider4";"35/2013";0;0;0;2;9274;128,76;3;4046;147,78;2;7690;124,59;3;4955;142,82;2;46229;118,55;3;9492;167,25;1,07142857142857;10,8827604583;2,72683952808176;14,6810285578104;"good"
"313";"Rider7";"18/2014";0;0;0;0;0;0;2;13077;123,58;1;11297;112,9;1;9471;113,75;0;0;0;1;13741;111,66;0,357142857142857;6,33972821742606;1,51792697755431;8,21479805212322;"good"
"315";"Rider5";"18/2014";0;0;0;0;0;0;2;4667;130,72;2;8198;126,45;2;7345;126,59;0;0;0;1;5675;109,25;0,5;3,44857447375433;1,62019783758914;5,56877231134347;"good"
"316";"Rider2";"18/2014";1;12451;86,05;1;16578;96,8;0;0;0;0;0;0;1;9251;105,74;2;6121;134,69;2;3461;119,43;0,5;6,37649880095923;1,78352887048539;8,66002767144463;"good"
"317";"Rider1";"18/2014";3;11584;141,97;0;0;0;3;14290;144,39;0;0;0;2;14710;134,62;0;0;0;3;4528;157,13;0,785714285714286;6,01012523314682;1,89986526011371;8,69570477897481;"good"
"318";"Rider4";"18/2014";1;4635;92,89;0;0;0;1;8560;105,02;2;20971;118,65;2;13112;127,78;0;0;0;2;19516;125,79;0,571428571428571;8,89874766853184;1,87364027736699;11,3438165173274;"good"
"319";"Rider7";"32/2014";0;0;0;2;9491;118,63;1;8582;110,58;2;7566;118,87;1;6967;107,18;1;1121;66,89;0;0;0;0,5;4,49333866240341;1,71596174701765;6,70930040942106;"good"
"323";"Rider2";"32/2014";0;0;0;0;0;0;1;6760;109,03;1;22984;113;1;9899;103,21;1;2197;103,88;2;17338;136,02;0,428571428571429;7,88409272581934;1,85724144730356;10,1699056016943;"good"
"324";"Rider1";"32/2014";0;0;0;2;11191;131,48;2;12740;126,45;2;6529;129,87;3;7553;157,17;3;7238;153,97;1;576;82,52;0,928571428571429;6,10538236077804;2,56814223273851;9,60209602208798;"good"
"325";"Rider4";"32/2014";1;8490;98,46;2;12931;139,86;1;17688;107,81;2;18216;134,17;1;9330;98,53;1;11877;95,02;0;0;0;0,571428571428571;10,4625632827072;2,21449932630057;13,2484911804363;"good"
"327";"Rider5";"46/2013";0;0;0;3;4588;144,55;3;4783;142,69;0;0;0;0;0;0;3;3180;178,11;2;7139;132,66;0,785714285714286;2,6232347455369;1,96526340004601;5,3742124312972;"good"
"329";"Rider4";"46/2013";3;5996;141,94;2;8488;122,19;3;2642;148,15;1;8357;116,36;2;3916;137,01;1;15790;117,38;1;16195;110,5;0,928571428571429;8,17799094058087;2,93644220973414;12,0430045788864;"good"
"330";"Rider7";"32/2012";0;0;0;1;5836;111,8;2;9371;123,04;0;0;0;2;6699;119,77;1;1061;102,44;3;6645;152,69;0,642857142857143;3,9451105782041;2,00381215288048;6,59177987394172;"good"
"333";"Rider4";"32/2012";0;0;0;2;18166;123,53;2;14562;127;1;15329;109,12;2;17085;126,24;0;0;0;0;0;0;0,5;8,67865707434053;1,59679910611588;10,7754561804564;"good"
"334";"Rider7";"21/2014";1;3725;101,65;1;2036;103,79;1;6850;105,99;2;11312;119,73;2;6185;127,13;2;13550;118,13;1;9086;100,77;0,714285714285714;7,02691180389022;2,55410956653193;10,2953070847079;"good"
"337";"Rider5";"21/2014";0;0;0;3;7431;141,58;2;10506;140,65;2;9487;139,8;0;0;0;2;5782;136,38;0;0;0;0,642857142857143;4,42392752464695;1,83512438791942;6,90190905542351;"good"
"338";"Rider2";"21/2014";0;0;0;2;6862;126,26;1;14145;104,06;2;7247;126,15;0;0;0;1;9288;111,22;1;10283;111,42;0,5;6,37156941113776;1,90315159880377;8,77472100994153;"good"
"339";"Rider1";"21/2014";2;9632;133,66;3;12724;142,02;0;0;0;3;10135;141,23;2;3745;129,85;3;5769;161,5;0;0;0;0,928571428571429;5,59618971489475;2,32758224062572;8,8523433840919;"good"
"340";"Rider4";"21/2014";1;9322;93,37;1;2802;86,59;0;0;0;1;13041;111,97;2;25369;131,9;2;15487;130,87;1;19683;113,01;0,571428571428571;11,4180655475619;2,19432120674357;14,1838153257341;"good"
"344";"Rider4";"2/2014";2;15016;122,46;2;17381;123,92;2;6344;127,07;1;13959;108,58;1;13421;110,76;2;20567;136,83;2;18350;120,09;0,857142857142857;13,9938715694111;2,79243484833547;17,6434492748895;"good"
"348";"Rider4";"6/2014";0;0;0;0;0;0;2;8538;121,63;2;14691;129,91;2;16276;122,17;2;17901;133,46;1;10365;109;0,642857142857143;9,0289102051692;2,0249433106576;11,6967106586839;"good"
"352";"Rider4";"3/2014";2;16548;118,04;2;2397;135,61;1;12758;113,79;2;15824;132,24;2;4857;137,36;1;16319;109,84;0;0;0;0,714285714285714;9,15307753796962;2,45450064083605;12,3218638930914;"good"
"353";"Rider7";"36/2013";2;5798;121,34;2;5998;121,24;2;5466;124,94;0;0;0;1;5972;117,15;0;0;0;0;0;0;0,5;3,09539035438316;1,592789772914;5,18818012729716;"good"
"356";"Rider2";"36/2013";0;0;0;1;9107;83,94;2;8102;128,44;0;0;0;2;4708;120,58;3;9252;148,59;0;0;0;0,571428571428571;4,1525446309619;1,58253639620099;6,30650959859146;"good"
"357";"Rider4";"36/2013";2;7799;126,37;2;14975;136,36;2;15014;120,89;2;18627;132,08;2;12919;136,31;0;0;0;2;18365;128,47;0,857142857142857;11,6838529176659;2,56492162082224;15,105917395631;"good"
"360";"Rider5";"31/2013";0;0;0;0;0;0;2;6239;131,62;1;4948;106,74;1;4172;109,4;3;18541;142,01;0;0;0;0,5;4,51638689048761;1,60955010023333;6,62593699072094;"good"
"363";"Rider4";"31/2013";1;11073;84,88;2;12552;133,04;2;5776;126,15;1;2877;117,68;0;0;0;1;8773;101,59;0;0;0;0,5;5,46909139355183;1,85132603766144;7,82041743121327;"good"
"364";"Rider7";"38/2014";1;86743;104,4;1;9369;110,62;1;3964;98,85;0;0;0;0;0;0;0;0;0;0;0;0;0,214285714285714;13,3328004263256;1,03148312465083;14,5785692652621;"good"
"369";"Rider1";"38/2014";2;12489;132,12;2;6150;126,37;2;16106;141,06;2;12272;125,2;0;0;0;2;4657;131,88;0;0;0;0,714285714285714;6,88435917932321;2,15790857405764;9,75655346766656;"good"
"376";"Rider4";"30/2013";0;0;0;1;14646;116,53;2;7883;118,93;2;11145;131,77;1;5022;105,42;2;3513;120,02;0;0;0;0,571428571428571;5,62336797228883;1,94771435144106;8,14251089515847;"good"
"377";"Rider7";"29/2014";1;6035;106,04;0;0;0;1;10285;109,77;2;19040;121,43;1;4878;103,73;0;0;0;1;6990;108,96;0,428571428571429;6,29203304023448;1,80725623582766;8,52786070463357;"good"
"381";"Rider2";"29/2014";0;0;0;0;0;0;1;6146;115,5;1;6141;115,41;0;0;0;2;1703;122,12;2;19943;135,47;0,428571428571429;4,52078337330136;1,60537645009695;6,55473125196973;"good"
"382";"Rider1";"29/2014";2;7751;134,28;3;13100;141,37;0;0;0;3;8192;144,73;1;5917;106,48;3;16878;142,41;0;0;0;0,857142857142857;6,90620836664002;2,19944789510007;9,96279911888295;"good"
"383";"Rider4";"29/2014";1;5279;93,29;1;14608;95,44;3;11442;143,63;1;9615;117,52;0;0;0;2;9231;122,87;1;9006;111,26;0,642857142857143;7,88449240607514;2,24788852739163;10,7752380763239;"good"
"390";"Rider2";"24/2013";0;0;0;1;9186;94,54;1;6185;116,51;1;6895;114,32;0;0;0;2;16971;135,75;1;10156;110,42;0,428571428571429;6,5804689581668;1,87827401491998;8,88731440165821;"good"
"391";"Rider1";"24/2013";0;0;0;2;11823;124,93;0;0;0;1;3706;103,67;0;0;0;0;0;0;3;21673;152,44;0,428571428571429;4,95630162536637;1,25222649446252;6,63709954840032;"good"
"392";"Rider4";"24/2013";2;491881;122;0;0;0;0;0;0;0;0;0;0;0;0;0;0;0;0;0;0;0,142857142857143;65,5317079669598;0,400933320187979;66,0754984300049;"good"
"393";"Rider7";"22/2013";1;7928;114,2;2;7228;120,19;1;4238;114,2;0;0;0;0;0;0;2;5385;130,11;0;0;0;0,428571428571429;3,30122568611777;1,57317033093431;5,30296744562351;"good"
"395";"Rider5";"22/2013";0;0;0;2;6444;123,28;2;5995;130,27;0;0;0;0;0;0;2;10930;140,82;1;5581;98,1;0,5;3,85691446842526;1,61842321469651;5,97533768312177;"good"
"396";"Rider2";"22/2013";0;0;0;2;8025;128,94;1;9240;107,95;0;0;0;0;0;0;1;7151;109,6;3;9989;148,92;0,5;4,58366640021316;1,6280850504453;6,71175145065846;"good"
"402";"Rider7";"8/2013";2;21697;126,25;1;5732;115,23;2;16506;119,34;2;9305;121,06;1;7949;105,64;1;10727;114,88;2;18562;124,17;0,785714285714286;12,0540900612843;2,71638897104736;15,556193318046;"good"
"405";"Rider2";"8/2013";2;15473;136,43;1;6055;117,23;2;18984;127,08;1;10715;111,4;2;5262;122,3;2;6860;129,33;0;0;0;0,714285714285714;8,43978150812683;2,44428012750994;11,5983473499225;"good"
"406";"Rider4";"8/2013";2;13096;127,23;1;5800;97,36;2;8935;128,05;2;8998;120,1;0;0;0;1;3243;117,75;0;0;0;0,571428571428571;5,3386624034106;1,94055013309672;7,85064110793589;"good"
"411";"Rider1";"25/2013";0;0;0;0;0;0;0;0;0;2;12791;140,29;1;4311;109,17;3;25300;154,12;2;5972;134,53;0,571428571428571;6,44471089794831;1,76841171251109;8,78455118188797;"good"
"416";"Rider7";"31/2012";0;0;0;1;10873;101,71;1;8524;109,64;1;9136;108,55;0;0;0;2;6973;121,28;2;8357;119,49;0,5;5,84372501998401;1,84255151335897;8,18627653334298;"good"
"418";"Rider4";"31/2012";1;5490;83,75;2;12665;137,39;1;17022;114,37;1;16965;109,65;1;9853;104,17;2;15898;123,7;0;0;0;0,571428571428571;10,3774313882228;2,21180452857471;13,160664488226;"good"
"422";"Rider4";"33/2012";1;6548;81,77;2;16501;127,62;2;25333;127,85;0;0;0;0;0;0;1;8831;85,9;0;0;0;0,428571428571429;7,62230215827338;1,39058135331427;9,44145494015909;"good"
"426";"Rider4";"39/2013";2;8649;124,02;2;18658;124,61;1;9193;107,21;2;7501;122,35;0;0;0;0;0;0;0;0;0;0,5;5,8621103117506;1,57149429820237;7,93360460995297;"good"
"427";"Rider7";"13/2014";2;5097;118,58;1;8545;108,45;2;7712;118,83;0;0;0;2;9435;129,63;1;11478;108,24;1;7872;106,98;0,642857142857143;6,67985611510791;2,26990699661507;9,59262025458013;"good"
"430";"Rider2";"13/2014";0;0;0;1;5047;113,15;0;0;0;2;4675;128,55;0;0;0;2;10726;125,15;1;14394;117,08;0,428571428571429;4,64188649080735;1,59035788228335;6,66081580166213;"good"
"431";"Rider1";"13/2014";0;0;0;2;9119;135,65;2;14025;137,6;2;5885;138,96;2;4694;129,01;2;13209;140,31;2;14103;135,07;0,857142857142857;8,13149480415668;2,6836241743074;11,6722618356069;"good"
"432";"Rider4";"13/2014";2;10837;119,7;1;10970;114,17;2;16304;130,47;2;7147;140,77;1;15162;112,49;3;8686;144,37;1;8776;113,2;0,857142857142857;10,3759658939515;2,87610503138453;14,1092137824789;"good"
"440";"Rider4";"1/2015";0;0;0;0;0;0;0;0;0;0;0;0;2;14053;138,99;2;13545;133,65;2;16461;126,28;0,428571428571429;5,86983746336264;1,31098623024089;7,60939512217496;"good"
"444";"Rider4";"52/2013";2;11421;127,13;2;14917;139,05;2;14424;132,72;0;0;0;0;0;0;0;0;0;2;16192;119,45;0,571428571428571;7,58779642952305;1,7034736599954;9,86269866094702;"good"
"447";"Rider5";"3/2015";0;0;0;0;0;0;0;0;0;2;7444;127,19;2;5034;128,57;2;5967;126,19;2;9338;130,62;0,571428571428571;3,70143884892086;1,68447862236682;5,95734604271626;"good"
"448";"Rider1";"3/2015";0;0;0;3;11529;152,72;2;6660;125,41;3;7277;143,58;1;5838;117,74;2;11991;125,65;3;7028;154,36;1;6,70436983746336;2,69302310296099;10,3973929404244;"good"
"449";"Rider4";"3/2015";2;5899;121,54;2;10123;136,15;2;15027;136,19;2;5348;126,95;2;17564;139,49;2;19184;130,73;1;12036;115,49;0,928571428571429;11,3483879563016;2,97919747609189;15,2561568609649;"good"
"451";"Rider1";"6/2015";2;12734;134,43;0;0;0;0;0;0;0;0;0;3;1231;141,72;3;11529;150,62;3;10561;143,58;0,785714285714286;4,80349054090061;1,8743632718788;7,4635680984937;"good"
"456";"Rider1";"4/2015";0;0;0;2;6212;120,45;0;0;0;3;4390;148,76;3;5957;156,23;1;6114;117,29;1;11973;116,03;0,714285714285714;4,61577404742872;2,16490847546748;7,49496823718192;"good"
"457";"Rider4";"4/2015";0;0;0;2;7313;122,51;1;14243;116,97;2;7707;129,66;2;8264;120,57;2;8005;119,8;0;0;0;0,642857142857143;6,06608046895817;2,00305629498176;8,71199390679707;"good"
"460";"Rider2";"39/2012";0;0;0;0;0;0;1;10833;113,07;1;9051;112,7;3;8191;161,01;1;3117;102,9;3;13037;148,58;0,642857142857143;5,89248601119105;2,09753853232114;8,63288168636933;"good"
"463";"Rider4";"10/2012";1;8027;97,92;3;18672;144,82;1;9805;103,25;0;0;0;1;10492;112,24;2;27295;129,16;2;15215;134,81;0,714285714285714;11,9245936584066;2,37339380196523;15,0122731746576;"good"
"465";"Rider5";"30/2011";0;0;0;0;0;0;2;6056;118,91;2;4470;123,38;0;0;0;0;0;0;3;14666;153,23;0,5;3,3562483346656;1,29981267869467;5,15606101336027;"good"
"469";"Rider4";"2/2013";0;0;0;0;0;0;1;9917;114,8;2;12204;121,56;2;9822;130,37;2;15552;122,63;2;7996;133,33;0,642857142857143;7,39288569144684;2,04637023891682;10,0821130732208;"good"
"474";"Rider5";"1/2014";0;0;0;1;4988;109,32;2;5694;122,55;2;8563;127,6;2;3892;130,91;0;0;0;0;0;0;0,5;3,08246735944578;1,61155476683427;5,19402212628005;"good"
"476";"Rider4";"1/2014";0;0;0;0;0;0;2;12238;122,27;0;0;0;2;16997;121,94;2;13171;119,29;2;2933;129,65;0,571428571428571;6,04036770583533;1,62065792500575;8,23245420226965;"good"
"478";"Rider5";"37/2011";0;0;0;0;0;0;0;0;0;2;7550;127,47;0;0;0;2;78179;126,3;2;6225;129,86;0,428571428571429;12,2507327471356;1,26073811166979;13,9400422873768;"good"
"483";"Rider4";"34/2013";2;3611;139,6;2;2631;135,91;2;11021;119,83;3;9763;141,64;2;6869;122,8;3;3675;149,85;3;3125;146,65;1,21428571428571;5,42166266986411;3,14265996253574;9,77860834668556;"good"
"485";"Rider5";"27/2011";2;2397;118,25;0;0;0;2;1672;127,41;1;5433;109,6;2;3986;118,01;0;0;0;1;6851;107,72;0,571428571428571;2,70969890754063;1,9093299155411;5,1904573945103;"good"
"487";"Rider4";"11/2012";0;0;0;0;0;0;1;12658;117,24;3;14932;142,63;0;0;0;2;14858;121,83;3;16117;141,31;0,642857142857143;7,80242472688516;1,7187879982911;10,1640698680334;"good"
"489";"Rider4";"23/2012";0;0;0;0;0;0;1;1716;83,5;2;12003;132,52;0;0;0;0;0;0;3;14502;156,15;0,428571428571429;3,75979216626699;1,22307667028164;5,41144026512005;"good"
"494";"Rider4";"32/2011";0;0;0;2;7045;118,15;2;2267;139,27;1;5793;117,78;3;1977;183,95;2;17703;126,45;3;5890;159,88;0,928571428571429;5,41899813482547;2,77853363567649;9,12610319907339;"good"
"497";"Rider4";"31/2011";0;0;0;0;0;0;2;15429;130,41;2;5687;136,22;0;0;0;3;13023;168,98;3;6665;159;0,714285714285714;5,43618438582467;1,95408984849979;8,10455994861018;"good"
"500";"Rider4";"19/2012";0;0;0;2;14426;126,49;1;17011;114,91;2;14259;123,18;1;14094;116,09;1;14611;108,49;1;8736;116,32;0,571428571428571;11,076072475353;2,31844621906734;13,965947265849;"good"
"502";"Rider4";"27/2012";1;6101;87,36;3;16187;148,57;2;12131;120,89;0;0;0;1;2603;103,36;0;0;0;0;0;0;0,5;4,93232081001865;1,51230733839429;6,94462814841295;"good"
"506";"Rider4";"27/2013";2;7246;123,26;2;6334;136,09;0;0;0;2;9382;121,41;0;0;0;1;7017;114,78;0;0;0;0,5;3,99400479616307;1,62851227447501;6,12251707063808;"good"
"508";"Rider5";"50/2013";0;0;0;2;5534;126,69;2;7558;128,15;2;3993;126,17;0;0;0;2;11798;135,19;0;0;0;0,571428571428571;3,84798827604583;1,69640803181176;6,11582487928616;"good"
"509";"Rider4";"50/2013";2;9815;140,45;2;16327;122,12;2;8767;124,56;2;15017;122,19;2;8462;139,22;2;9709;131,73;2;7690;139,67;1;10,0968558486544;3,02323441453876;14,1200902631932;"good"
"511";"Rider4";"25/2012";2;8346;121,49;3;12461;141,18;2;11571;124,3;1;16333;113,72;0;0;0;0;0;0;2;13456;124,38;0,714285714285714;8,28230748734346;2,05419172499918;11,0507849266284;"good"
"515";"Rider5";"33/2011";0;0;0;2;1357;125,12;0;0;0;2;6557;126,06;2;6427;121,99;0;0;0;1;11277;107,7;0,5;3,41300293098854;1,58030168589175;5,49330461688029;"good"
"516";"Rider4";"33/2011";2;14886;122,25;2;7026;136,08;2;13530;122,49;0;0;0;2;11212;119,93;2;3171;126,82;2;6646;135,26;0,857142857142857;7,52344790834;2,50691774294259;10,8875085084254;"good"
"519";"Rider4";"39/2011";2;5157;139,85;3;4911;141,48;2;4150;135,64;3;7103;153,83;0;0;0;2;15715;133,9;2;9244;130,81;1;6,16573407940314;2,74576883893654;9,91150291833969;"good"
"522";"Rider2";"37/2013";0;0;0;1;4965;114,47;0;0;0;1;4592;113,75;0;0;0;2;19657;132,16;0;0;0;0,285714285714286;3,89208633093525;1,18433073712577;5,36213135377531;"good"
"523";"Rider4";"37/2013";0;0;0;1;8358;116,66;1;8110;116,08;2;9441;124,3;1;83055;112,83;1;8379;95,45;0;0;0;0,428571428571429;15,6332267519318;1,85783298826777;17,919631168771;"good"
"527";"Rider1";"52/2012";0;0;0;0;0;0;0;0;0;2;7792;138,76;0;0;0;2;21537;127,73;3;3992;145,91;0,5;4,4392486011191;1,35528607578297;6,29453467690207;"good"
"530";"Rider4";"9/2012";0;0;0;0;0;0;3;12171;146,51;3;12148;141,7;2;12998;133,42;2;17959;132,29;1;11241;111,49;0,785714285714286;8,86184385824673;2,18676262775642;11,8343207717174;"good"
"532";"Rider4";"28/2012";0;0;0;3;18001;141,57;2;7181;126,33;0;0;0;1;1604;114,81;0;0;0;3;1454;168,41;0,642857142857143;3,76232347455369;1,81116697886884;6,21634759627968;"good"
"535";"Rider4";"8/2012";0;0;0;2;10119;133,21;2;10399;140,65;2;18311;135,81;2;1736;130,66;2;14751;132,43;2;14464;140,26;0,857142857142857;9,29656274980016;2,67185908179697;12,82556468874;"good"
"538";"Rider4";"34/2011";0;0;0;3;12417;146,42;3;9739;142,95;2;7567;128,35;0;0;0;2;2859;131,02;3;13505;164,83;0,928571428571429;6,14002131628031;2,34503269906997;9,4136254439217;"good"
"540";"Rider4";"15/2012";1;4487;92,68;2;9614;134,43;3;10672;142,25;2;12378;125,74;1;9310;79,4;1;4756;108,75;3;9315;151,6;0,928571428571429;8,06448174793499;2,7435998554011;11,7366530319075;"good"
"542";"Rider4";"22/2012";0;0;0;2;14431;138,21;1;5940;112,28;1;3239;86,74;0;0;0;3;1730;152,78;0;0;0;0,5;3,37596589395151;1,61033882151895;5,48630471547045;"good"
"545";"Rider4";"16/2012";0;0;0;0;0;0;2;10415;135,52;0;0;0;0;0;0;3;6356;145,23;2;12334;133,06;0,5;3,87756461497469;1,35991981333596;5,73748442831065;"good"
"549";"Rider1";"51/2012";0;0;0;0;0;0;0;0;0;0;0;0;0;0;0;0;0;0;2;156069;120,56;0,142857142857143;20,7925659472422;0,396200992474284;21,3316240825736;"good"
"551";"Rider4";"47/2013";1;12752;115,62;2;3478;137,54;2;4353;134,75;1;8652;114,97;0;0;0;2;7070;140,23;0;0;0;0,571428571428571;4,83679722888356;2,11347727496796;7,52170307528009;"good"
"558";"Rider1";"5/2015";2;7345;138,53;3;7547;162,37;0;0;0;3;9144;152,32;0;0;0;2;11842;138,54;2;2996;141,15;0,857142857142857;5,17905675459632;2,40859048933583;8,44479010107501;"good"
"563";"Rider4";"4/2013";0;0;0;0;0;0;1;11627;108,97;2;13244;138,59;1;14653;108,36;2;15444;123,89;2;15441;121,49;0,571428571428571;9,38036237676525;1,97607545433632;11,9278664025301;"good"
"566";"Rider4";"20/2012";0;0;0;3;13151;147,73;0;0;0;1;1363;98,78;0;0;0;1;82774;75,93;1;10453;112,57;0,428571428571429;14,3539834798828;1,42959019356535;16,2121451020195;"good"
"571";"Rider2";"44/2012";1;5846;95,45;1;3807;112,99;2;8130;128,46;0;0;0;0;0;0;2;6001;130,02;2;9106;122,3;0,571428571428571;4,3818278710365;1,93637648296033;6,88963292542541;"good"
"575";"Rider4";"35/2011";1;8691;108,17;2;18230;125,16;2;7159;121,19;0;0;0;2;6965;118,64;3;3836;180,79;1;13683;114,83;0,785714285714286;7,80229150013323;2,52647145814848;11,114477243996;"good"
"577";"Rider4";"7/2012";0;0;0;3;2997;159,18;3;2965;162,07;0;0;0;2;9253;125,6;3;12626;144,31;2;9947;130,86;0,928571428571429;5,0343725019984;2,37280226100102;8,33574619157085;"good"
"579";"Rider4";"26/2012";1;2450;94,9;2;19874;136,84;0;0;0;2;13871;123,96;0;0;0;2;10845;131,84;0;0;0;0,5;6,2669864108713;1,60222156495448;8,36920797582579;"good"
"581";"Rider4";"24/2012";0;0;0;2;6094;130,38;2;12132;134,69;1;5886;108,63;1;4580;103,12;0;0;0;2;6619;118,46;0,571428571428571;4,70436983746336;1,95629169542213;7,23209010431406;"good"
"585";"Rider5";"36/2011";0;0;0;0;0;0;0;0;0;2;8426;119,67;0;0;0;2;8744;133,17;2;9295;132,21;0,428571428571429;3,52584598987477;1,26540471260968;5,21982213105588;"good"
"589";"Rider4";"35/2012";1;6904;76,38;1;19414;110,09;2;10925;131,48;2;6758;126,42;0;0;0;0;0;0;0;0;0;0,428571428571429;5,8621103117506;1,46035032370436;7,75103206402639;"good"
"594";"Rider4";"6/2013";1;14896;116,86;2;12114;120,25;0;0;0;2;9703;127,17;2;15864;137,57;2;20747;118,01;2;11974;139,37;0,785714285714286;11,3639754862776;2,49508692365835;14,6447766956503;"good"
"599";"Rider4";"40/2011";1;3721;116,89;3;5071;143,49;0;0;0;2;8916;118,59;0;0;0;2;7574;121,06;2;8165;127,49;0,714285714285714;4,45603517186251;2,06224325478984;7,23256414093806;"good"
"604";"Rider4";"3/2012";3;3349;143,37;3;7091;149,41;3;10915;143,37;2;7906;134,72;0;0;0;3;10860;151,4;2;6134;131,51;1,14285714285714;6,16240341060485;2,80581024680404;10,111070800266;"good"
"607";"Rider1";"2/2015";2;3738;131,66;3;7939;147,02;2;4166;133,12;2;1432;138,37;3;10464;146,02;2;11128;138,96;2;8173;134,55;1,14285714285714;6,2669864108713;3,18676262775642;10,5966061814849;"good"
"608";"Rider4";"2/2015";2;341359;135,03;0;0;0;0;0;0;0;0;0;0;0;0;3;15555;141,34;2;3442;128,8;0,5;48,0090594191314;1,3315258470538;49,8405852661852;"good"
"610";"Rider4";"4/2012";3;9662;142,69;3;4633;143,87;3;9490;143,9;1;3737;113,56;2;3598;136,94;3;16461;142,53;3;5062;149,47;1,28571428571429;7,01345590194511;3,19747609188603;11,4966462795454;"good"
"614";"Rider4";"48/2013";3;5896;151,11;3;7760;148,88;2;7760;129,03;3;8014;152,73;0;0;0;0;0;0;1;8309;116,06;0,857142857142857;5,02784439115374;2,29324000131454;8,17822724961114;"good"
"618";"Rider1";"47/2012";0;0;0;2;5101;138,28;2;6487;126,19;2;7385;135,41;2;5661;131,92;2;13747;121,05;2;15421;124,43;0,857142857142857;7,16786570743405;2,55440533701403;10,5794139015909;"good"
"620";"Rider4";"12/2012";0;0;0;2;12986;124,62;2;8905;141,03;1;12142;116,44;0;0;0;2;16516;133,19;2;18299;126,5;0,642857142857143;9,17239541699973;2,10910644451017;11,924359004367;"good"
"622";"Rider4";"14/2012";2;6756;118,97;2;3678;122,49;3;9786;144,49;0;0;0;0;0;0;2;4893;122,54;2;11287;126,85;0,785714285714286;4,84945377031708;2,08794242334615;7,72311047937751;"good"
"626";"Rider2";"37/2012";2;5077;121,08;2;9057;128,79;0;0;0;0;0;0;0;0;0;0;0;0;2;22961;118,95;0,428571428571429;4,94204636290967;1,21206743566992;6,58268522715102;"good"
"631";"Rider5";"5/2013";0;0;0;2;9209;136,39;2;8203;131,87;2;12399;132,33;2;4561;128,57;0;0;0;0;0;0;0,571428571428571;4,57926991739941;1,73899898123501;6,88969747006299;"good"
"633";"Rider1";"5/2013";0;0;0;0;0;0;0;0;0;2;15473;133,99;0;0;0;0;0;0;3;15454;151,6;0,357142857142857;4,1203037569944;0,938545466495777;5,41599208063304;"good"
"637";"Rider4";"45/2013";0;0;0;0;0;0;2;8352;119,89;2;26129;127,46;1;7546;110,43;0;0;0;1;6161;98,62;0,428571428571429;6,41993072208899;1,49988497814585;8,34838712880627;"good"
"640";"Rider2";"49/2013";0;0;0;0;0;0;0;0;0;0;0;0;0;0;0;2;3625059;135,33;0;0;0;0,142857142857143;482,954836131095;0,44474021492655;483,542433488879;"good"
"641";"Rider4";"49/2013";1;15937;116,42;2;12453;122,67;2;12216;133,99;2;6624;138,36;2;11362;129,99;2;1839;125,1;0;0;0;0,785714285714286;8,05102584598987;2,51907719609583;11,3558173278;"good"
"644";"Rider1";"45/2012";0;0;0;0;0;0;0;0;0;0;0;0;3;10478;152,55;2;18795;128,23;2;8759;130,77;0,5;5,06687982946976;1,35249268789641;6,91937251736617;"good"
"657";"Rider2";"38/2012";0;0;0;1;7861;98,56;2;2923;119,95;2;7569;129,33;1;2292;100,1;3;4107;156,44;0;0;0;0,642857142857143;3,29762856381561;1,98619737750173;5,92668308417448;"good"
"661";"Rider4";"18/2012";2;12324;125,84;1;15486;104,4;1;11625;111,42;0;0;0;3;4561;172,02;0;0;0;0;0;0;0,5;5,86144417799094;1,68812645831279;8,04957063630373;"good"
"663";"Rider4";"5/2012";0;0;0;3;3471;142,84;3;3159;145,5;3;3007;158,79;0;0;0;2;844;130,84;2;4568;134,31;0,928571428571429;2,00492938982148;2,34079332215978;5,27429414055269;"good"
"668";"Rider4";"51/2013";3;12218;151;2;9220;135,17;2;10436;130,92;2;11949;119,51;1;13234;115,81;0;0;0;2;16023;134,65;0,857142857142857;9,73621103117506;2,58654572940287;13,1798996177208;"good"
"675";"Rider5";"22/2009";0;0;0;2;5560;125,73;0;0;0;2;7003;128,51;2;7397;134,43;2;6530;121,5;3;1616;141,31;0,785714285714286;3,74447108979483;2,14098392980381;6,67116930531292;"good"
"676";"Rider5";"17/2009";0;0;0;0;0;0;1;27425;108,63;0;0;0;0;0;0;2;7468;134,69;0;0;0;0,214285714285714;4,64868105515588;0,799631930066713;5,6625986995083;"good"
"677";"Rider5";"24/2009";0;0;0;1;7496;115,12;2;4717;133,17;0;0;0;2;7645;118,56;0;0;0;3;5561;172,25;0,571428571428571;3,38649080735412;1,77166518781426;5,72958456659694;"good"
"679";"Rider5";"22/2011";1;23583;99,24;0;0;0;0;0;0;0;0;0;0;0;0;0;0;0;2;11509;129,13;0,214285714285714;4,6751931787903;0,750501166650235;5,63998005972625;"good"
"680";"Rider5";"46/2014";0;0;0;2;4506;129,18;0;0;0;0;0;0;2;5571;126,08;2;5613;126,78;3;5002;167,17;0,642857142857143;2,75672795097256;1,80489007197082;5,20447516580052;"good"
"682";"Rider5";"36/2009";0;0;0;2;6972;118,41;2;6170;125,52;0;0;0;1;4172;117,62;3;8929;163,66;0;0;0;0,571428571428571;3,49626965094591;1,72601794340925;5,79371616578373;"good"
"683";"Rider5";"33/2010";0;0;0;2;8851;131,24;0;0;0;2;5965;123,91;0;0;0;0;0;0;3;17065;155,98;0,5;4,24740207833733;1,35111242564659;6,09851450398392;"good"
"690";"Rider5";"23/2009";0;0;0;1;9887;105,11;0;0;0;0;0;0;0;0;0;2;4999;123,59;3;11305;162,95;0,428571428571429;3,48934185984546;1,28709454796411;5,205007836381;"good"
"691";"Rider5";"1/2011";0;0;0;0;0;0;0;0;0;2;14358;133,26;2;13811;124,89;0;0;0;3;23817;146,91;0,5;6,92592592592593;1,33116434979789;8,75709027572382;"good"
"693";"Rider5";"8/2009";2;8154;128,95;2;8574;136,27;0;0;0;2;5929;126,54;2;11093;127,43;0;0;0;0;0;0;0,571428571428571;4,49640287769784;1,70623418449505;6,77406563362147;"good"
"696";"Rider2";"50/2014";1;90667;105,74;1;82218;108,6;0;0;0;0;0;0;0;0;0;0;0;0;0;0;0;0,142857142857143;23,0329070077272;0,704393834828617;23,8801579854129;"good"
"700";"Rider5";"41/2009";0;0;0;0;0;0;0;0;0;0;0;0;1;439612;111;0;0;0;0;0;0;0,0714285714285714;58,5680788702372;0,364783594597259;59,004291036263;"good"
"717";"Rider5";"16/2011";0;0;0;2;85203;124,6;2;7847;135,04;0;0;0;0;0;0;2;5065;137,08;2;10823;129,96;0,571428571428571;14,5134559019451;1,73084886128364;16,8157333346573;"good"
"723";"Rider5";"34/2009";0;0;0;1;9596;113,06;0;0;0;2;5811;124,69;0;0;0;2;4620;125,19;3;27100;148,22;0,571428571428571;6,27857713828937;1,67984488481383;8,52985059453177;"good"
"725";"Rider5";"12/2011";0;0;0;2;6048;121,75;0;0;0;2;8639;120,95;0;0;0;1;24780;116,65;0;0;0;0,357142857142857;5,25806021849187;1,180945808275;6,79614888390973;"good"
"726";"Rider5";"9/2011";0;0;0;0;0;0;0;0;0;3;11920;142,35;2;6834;128,26;0;0;0;2;12017;120,79;0,5;4,09952038369305;1,2862729632916;5,88579334698464;"good"
"729";"Rider4";"41/2012";0;0;0;2;9375;125,21;2;3445;127,65;1;2444;114,86;2;9963;123,74;0;0;0;2;3158;130,17;0,642857142857143;3,7816413535838;2,04288671990535;6,4673852163463;"good"
"737";"Rider5";"14/2009";0;0;0;0;0;0;0;0;0;0;0;0;2;17360;124,93;2;28848;128,07;0;0;0;0,285714285714286;6,15614175326406;0,831443688586546;7,27329972756489;"good"
"741";"Rider5";"28/2010";0;0;0;0;0;0;0;0;0;0;0;0;0;0;0;1;175418;97;0;0;0;0,0714285714285714;23,3703703703704;0,318774852936344;23,7605737947353;"good"
"743";"Rider5";"47/2014";0;0;0;0;0;0;2;5199;133,42;0;0;0;2;3753;131,19;2;5771;129,2;2;8385;131,11;0,571428571428571;3,07860378363975;1,72506490518913;5,37509726025745;"good"
"744";"Rider1";"47/2014";0;0;0;0;0;0;3;4161;142,49;3;3473;151,92;3;12725;145,7;2;5627;130,96;0;0;0;0,785714285714286;3,46203037569944;1,87672943573565;6,12447409714937;"good"
"746";"Rider5";"2/2009";0;0;0;0;0;0;0;0;0;0;0;0;2;12930;134,98;3;17666;141,25;0;0;0;0,357142857142857;4,07620570210498;0,907785336356765;5,3411338956046;"good"
"749";"Rider1";"48/2014";0;0;0;3;5606;141,48;0;0;0;3;2335;143,45;2;11031;140,06;2;7157;138,68;0;0;0;0,714285714285714;3,48108180122569;1,85241052942916;6,04777804494056;"good"
"758";"Rider5";"2/2011";0;0;0;0;0;0;2;20324;137,31;2;10194;123,69;0;0;0;2;11294;123,37;0;0;0;0,428571428571429;5,57047695177192;1,26317000230044;7,26221838264378;"good"
"781";"Rider2";"44/2013";2;8184;126,08;0;0;0;0;0;0;1;12125;107,43;1;8235;114,73;0;0;0;2;5191;124,85;0,428571428571429;4,49440447641887;1,55473397088304;6,47770987587333;"good"
"785";"Rider4";"17/2012";0;0;0;0;0;0;2;13885;122,95;1;5494;88,69;1;13706;89,93;0;0;0;3;9111;156,92;0,5;5,62163602451372;1,50675342600808;7,62838945052181;"good"
