"Rider";"WeekOfYear";"mon_intensity";"mon_duration";"mon_hr";"tue_intensity";"tue_duration";"tue_hr";"wed_intensity";"wed_duration";"wed_hr";"thu_intensity";"thu_duration";"thu_hr";"fri_intensity";"fri_duration";"fri_hr";"sat_intensity";"sat_duration";"sat_hr";"sun_intensity";"sun_duration";"sun_hr"
"Rider7";"29/2013";0;0;0;0;0;0;0;0;0;0;0;0;0;0;0;0;0;0;2.0;6550.0;127.3
"Rider3";"29/2013";2.0;10705.0;126.79;2.0;79576.0;132.67;2.0;12835.0;131.84;0;0;0;0;0;0;2.0;14446.0;129.73;2.0;9025.0;138.03
"Rider5";"29/2013";0;0;0;0;0;0;2.0;17654.0;139.74;0;0;0;0;0;0;0;0;0;1.0;3818.0;111.8
"Rider2";"29/2013";0;0;0;1.0;7304.0;75.78;1.0;9166.0;103.95;1.0;4843.0;103.06;0;0;0;2.0;38041.0;122.05;0;0;0
"Rider1";"29/2013";0;0;0;0;0;0;0;0;0;0;0;0;0;0;0;0;0;0;3.0;16319.0;159.18
"Rider4";"29/2013";2.0;12038.0;124.58;2.0;15819.0;133.4;2.0;20762.0;119.15;1.0;9331.0;108.01;0;0;0;2.0;3892.0;118.97;0;0;0
"Rider7";"22/2014";1.0;4270.0;108.3;1.0;8503.0;116.95;0;0;0;0;0;0;1.0;2386.0;106.1;3.0;11258.0;144.14;1.0;3338.0;99.28
"Rider3";"22/2014";0;0;0;2.0;8903.0;123.61;2.0;5503.0;131.29;0;0;0;0;0;0;3.0;4876.0;145.35;2.0;6995.0;136.11
"Rider5";"22/2014";0;0;0;0;0;0;0;0;0;2.0;1729.0;138.1;3.0;1149.0;173.31;0;0;0;0;0;0
"Rider1";"22/2014";0;0;0;3.0;3683.0;148.45;2.0;4840.0;123.75;2.0;11757.0;136.92;2.0;4260.0;122.39;3.0;1701.0;172.54;3.0;8958.0;145.1
"Rider4";"22/2014";2.0;14996.0;128.42;2.0;8596.0;133.22;0;0;0;1.0;18345.0;110.57;1.0;8970.0;84.63;0;0;0;0;0;0
"Rider7";"21/2013";0;0;0;1.0;9784.0;117.68;1.0;8020.0;117.32;0;0;0;0;0;0;0;0;0;2.0;5950.0;118.79
"Rider3";"21/2013";2.0;6821.0;126.33;2.0;9823.0;123.87;0;0;0;2.0;5780.0;127.0;2.0;3886.0;127.78;2.0;6920.0;122.92;2.0;10133.0;127.58
"Rider5";"21/2013";0;0;0;0;0;0;0;0;0;2.0;5150.0;119.24;0;0;0;0;0;0;0;0;0
"Rider2";"21/2013";0;0;0;2.0;8032.0;123.71;1.0;7330.0;116.14;0;0;0;0;0;0;2.0;3668.0;124.27;2.0;9627.0;123.31
"Rider1";"21/2013";0;0;0;0;0;0;2.0;6196.0;129.35;0;0;0;0;0;0;0;0;0;2.0;13694.0;137.37
"Rider7";"30/2012";0;0;0;2.0;9885.0;118.13;1.0;8418.0;109.19;2.0;6756.0;120.85;0;0;0;3.0;12784.0;156.69;0;0;0
"Rider3";"30/2012";0;0;0;2.0;6279.0;132.76;1.0;9479.0;114.28;2.0;10322.0;128.01;0;0;0;0;0;0;3.0;12421.0;158.29
"Rider5";"30/2012";0;0;0;0;0;0;0;0;0;0;0;0;0;0;0;0;0;0;3.0;7199.0;162.52
"Rider4";"30/2012";1.0;5807.0;90.21;2.0;15496.0;124.24;2.0;8357.0;126.0;2.0;18580.0;127.95;1.0;4190.0;88.19;0;0;0;0;0;0
"Rider7";"7/2014";0;0;0;0;0;0;0;0;0;2.0;9492.0;129.14;2.0;8979.0;127.38;2.0;12881.0;127.74;1.0;9081.0;113.93
"Rider3";"7/2014";0;0;0;0;0;0;2.0;6582.0;123.01;2.0;8460.0;130.78;0;0;0;2.0;7385.0;130.19;2.0;10988.0;129.74
"Rider5";"7/2014";0;0;0;0;0;0;0;0;0;2.0;4696.0;125.53;0;0;0;2.0;11969.0;127.56;0;0;0
"Rider2";"7/2014";0;0;0;0;0;0;2.0;6736.0;128.2;0;0;0;0;0;0;2.0;4587.0;136.73;2.0;9699.0;131.36
"Rider4";"7/2014";2.0;9730.0;131.73;0;0;0;2.0;12369.0;133.06;1.0;10432.0;110.1;2.0;6662.0;123.59;1.0;9581.0;109.43;0;0;0
"Rider7";"19/2014";0;0;0;1.0;9027.0;114.66;2.0;8961.0;122.61;1.0;9260.0;116.8;1.0;8983.0;110.67;1.0;11326.0;115.7;1.0;3722.0;114.09
"Rider3";"19/2014";2.0;89001.0;132.47;2.0;5016.0;132.2;0;0;0;0;0;0;0;0;0;2.0;12099.0;135.75;2.0;9531.0;130.01
"Rider5";"19/2014";0;0;0;2.0;4489.0;134.61;0;0;0;0;0;0;3.0;4465.0;157.48;0;0;0;0;0;0
"Rider2";"19/2014";1.0;10038.0;117.32;0;0;0;1.0;5378.0;106.34;0;0;0;0;0;0;2.0;17551.0;125.08;1.0;6503.0;89.35
"Rider1";"19/2014";2.0;8479.0;133.61;2.0;4689.0;138.6;0;0;0;2.0;2020.0;131.21;0;0;0;2.0;3247.0;130.19;1.0;458.0;102.58
"Rider4";"19/2014";0;0;0;2.0;19906.0;139.44;2.0;8850.0;131.3;2.0;17898.0;121.09;1.0;9365.0;90.68;1.0;11470.0;91.12;2.0;20071.0;129.57
"Rider7";"31/2014";1.0;5847.0;107.78;1.0;10649.0;111.79;0;0;0;0;0;0;0;0;0;0;0;0;3.0;8636.0;153.0
"Rider6";"31/2014";3.0;5265.0;142.25;0;0;0;0;0;0;0;0;0;2.0;3655.0;134.24;2.0;23721.0;130.15;1.0;13252.0;116.25
"Rider5";"31/2014";0;0;0;1.0;2549.0;117.6;0;0;0;0;0;0;2.0;4929.0;120.13;2.0;3914.0;136.62;0;0;0
"Rider2";"31/2014";2.0;92072.0;118.01;0;0;0;0;0;0;0;0;0;2.0;3572.0;123.92;3.0;13168.0;148.34;2.0;12156.0;125.09
"Rider1";"31/2014";0;0;0;2.0;16219.0;141.11;2.0;7325.0;120.65;2.0;12282.0;134.48;0;0;0;2.0;12579.0;135.24;1.0;9781.0;98.5
"Rider4";"31/2014";1.0;9487.0;90.23;1.0;8772.0;111.86;2.0;11037.0;121.61;2.0;20276.0;123.26;1.0;8969.0;96.88;1.0;9725.0;104.84;1.0;5401.0;99.34
"Rider7";"35/2014";1.0;6341.0;106.0;1.0;8770.0;113.36;1.0;9401.0;109.34;2.0;9295.0;118.25;1.0;8315.0;106.02;1.0;8501.0;112.67;1.0;12173.0;116.78
"Rider6";"35/2014";0;0;0;0;0;0;2.0;6557.0;129.58;2.0;4044.0;140.27;0;0;0;3.0;5086.0;151.94;0;0;0
"Rider3";"35/2014";0;0;0;2.0;4635.0;136.68;0;0;0;2.0;8179.0;141.07;0;0;0;2.0;9350.0;123.7;1.0;6322.0;116.81
"Rider5";"35/2014";0;0;0;2.0;4510.0;132.94;2.0;6320.0;132.35;2.0;6049.0;131.15;0;0;0;0;0;0;3.0;4325.0;175.78
"Rider2";"35/2014";1.0;7597.0;109.1;0;0;0;1.0;8789.0;115.03;1.0;8516.0;109.22;0;0;0;2.0;14314.0;121.15;0;0;0
"Rider1";"35/2014";1.0;8008.0;102.23;2.0;11965.0;126.65;2.0;4919.0;125.96;3.0;1441.0;179.43;2.0;2922.0;131.52;1.0;4750.0;106.0;3.0;13352.0;155.81
"Rider4";"35/2014";1.0;7069.0;110.8;2.0;14871.0;126.55;3.0;9940.0;148.32;2.0;17931.0;118.44;1.0;1825.0;93.18;1.0;10356.0;86.12;2.0;23881.0;133.03
"Rider7";"8/2014";0;0;0;0;0;0;0;0;0;2.0;11890.0;123.84;2.0;8304.0;118.98;0;0;0;2.0;10739.0;123.65
"Rider3";"8/2014";0;0;0;0;0;0;2.0;8045.0;128.07;2.0;5230.0;133.03;0;0;0;2.0;6866.0;134.92;0;0;0
"Rider5";"8/2014";0;0;0;1.0;4322.0;112.06;1.0;6052.0;106.53;0;0;0;1.0;6642.0;117.66;0;0;0;2.0;8448.0;127.2
"Rider2";"8/2014";0;0;0;2.0;4290.0;123.23;0;0;0;0;0;0;2.0;7038.0;134.57;0;0;0;0;0;0
"Rider4";"8/2014";0;0;0;0;0;0;2.0;17238.0;121.45;2.0;12711.0;121.29;2.0;16080.0;126.2;0;0;0;2.0;12516.0;129.96
"Rider7";"26/2014";1.0;9177.0;103.11;1.0;8464.0;112.74;1.0;4706.0;108.32;1.0;10963.0;112.61;1.0;7273.0;97.65;1.0;12628.0;114.91;1.0;14058.0;116.85
"Rider3";"26/2014";0;0;0;0;0;0;0;0;0;2.0;8252.0;131.1;0;0;0;0;0;0;0;0;0
"Rider5";"26/2014";0;0;0;0;0;0;0;0;0;2.0;4009.0;136.93;0;0;0;2.0;4807.0;140.91;2.0;5984.0;132.55
"Rider2";"26/2014";0;0;0;0;0;0;2.0;9110.0;118.31;0;0;0;0;0;0;1.0;8975.0;116.5;1.0;8427.0;112.8
"Rider1";"26/2014";0;0;0;0;0;0;0;0;0;1.0;13662.0;115.28;1.0;6366.0;105.58;3.0;4570.0;165.32;3.0;16747.0;147.11
"Rider4";"26/2014";1.0;13740.0;92.2;1.0;7177.0;108.2;2.0;12667.0;119.48;2.0;19154.0;139.12;2.0;15306.0;118.95;1.0;13624.0;108.36;0;0;0
"Rider7";"11/2014";0;0;0;0;0;0;1.0;5967.0;114.98;2.0;4516.0;124.5;1.0;7279.0;115.9;1.0;5044.0;105.62;3.0;7340.0;148.48
"Rider3";"11/2014";2.0;7584.0;127.14;2.0;4644.0;131.62;2.0;9154.0;121.64;0;0;0;2.0;6962.0;127.84;2.0;10179.0;134.71;2.0;10560.0;130.32
"Rider5";"11/2014";0;0;0;0;0;0;0;0;0;2.0;4037.0;140.73;0;0;0;2.0;4522.0;118.58;0;0;0
"Rider2";"11/2014";0;0;0;2.0;7627.0;133.37;2.0;8043.0;128.98;2.0;6256.0;121.57;0;0;0;2.0;12565.0;125.25;1.0;5925.0;110.69
"Rider1";"11/2014";2.0;4283.0;124.44;2.0;9575.0;134.35;3.0;11621.0;142.13;0;0;0;2.0;10118.0;134.18;1.0;7966.0;87.71;3.0;11999.0;160.16
"Rider4";"11/2014";1.0;9748.0;108.46;3.0;10621.0;146.2;2.0;11899.0;140.79;3.0;16286.0;144.98;0;0;0;0;0;0;0;0;0
"Rider7";"38/2013";0;0;0;0;0;0;1.0;7714.0;110.51;1.0;7171.0;114.11;1.0;4401.0;115.34;0;0;0;0;0;0
"Rider3";"38/2013";0;0;0;2.0;5037.0;125.06;2.0;5173.0;139.33;0;0;0;1.0;1963.0;116.08;3.0;14698.0;160.37;0;0;0
"Rider5";"38/2013";0;0;0;0;0;0;1.0;4517.0;115.94;0;0;0;0;0;0;3.0;19295.0;154.13;0;0;0
"Rider2";"38/2013";0;0;0;1.0;4105.0;102.07;2.0;4804.0;118.41;0;0;0;2.0;3164.0;118.17;3.0;23786.0;143.95;0;0;0
"Rider1";"38/2013";0;0;0;0;0;0;0;0;0;0;0;0;3.0;6578.0;142.3;0;0;0;0;0;0
"Rider4";"38/2013";1.0;2.0;64.5;0;0;0;2.0;12478.0;133.9;2.0;5677.0;139.49;0;0;0;0;0;0;2.0;14246.0;118.25
"Rider7";"33/2014";2.0;7056.0;125.82;2.0;95007.0;119.38;0;0;0;0;0;0;1.0;8283.0;111.87;0;0;0;2.0;7707.0;120.73
"Rider6";"33/2014";0;0;0;0;0;0;0;0;0;1.0;3999.0;109.48;0;0;0;2.0;22338.0;134.45;0;0;0
"Rider3";"33/2014";3.0;10116.0;144.55;0;0;0;2.0;7895.0;140.87;2.0;5685.0;123.87;0;0;0;2.0;9720.0;139.39;3.0;9767.0;144.69
"Rider5";"33/2014";0;0;0;0;0;0;1.0;5503.0;114.09;0;0;0;0;0;0;2.0;4776.0;130.5;0;0;0
"Rider2";"33/2014";0;0;0;0;0;0;2.0;13534.0;119.75;0;0;0;0;0;0;2.0;11697.0;123.24;1.0;6605.0;105.9
"Rider1";"33/2014";1.0;11856.0;105.09;0;0;0;2.0;12618.0;131.44;2.0;15340.0;128.87;1.0;7940.0;101.44;3.0;9960.0;156.63;1.0;3249.0;116.41
"Rider4";"33/2014";1.0;11916.0;107.96;1.0;10945.0;111.16;1.0;9368.0;114.5;0;0;0;1.0;13465.0;113.66;3.0;5439.0;141.61;0;0;0
"Rider7";"17/2014";0;0;0;1.0;9342.0;114.14;1.0;9100.0;116.71;1.0;140.0;85.49;0;0;0;2.0;19939.0;120.56;1.0;12705.0;113.64
"Rider3";"17/2014";0;0;0;0;0;0;2.0;84821.0;125.32;2.0;89967.0;126.74;2.0;6403.0;133.69;2.0;13710.0;124.25;0;0;0
"Rider5";"17/2014";2.0;5122.0;127.44;0;0;0;0;0;0;2.0;8449.0;124.9;2.0;7197.0;121.62;0;0;0;2.0;14886.0;129.29
"Rider2";"17/2014";2.0;11893.0;130.24;0;0;0;1.0;6795.0;117.11;1.0;5218.0;104.28;0;0;0;1.0;12338.0;80.99;1.0;3421.0;100.27
"Rider1";"17/2014";2.0;7060.0;139.7;2.0;18804.0;139.06;0;0;0;2.0;11346.0;130.14;2.0;10951.0;129.3;0;0;0;2.0;8600.0;136.05
"Rider4";"17/2014";0;0;0;1.0;4549.0;106.17;2.0;15790.0;136.66;1.0;26755.0;109.96;0;0;0;1.0;4140.0;111.3;0;0;0
"Rider7";"34/2014";1.0;6999.0;115.51;1.0;7180.0;110.21;0;0;0;1.0;6142.0;113.7;1.0;8590.0;116.04;0;0;0;1.0;5260.0;111.31
"Rider6";"34/2014";0;0;0;0;0;0;0;0;0;0;0;0;0;0;0;3.0;3390.0;158.41;2.0;25827.0;119.7
"Rider3";"34/2014";2.0;11838.0;129.5;2.0;9182.0;126.86;0;0;0;2.0;7291.0;129.76;2.0;6698.0;138.9;0;0;0;0;0;0
"Rider5";"34/2014";0;0;0;0;0;0;2.0;4663.0;136.93;0;0;0;0;0;0;0;0;0;2.0;9025.0;140.43
"Rider2";"34/2014";1.0;5960.0;104.8;0;0;0;0;0;0;0;0;0;1.0;3593.0;106.67;2.0;5778.0;128.77;1.0;4869.0;113.31
"Rider1";"34/2014";1.0;5693.0;107.74;0;0;0;2.0;7597.0;126.51;2.0;4463.0;128.16;1.0;2992.0;109.23;1.0;6323.0;114.18;2.0;8994.0;140.17
"Rider4";"34/2014";2.0;12530.0;121.74;2.0;13452.0;130.64;1.0;11296.0;117.55;2.0;15008.0;128.58;1.0;3484.0;88.33;1.0;5652.0;115.38;0;0;0
"Rider7";"15/2013";0;0;0;2.0;9162.0;118.11;1.0;8229.0;117.61;2.0;8453.0;127.75;0;0;0;2.0;13407.0;122.26;1.0;11153.0;113.42
"Rider3";"15/2013";0;0;0;0;0;0;0;0;0;0;0;0;0;0;0;0;0;0;2.0;12715.0;123.95
"Rider5";"15/2013";0;0;0;0;0;0;2.0;7751.0;136.42;0;0;0;0;0;0;3.0;2164.0;170.99;0;0;0
"Rider2";"15/2013";0;0;0;0;0;0;0;0;0;0;0;0;0;0;0;3.0;8300.0;155.33;2.0;9582.0;141.09
"Rider1";"15/2013";0;0;0;0;0;0;0;0;0;2.0;6494.0;125.6;0;0;0;2.0;11945.0;138.62;2.0;26243.0;122.84
"Rider4";"15/2013";2.0;12345.0;139.96;1.0;3135.0;104.45;0;0;0;0;0;0;0;0;0;0;0;0;0;0;0
"Rider7";"24/2014";2.0;5138.0;120.3;0;0;0;2.0;6063.0;119.07;2.0;8910.0;133.62;1.0;11299.0;113.29;0;0;0;0;0;0
"Rider6";"24/2014";0;0;0;0;0;0;2.0;5439.0;119.17;0;0;0;0;0;0;0;0;0;2.0;11861.0;128.33
"Rider3";"24/2014";0;0;0;2.0;2575.0;125.58;1.0;6975.0;113.69;0;0;0;0;0;0;0;0;0;3.0;5763.0;151.76
"Rider5";"24/2014";0;0;0;2.0;3631.0;125.36;0;0;0;3.0;16372.0;151.22;3.0;4962.0;161.02;0;0;0;3.0;12106.0;142.58
"Rider2";"24/2014";0;0;0;0;0;0;2.0;6495.0;119.78;0;0;0;1.0;4061.0;112.69;2.0;8379.0;129.67;2.0;9419.0;139.3
"Rider1";"24/2014";0;0;0;2.0;9364.0;137.46;2.0;6654.0;124.84;2.0;8233.0;123.44;2.0;5807.0;132.43;3.0;1435.0;176.25;1.0;3168.0;105.47
"Rider4";"24/2014";2.0;14839.0;129.3;3.0;15206.0;144.69;2.0;12960.0;137.32;2.0;8789.0;123.57;0;0;0;0;0;0;1.0;37712.0;102.01
"Rider7";"18/2013";2.0;5711.0;121.08;0;0;0;2.0;8252.0;118.54;1.0;3784.0;92.57;1.0;11791.0;109.45;1.0;5807.0;91.32;2.0;17788.0;134.62
"Rider3";"18/2013";0;0;0;2.0;7839.0;129.76;2.0;15357.0;123.31;2.0;6395.0;129.01;2.0;86208.0;118.89;1.0;13675.0;64.19;2.0;4574.0;128.98
"Rider5";"18/2013";0;0;0;2.0;12359.0;140.75;1.0;6424.0;115.87;0;0;0;0;0;0;0;0;0;0;0;0
"Rider2";"18/2013";0;0;0;0;0;0;1.0;8217.0;109.16;2.0;10702.0;121.45;2.0;8195.0;119.05;2.0;11202.0;129.02;1.0;4161.0;104.36
"Rider1";"18/2013";3.0;6468.0;142.03;0;0;0;2.0;11824.0;140.2;0;0;0;0;0;0;0;0;0;0;0;0
"Rider4";"18/2013";1.0;13864.0;117.68;2.0;11302.0;137.81;2.0;16319.0;125.37;2.0;11964.0;128.16;1.0;18160.0;105.55;0;0;0;0;0;0
"Rider7";"14/2014";1.0;5009.0;108.1;1.0;9882.0;116.03;1.0;6185.0;106.15;0;0;0;1.0;4741.0;107.88;1.0;9985.0;114.32;3.0;4545.0;147.1
"Rider3";"14/2014";0;0;0;2.0;5666.0;130.94;2.0;8825.0;125.56;2.0;7418.0;136.11;0;0;0;2.0;7087.0;132.23;2.0;7296.0;130.74
"Rider5";"14/2014";0;0;0;0;0;0;2.0;3297.0;133.64;0;0;0;3.0;3684.0;153.84;0;0;0;0;0;0
"Rider2";"14/2014";0;0;0;0;0;0;2.0;9041.0;127.16;2.0;6999.0;121.28;0;0;0;2.0;8387.0;123.81;1.0;6696.0;105.01
"Rider1";"14/2014";0;0;0;1.0;6748.0;106.68;2.0;17039.0;139.29;2.0;13010.0;135.22;2.0;1983.0;131.19;1.0;2976.0;94.3;3.0;15215.0;147.97
"Rider4";"14/2014";1.0;17535.0;115.23;2.0;3257.0;134.08;2.0;10941.0;126.68;2.0;18223.0;130.12;3.0;4499.0;148.67;0;0;0;2.0;1488.0;119.32
"Rider7";"20/2014";0;0;0;1.0;6329.0;111.64;1.0;8470.0;116.14;1.0;11102.0;109.44;1.0;4988.0;110.57;2.0;9326.0;119.52;2.0;12717.0;118.13
"Rider6";"20/2014";0;0;0;0;0;0;2.0;6030.0;120.19;0;0;0;0;0;0;0;0;0;0;0;0
"Rider3";"20/2014";0;0;0;0;0;0;2.0;6320.0;131.31;0;0;0;0;0;0;0;0;0;2.0;3757.0;127.88
"Rider5";"20/2014";0;0;0;0;0;0;0;0;0;0;0;0;0;0;0;3.0;2630.0;166.46;0;0;0
"Rider2";"20/2014";0;0;0;0;0;0;2.0;6600.0;123.78;0;0;0;1.0;3355.0;117.08;3.0;5143.0;149.43;2.0;3682.0;120.7
"Rider1";"20/2014";0;0;0;2.0;11490.0;136.63;2.0;12168.0;133.08;2.0;10921.0;140.28;0;0;0;3.0;4929.0;144.06;3.0;4570.0;155.66
"Rider4";"20/2014";1.0;19548.0;112.08;1.0;6861.0;93.94;2.0;11628.0;120.83;0;0;0;0;0;0;0;0;0;2.0;19589.0;128.14
"Rider7";"40/2014";1.0;7683.0;116.19;2.0;9848.0;124.19;1.0;4663.0;111.19;0;0;0;1.0;101258.0;111.09;1.0;7508.0;105.59;1.0;13912.0;111.21
"Rider6";"40/2014";0;0;0;0;0;0;3.0;3498.0;142.46;0;0;0;0;0;0;2.0;4972.0;136.3;0;0;0
"Rider5";"40/2014";0;0;0;1.0;4874.0;112.53;1.0;4809.0;112.92;0;0;0;0;0;0;3.0;6374.0;158.2;0;0;0
"Rider1";"40/2014";1.0;7252.0;110.79;3.0;22408.0;155.64;2.0;4409.0;124.6;2.0;5083.0;129.29;2.0;7555.0;140.29;1.0;2675.0;97.36;2.0;18975.0;121.91
"Rider4";"40/2014";1.0;4915.0;109.93;2.0;11621.0;118.1;0;0;0;0;0;0;0;0;0;0;0;0;1.0;10014.0;103.39
"Rider7";"12/2013";0;0;0;1.0;7748.0;107.93;0;0;0;0;0;0;1.0;244.0;83.08;2.0;13464.0;126.88;0;0;0
"Rider3";"12/2013";0;0;0;2.0;10181.0;127.73;1.0;5886.0;107.45;1.0;6116.0;85.84;0;0;0;0;0;0;0;0;0
"Rider5";"12/2013";0;0;0;0;0;0;2.0;7323.0;130.98;2.0;7555.0;137.89;0;0;0;0;0;0;0;0;0
"Rider2";"12/2013";0;0;0;0;0;0;2.0;6826.0;124.57;0;0;0;0;0;0;0;0;0;0;0;0
"Rider1";"12/2013";0;0;0;0;0;0;3.0;11226.0;153.77;0;0;0;0;0;0;3.0;12054.0;151.27;0;0;0
"Rider4";"12/2013";0;0;0;1.0;9720.0;105.8;2.0;9528.0;137.02;0;0;0;0;0;0;0;0;0;0;0;0
"Rider7";"29/2012";0;0;0;0;0;0;0;0;0;0;0;0;1.0;957.0;74.24;0;0;0;2.0;8388.0;121.88
"Rider3";"29/2012";0;0;0;2.0;6813.0;140.25;2.0;4418.0;131.78;2.0;7877.0;136.44;0;0;0;2.0;3505.0;118.28;0;0;0
"Rider4";"29/2012";0;0;0;2.0;12839.0;128.48;1.0;2673.0;111.72;1.0;9860.0;116.57;1.0;8546.0;111.63;0;0;0;0;0;0
"Rider7";"17/2013";0;0;0;1.0;8259.0;115.14;0;0;0;1.0;11505.0;100.42;1.0;6917.0;109.0;2.0;8845.0;118.2;1.0;12808.0;117.56
"Rider3";"17/2013";0;0;0;1.0;11103.0;110.87;2.0;11321.0;127.79;2.0;7523.0;129.25;0;0;0;1.0;7680.0;110.34;3.0;5837.0;165.73
"Rider5";"17/2013";0;0;0;0;0;0;0;0;0;0;0;0;0;0;0;2.0;7429.0;130.55;3.0;12478.0;143.3
"Rider2";"17/2013";0;0;0;0;0;0;2.0;7268.0;125.53;1.0;11527.0;110.85;0;0;0;0;0;0;0;0;0
"Rider1";"17/2013";0;0;0;2.0;8209.0;123.0;3.0;15909.0;163.46;0;0;0;2.0;5814.0;121.21;1.0;8528.0;72.57;0;0;0
"Rider4";"17/2013";0;0;0;2.0;8530.0;137.4;2.0;10151.0;138.27;2.0;10413.0;122.66;0;0;0;3.0;5048.0;143.25;0;0;0
"Rider7";"15/2014";2.0;4850.0;118.28;1.0;9727.0;115.51;1.0;9047.0;115.19;1.0;8747.0;113.93;2.0;7471.0;119.38;1.0;13118.0;106.9;1.0;9867.0;104.54
"Rider3";"15/2014";2.0;8528.0;134.64;0;0;0;2.0;7203.0;129.9;0;0;0;2.0;2743.0;123.16;0;0;0;2.0;7989.0;137.03
"Rider5";"15/2014";0;0;0;0;0;0;0;0;0;0;0;0;3.0;3805.0;143.49;0;0;0;0;0;0
"Rider2";"15/2014";0;0;0;2.0;6311.0;123.22;0;0;0;1.0;6615.0;115.9;0;0;0;2.0;7994.0;138.52;1.0;7149.0;109.75
"Rider1";"15/2014";1.0;11710.0;114.04;2.0;13116.0;139.37;2.0;12431.0;127.92;2.0;7803.0;132.68;2.0;3469.0;126.96;3.0;3938.0;142.41;3.0;12141.0;150.07
"Rider4";"15/2014";1.0;14340.0;117.05;0;0;0;2.0;2340.0;127.99;0;0;0;1.0;27135.0;109.11;1.0;13415.0;97.76;0;0;0
"Rider7";"12/2014";1.0;5794.0;116.22;0;0;0;1.0;6850.0;109.92;1.0;13051.0;104.49;1.0;11494.0;102.16;1.0;10321.0;110.52;0;0;0
"Rider3";"12/2014";2.0;5161.0;127.69;0;0;0;2.0;6281.0;125.48;2.0;5716.0;135.81;0;0;0;2.0;10563.0;128.18;2.0;7388.0;137.9
"Rider5";"12/2014";0;0;0;2.0;5371.0;140.03;3.0;7112.0;145.82;2.0;4751.0;134.0;0;0;0;2.0;9860.0;137.9;0;0;0
"Rider2";"12/2014";0;0;0;2.0;7756.0;125.28;0;0;0;2.0;8781.0;130.32;0;0;0;2.0;6894.0;123.72;2.0;6501.0;123.57
"Rider1";"12/2014";0;0;0;2.0;9460.0;137.71;2.0;16463.0;138.26;2.0;5280.0;131.13;0;0;0;2.0;12948.0;137.69;2.0;12570.0;129.97
"Rider4";"12/2014";0;0;0;0;0;0;1.0;14444.0;112.94;2.0;20994.0;133.32;1.0;21605.0;111.99;2.0;21328.0;131.97;2.0;16511.0;123.39
"Rider7";"28/2014";1.0;6342.0;103.2;1.0;11065.0;111.73;1.0;2646.0;107.7;0;0;0;1.0;9060.0;115.56;1.0;11078.0;114.43;1.0;6700.0;105.58
"Rider6";"28/2014";0;0;0;0;0;0;0;0;0;0;0;0;0;0;0;0;0;0;2.0;6565.0;132.52
"Rider3";"28/2014";2.0;6350.0;133.37;0;0;0;0;0;0;0;0;0;2.0;5540.0;121.3;2.0;10006.0;120.6;2.0;12572.0;121.73
"Rider2";"28/2014";2.0;7765.0;122.36;0;0;0;0;0;0;0;0;0;0;0;0;1.0;12014.0;114.11;1.0;5374.0;87.78
"Rider1";"28/2014";0;0;0;0;0;0;2.0;8405.0;131.71;2.0;9354.0;125.15;2.0;13943.0;133.09;0;0;0;2.0;8775.0;136.89
"Rider4";"28/2014";1.0;8426.0;93.0;2.0;11947.0;131.31;1.0;12116.0;113.59;0;0;0;2.0;2952.0;120.82;0;0;0;0;0;0
"Rider7";"39/2014";1.0;6251.0;107.64;1.0;88971.0;114.18;1.0;8470.0;114.7;0;0;0;0;0;0;1.0;170707.0;116.48;0;0;0
"Rider6";"39/2014";0;0;0;0;0;0;0;0;0;2.0;4090.0;135.61;0;0;0;0;0;0;2.0;11552.0;136.18
"Rider3";"39/2014";0;0;0;2.0;4461.0;132.12;2.0;8799.0;136.7;0;0;0;0;0;0;0;0;0;0;0;0
"Rider5";"39/2014";3.0;4618.0;142.1;0;0;0;0;0;0;0;0;0;0;0;0;0;0;0;3.0;10423.0;159.63
"Rider2";"39/2014";0;0;0;1.0;7547.0;114.76;2.0;6499.0;122.57;0;0;0;3.0;8017.0;147.75;2.0;14312.0;137.04;3.0;15463.0;144.41
"Rider1";"39/2014";1.0;32086.0;110.63;2.0;7968.0;135.27;2.0;16476.0;136.51;0;0;0;1.0;16543.0;110.91;2.0;7413.0;124.74;2.0;30447.0;126.45
"Rider7";"27/2014";0;0;0;1.0;9769.0;115.06;1.0;5505.0;100.73;1.0;9577.0;112.29;1.0;21275.0;112.74;1.0;6526.0;104.41;1.0;9427.0;105.43
"Rider3";"27/2014";0;0;0;0;0;0;0;0;0;0;0;0;0;0;0;0;0;0;2.0;6866.0;134.58
"Rider5";"27/2014";0;0;0;2.0;5224.0;125.9;0;0;0;0;0;0;0;0;0;3.0;10171.0;163.6;0;0;0
"Rider2";"27/2014";0;0;0;0;0;0;1.0;6727.0;112.01;1.0;5514.0;97.22;0;0;0;1.0;12835.0;112.1;1.0;6229.0;91.66
"Rider1";"27/2014";1.0;4693.0;110.44;1.0;3858.0;114.72;2.0;7196.0;127.6;2.0;18819.0;132.05;0;0;0;2.0;7189.0;133.18;3.0;13081.0;156.91
"Rider4";"27/2014";1.0;10176.0;101.8;1.0;7553.0;108.31;2.0;9925.0;127.14;2.0;13571.0;132.29;1.0;5980.0;99.6;2.0;26628.0;121.32;1.0;16803.0;113.15
"Rider7";"23/2013";0;0;0;1.0;5757.0;111.76;1.0;5317.0;116.12;0;0;0;0;0;0;0;0;0;2.0;8193.0;124.51
"Rider3";"23/2013";0;0;0;1.0;86529.0;101.58;2.0;116242.0;135.23;2.0;6584.0;127.48;0;0;0;0;0;0;0;0;0
"Rider5";"23/2013";0;0;0;1.0;3710.0;95.24;0;0;0;0;0;0;0;0;0;2.0;5298.0;125.08;3.0;3241.0;152.02
"Rider2";"23/2013";0;0;0;1.0;5793.0;111.6;1.0;6096.0;114.69;0;0;0;1.0;2405.0;111.7;1.0;4509.0;113.78;3.0;7810.0;146.23
"Rider1";"23/2013";0;0;0;0;0;0;0;0;0;0;0;0;0;0;0;0;0;0;3.0;14408.0;143.15
"Rider7";"26/2013";0;0;0;2.0;10439.0;132.45;0;0;0;1.0;3484.0;105.32;0;0;0;0;0;0;1.0;1231.0;95.3
"Rider3";"26/2013";0;0;0;1.0;189570.0;91.59;0;0;0;2.0;8821.0;130.47;0;0;0;0;0;0;0;0;0
"Rider2";"26/2013";0;0;0;1.0;10063.0;113.0;0;0;0;0;0;0;2.0;8804.0;125.21;1.0;3736.0;106.35;0;0;0
"Rider1";"26/2013";0;0;0;0;0;0;3.0;14315.0;142.27;1.0;7872.0;108.61;0;0;0;0;0;0;0;0;0
"Rider4";"26/2013";0;0;0;2.0;15100.0;122.6;1.0;7014.0;117.08;0;0;0;0;0;0;0;0;0;0;0;0
"Rider7";"41/2014";0;0;0;1.0;7238.0;114.59;1.0;74044.0;106.93;1.0;7358.0;110.74;1.0;339058.0;115.18;0;0;0;0;0;0
"Rider6";"41/2014";0;0;0;2.0;7701.0;134.46;0;0;0;0;0;0;0;0;0;3.0;13569.0;143.82;0;0;0
"Rider5";"41/2014";0;0;0;0;0;0;0;0;0;0;0;0;0;0;0;0;0;0;2.0;10043.0;125.82
"Rider2";"41/2014";0;0;0;0;0;0;0;0;0;0;0;0;0;0;0;0;0;0;2.0;10305.0;118.76
"Rider1";"41/2014";0;0;0;3.0;8002.0;143.78;0;0;0;2.0;2378.0;134.58;2.0;17978.0;122.79;0;0;0;0;0;0
"Rider7";"16/2014";0;0;0;0;0;0;2.0;8496.0;127.81;1.0;9534.0;111.91;2.0;10281.0;123.5;1.0;6579.0;117.53;0;0;0
"Rider3";"16/2014";0;0;0;0;0;0;2.0;5377.0;121.64;2.0;4379.0;133.51;0;0;0;0;0;0;0;0;0
"Rider5";"16/2014";0;0;0;0;0;0;0;0;0;0;0;0;0;0;0;0;0;0;2.0;2898.0;138.14
"Rider2";"16/2014";1.0;5361.0;114.05;0;0;0;2.0;5368.0;123.49;1.0;4423.0;111.64;0;0;0;1.0;3426.0;113.23;1.0;2178.0;110.22
"Rider1";"16/2014";2.0;5629.0;118.67;0;0;0;0;0;0;3.0;10397.0;142.66;2.0;3787.0;120.52;2.0;17792.0;138.16;0;0;0
"Rider4";"16/2014";1.0;15593.0;102.91;2.0;19649.0;129.29;2.0;10777.0;126.53;2.0;9856.0;140.24;1.0;9802.0;97.53;2.0;15648.0;131.81;0;0;0
"Rider7";"9/2014";0;0;0;0;0;0;2.0;14239.0;124.25;2.0;16872.0;122.07;0;0;0;1.0;8345.0;115.03;2.0;9707.0;119.74
"Rider3";"9/2014";0;0;0;0;0;0;2.0;5511.0;127.13;2.0;5805.0;129.76;2.0;7196.0;119.65;0;0;0;2.0;14943.0;119.4
"Rider5";"9/2014";0;0;0;0;0;0;2.0;6908.0;134.52;0;0;0;0;0;0;2.0;5906.0;134.29;0;0;0
"Rider2";"9/2014";2.0;7328.0;137.01;2.0;7526.0;127.51;2.0;7640.0;122.26;0;0;0;0;0;0;2.0;9491.0;119.24;0;0;0
"Rider4";"9/2014";2.0;12639.0;137.75;0;0;0;2.0;9460.0;121.32;0;0;0;1.0;14074.0;107.35;1.0;11933.0;112.76;1.0;7900.0;111.7
"Rider7";"10/2014";0;0;0;0;0;0;0;0;0;2.0;10582.0;136.96;1.0;11828.0;115.65;1.0;9255.0;112.9;2.0;6297.0;120.9
"Rider3";"10/2014";0;0;0;0;0;0;2.0;6290.0;124.11;2.0;5325.0;132.06;0;0;0;2.0;11293.0;133.99;2.0;6749.0;137.4
"Rider5";"10/2014";0;0;0;0;0;0;0;0;0;2.0;5668.0;127.13;1.0;24182.0;110.37;0;0;0;2.0;12361.0;129.12
"Rider2";"10/2014";0;0;0;0;0;0;2.0;6034.0;123.18;2.0;6217.0;128.42;0;0;0;2.0;11906.0;131.63;1.0;4909.0;108.92
"Rider1";"10/2014";0;0;0;0;0;0;0;0;0;0;0;0;2.0;14851.0;134.42;1.0;30278.0;114.38;0;0;0
"Rider4";"10/2014";1.0;13601.0;103.53;2.0;6806.0;136.42;2.0;11774.0;122.45;3.0;23955.0;142.24;0;0;0;2.0;20092.0;131.94;2.0;15362.0;135.48
"Rider7";"37/2014";1.0;5318.0;112.92;1.0;8689.0;117.03;2.0;4235.0;120.63;0;0;0;1.0;5652.0;110.45;0;0;0;2.0;11686.0;122.39
"Rider6";"37/2014";0;0;0;0;0;0;0;0;0;0;0;0;2.0;5229.0;133.61;0;0;0;1.0;5294.0;101.33
"Rider3";"37/2014";0;0;0;3.0;5744.0;146.07;2.0;7131.0;138.1;0;0;0;0;0;0;2.0;5970.0;134.82;3.0;5573.0;142.36
"Rider5";"37/2014";0;0;0;2.0;6610.0;127.13;0;0;0;0;0;0;2.0;5824.0;132.37;0;0;0;0;0;0
"Rider2";"37/2014";1.0;3343.0;111.7;2.0;8027.0;126.39;0;0;0;0;0;0;1.0;4708.0;99.44;0;0;0;2.0;7471.0;130.72
"Rider1";"37/2014";1.0;2701.0;108.22;2.0;27179.0;126.87;0;0;0;2.0;4345.0;133.86;2.0;10725.0;125.74;2.0;4859.0;120.05;2.0;10431.0;139.61
"Rider4";"37/2014";1.0;12269.0;102.67;2.0;13827.0;129.48;1.0;11553.0;108.99;2.0;11738.0;122.54;1.0;5906.0;93.92;1.0;15281.0;115.09;0;0;0
"Rider7";"19/2013";0;0;0;0;0;0;1.0;3100.0;108.78;1.0;4807.0;104.5;0;0;0;0;0;0;2.0;8052.0;120.05
"Rider3";"19/2013";0;0;0;1.0;5204.0;64.05;0;0;0;0;0;0;0;0;0;0;0;0;0;0;0
"Rider2";"19/2013";0;0;0;2.0;4006.0;121.68;1.0;6169.0;112.11;1.0;3569.0;101.62;3.0;9752.0;154.68;2.0;85664.0;133.69;1.0;1134.0;102.18
"Rider7";"30/2014";0;0;0;1.0;10545.0;106.42;1.0;8387.0;113.07;1.0;5138.0;108.76;1.0;4884.0;104.71;2.0;5803.0;136.82;0;0;0
"Rider6";"30/2014";0;0;0;0;0;0;1.0;11989.0;117.54;0;0;0;2.0;3024.0;136.94;3.0;10780.0;155.27;0;0;0
"Rider3";"30/2014";2.0;5803.0;122.69;0;0;0;3.0;14954.0;151.63;2.0;16031.0;123.24;1.0;2049.0;116.61;2.0;1415.0;123.77;0;0;0
"Rider5";"30/2014";0;0;0;1.0;2549.0;117.6;1.0;7043.0;114.37;0;0;0;0;0;0;2.0;3865.0;135.31;3.0;8797.0;146.51
"Rider2";"30/2014";1.0;4902.0;115.67;0;0;0;0;0;0;2.0;7930.0;121.19;0;0;0;0;0;0;1.0;10316.0;84.91
"Rider1";"30/2014";2.0;7445.0;137.99;1.0;23789.0;114.62;2.0;17335.0;132.21;1.0;1088.0;112.25;1.0;5827.0;115.16;2.0;11066.0;138.7;2.0;13309.0;135.61
"Rider4";"30/2014";0;0;0;3.0;7982.0;143.51;3.0;14954.0;151.63;2.0;16031.0;123.24;0;0;0;0;0;0;0;0;0
"Rider7";"10/2013";2.0;68696.0;118.0;2.0;11153.0;122.82;0;0;0;0;0;0;2.0;9070.0;128.51;0;0;0;0;0;0
"Rider3";"10/2013";0;0;0;2.0;330022.0;130.13;0;0;0;0;0;0;0;0;0;0;0;0;0;0;0
"Rider5";"10/2013";0;0;0;2.0;10119.0;127.81;2.0;8812.0;122.45;0;0;0;0;0;0;0;0;0;0;0;0
"Rider2";"10/2013";0;0;0;0;0;0;0;0;0;0;0;0;0;0;0;2.0;14909.0;130.82;0;0;0
"Rider1";"10/2013";0;0;0;3.0;12291.0;147.29;0;0;0;0;0;0;0;0;0;3.0;26533.0;160.54;0;0;0
"Rider4";"10/2013";0;0;0;0;0;0;0;0;0;2.0;8757.0;135.66;2.0;12181.0;129.87;2.0;9623.0;136.4;1.0;746.0;107.57
"Rider7";"25/2014";1.0;9512.0;101.41;1.0;7426.0;110.71;1.0;9681.0;114.37;2.0;11425.0;122.42;2.0;10331.0;119.17;1.0;11486.0;116.16;1.0;12071.0;112.2
"Rider3";"25/2014";0;0;0;0;0;0;2.0;5600.0;125.6;0;0;0;1.0;2764.0;110.78;3.0;5715.0;164.27;0;0;0
"Rider5";"25/2014";0;0;0;0;0;0;2.0;5243.0;119.26;0;0;0;0;0;0;0;0;0;0;0;0
"Rider2";"25/2014";0;0;0;0;0;0;2.0;7273.0;120.86;0;0;0;1.0;6514.0;108.56;0;0;0;0;0;0
"Rider1";"25/2014";0;0;0;0;0;0;2.0;19802.0;125.79;2.0;11883.0;122.37;2.0;4042.0;118.88;3.0;1559.0;164.92;0;0;0
"Rider4";"25/2014";2.0;12874.0;126.35;1.0;11718.0;117.51;2.0;11232.0;126.93;0;0;0;0;0;0;0;0;0;2.0;20711.0;118.92
"Rider7";"9/2013";0;0;0;1.0;14869.0;111.81;1.0;15371.0;110.82;0;0;0;1.0;14576.0;108.02;0;0;0;0;0;0
"Rider5";"9/2013";0;0;0;2.0;6991.0;128.54;2.0;10155.0;120.24;2.0;5398.0;128.1;1.0;5733.0;102.73;0;0;0;0;0;0
"Rider2";"9/2013";0;0;0;2.0;3327.0;119.62;0;0;0;0;0;0;2.0;4823.0;127.37;0;0;0;0;0;0
"Rider1";"9/2013";0;0;0;0;0;0;0;0;0;3.0;15975.0;158.93;0;0;0;3.0;18949.0;146.28;2.0;17326.0;137.8
"Rider7";"7/2013";0;0;0;0;0;0;0;0;0;0;0;0;0;0;0;0;0;0;2.0;19266.0;133.7
"Rider3";"7/2013";0;0;0;0;0;0;0;0;0;0;0;0;0;0;0;0;0;0;1.0;19687.0;117.79
"Rider5";"7/2013";0;0;0;0;0;0;2.0;8477.0;127.49;1.0;10088.0;117.47;0;0;0;0;0;0;2.0;15441.0;132.96
"Rider2";"7/2013";0;0;0;0;0;0;0;0;0;0;0;0;0;0;0;0;0;0;2.0;14578.0;128.78
"Rider1";"7/2013";0;0;0;0;0;0;0;0;0;0;0;0;0;0;0;2.0;16057.0;132.16;3.0;13969.0;164.52
"Rider4";"7/2013";0;0;0;0;0;0;0;0;0;0;0;0;0;0;0;0;0;0;2.0;19399.0;120.92
"Rider7";"23/2014";1.0;5081.0;102.49;0;0;0;1.0;5761.0;112.23;1.0;6695.0;112.06;2.0;5602.0;118.77;0;0;0;1.0;9137.0;113.32
"Rider3";"23/2014";0;0;0;0;0;0;0;0;0;0;0;0;0;0;0;0;0;0;2.0;13432.0;132.01
"Rider5";"23/2014";0;0;0;0;0;0;2.0;9975.0;132.13;0;0;0;0;0;0;1.0;4666.0;102.86;1.0;3772.0;116.45
"Rider1";"23/2014";0;0;0;2.0;6036.0;135.54;2.0;13205.0;134.02;2.0;4896.0;119.33;3.0;1451.0;179.89;0;0;0;3.0;14688.0;154.71
"Rider4";"23/2014";0;0;0;0;0;0;0;0;0;0;0;0;0;0;0;2.0;12265.0;131.53;2.0;17991.0;137.36
"Rider7";"14/2013";3.0;4597.0;147.97;0;0;0;0;0;0;2.0;8677.0;120.39;0;0;0;2.0;9920.0;124.52;1.0;7709.0;105.8
"Rider5";"14/2013";0;0;0;0;0;0;0;0;0;2.0;6863.0;119.82;0;0;0;0;0;0;2.0;7103.0;130.58
"Rider2";"14/2013";3.0;9784.0;148.93;0;0;0;0;0;0;2.0;6342.0;124.7;0;0;0;2.0;6734.0;129.86;2.0;8280.0;129.11
"Rider4";"14/2013";0;0;0;0;0;0;0;0;0;2.0;13583.0;124.99;2.0;2768.0;124.43;1.0;4422.0;114.25;2.0;14533.0;123.25
"Rider7";"16/2013";0;0;0;2.0;9385.0;123.09;1.0;8072.0;105.51;2.0;9009.0;124.19;0;0;0;1.0;9595.0;115.25;2.0;13206.0;122.14
"Rider3";"16/2013";0;0;0;2.0;6704.0;123.64;2.0;12032.0;125.92;2.0;5143.0;134.76;0;0;0;0;0;0;0;0;0
"Rider5";"16/2013";0;0;0;0;0;0;0;0;0;1.0;5236.0;113.99;2.0;4900.0;129.58;0;0;0;3.0;2631.0;172.27
"Rider2";"16/2013";0;0;0;2.0;6350.0;118.11;0;0;0;1.0;7810.0;116.38;0;0;0;2.0;4918.0;124.62;2.0;8551.0;135.61
"Rider1";"16/2013";1.0;14078.0;104.54;0;0;0;3.0;15751.0;144.54;0;0;0;2.0;7051.0;135.62;3.0;4170.0;142.12;3.0;12711.0;151.97
"Rider4";"16/2013";0;0;0;0;0;0;1.0;9448.0;80.03;2.0;14599.0;140.73;1.0;10107.0;109.57;0;0;0;0;0;0
"Rider7";"33/2013";2.0;172901.0;128.93;0;0;0;2.0;10174.0;137.45;0;0;0;0;0;0;2.0;8847.0;128.87;0;0;0
"Rider3";"33/2013";2.0;4466.0;140.2;3.0;3883.0;145.83;0;0;0;2.0;9070.0;138.76;2.0;10277.0;130.14;2.0;10312.0;131.91;2.0;7155.0;133.71
"Rider5";"33/2013";0;0;0;0;0;0;0;0;0;0;0;0;0;0;0;2.0;2732.0;122.11;3.0;16283.0;162.28
"Rider7";"40/2013";0;0;0;0;0;0;0;0;0;0;0;0;0;0;0;1.0;9783.0;116.13;0;0;0
"Rider2";"40/2013";0;0;0;0;0;0;0;0;0;0;0;0;0;0;0;2.0;6479.0;139.76;0;0;0
"Rider4";"40/2013";0;0;0;2.0;4983.0;137.9;2.0;5936.0;119.52;0;0;0;2.0;3011.0;129.25;2.0;13845.0;123.24;0;0;0
"Rider7";"28/2013";0;0;0;0;0;0;0;0;0;0;0;0;0;0;0;2.0;7206.0;119.11;2.0;6867.0;125.02
"Rider3";"28/2013";0;0;0;2.0;9665.0;130.34;2.0;6978.0;133.62;2.0;9368.0;128.44;0;0;0;0;0;0;0;0;0
"Rider5";"28/2013";0;0;0;3.0;8322.0;144.36;2.0;4562.0;120.87;0;0;0;0;0;0;0;0;0;2.0;7346.0;130.16
"Rider2";"28/2013";1.0;5794.0;85.14;1.0;9522.0;97.39;2.0;6811.0;122.24;2.0;6523.0;128.03;0;0;0;1.0;8636.0;110.5;1.0;11540.0;117.56
"Rider4";"28/2013";2.0;14976.0;138.52;3.0;18574.0;145.4;2.0;17492.0;132.91;0;0;0;2.0;2467.0;120.46;0;0;0;0;0;0
"Rider7";"11/2013";2.0;5437.0;133.83;0;0;0;0;0;0;0;0;0;0;0;0;0;0;0;0;0;0
"Rider3";"11/2013";2.0;10710.0;128.08;2.0;4898.0;131.08;0;0;0;0;0;0;0;0;0;0;0;0;2.0;190645.0;124.9
"Rider5";"11/2013";0;0;0;0;0;0;0;0;0;0;0;0;0;0;0;0;0;0;3.0;3217.0;162.04
"Rider1";"11/2013";0;0;0;0;0;0;0;0;0;0;0;0;0;0;0;3.0;22266.0;160.33;2.0;9403.0;133.77
"Rider4";"11/2013";1.0;8703.0;106.06;1.0;3377.0;113.83;0;0;0;0;0;0;1.0;6651.0;113.45;2.0;21812.0;134.2;2.0;11543.0;125.55
"Rider7";"42/2014";0;0;0;0;0;0;1.0;9673.0;114.22;1.0;11560.0;104.26;1.0;4698.0;115.06;1.0;9776.0;112.92;0;0;0
"Rider5";"42/2014";0;0;0;2.0;5449.0;124.87;2.0;5568.0;128.38;1.0;7933.0;114.51;2.0;5472.0;128.97;3.0;5474.0;149.98;0;0;0
"Rider2";"42/2014";0;0;0;0;0;0;0;0;0;0;0;0;0;0;0;2.0;4438.0;128.89;0;0;0
"Rider7";"1/2013";0;0;0;0;0;0;0;0;0;2.0;7065.0;125.62;2.0;4837.0;126.37;2.0;6671.0;129.46;2.0;8942.0;128.53
"Rider3";"1/2013";2.0;7493.0;129.34;2.0;8588.0;136.19;0;0;0;0;0;0;2.0;7395.0;136.1;2.0;84577.0;134.82;2.0;12126.0;131.74
"Rider5";"1/2013";0;0;0;0;0;0;0;0;0;0;0;0;0;0;0;2.0;5038.0;130.3;2.0;13918.0;129.95
"Rider2";"1/2013";0;0;0;0;0;0;0;0;0;0;0;0;0;0;0;2.0;9665.0;137.12;0;0;0
"Rider4";"1/2013";3.0;9208.0;149.92;0;0;0;0;0;0;0;0;0;0;0;0;0;0;0;0;0;0
"Rider7";"4/2014";0;0;0;0;0;0;2.0;13102.0;125.49;2.0;10003.0;126.55;0;0;0;0;0;0;0;0;0
"Rider3";"4/2014";0;0;0;0;0;0;2.0;7369.0;125.82;2.0;3915.0;122.32;0;0;0;2.0;3359.0;135.83;2.0;3865.0;138.65
"Rider5";"4/2014";0;0;0;0;0;0;0;0;0;0;0;0;0;0;0;3.0;9512.0;141.32;0;0;0
"Rider2";"4/2014";2.0;5402.0;134.91;2.0;7051.0;137.02;0;0;0;2.0;3741.0;134.56;0;0;0;0;0;0;2.0;27301.0;137.16
"Rider4";"4/2014";1.0;16789.0;114.26;2.0;12608.0;128.96;2.0;20069.0;127.54;1.0;5870.0;115.96;2.0;4603.0;120.1;0;0;0;0;0;0
"Rider7";"41/2013";0;0;0;2.0;5328.0;118.87;0;0;0;1.0;4769.0;109.89;0;0;0;0;0;0;0;0;0
"Rider5";"41/2013";0;0;0;2.0;4807.0;121.13;2.0;7281.0;120.8;0;0;0;0;0;0;0;0;0;0;0;0
"Rider4";"41/2013";0;0;0;0;0;0;0;0;0;1.0;466.0;109.56;3.0;3135.0;147.42;0;0;0;0;0;0
"Rider7";"42/2013";0;0;0;1.0;5338.0;109.41;0;0;0;0;0;0;0;0;0;0;0;0;2.0;8553.0;120.44
"Rider5";"42/2013";0;0;0;2.0;7201.0;137.94;0;0;0;0;0;0;0;0;0;2.0;3973.0;126.13;0;0;0
"Rider4";"42/2013";0;0;0;3.0;2870.0;143.18;0;0;0;0;0;0;0;0;0;3.0;5173.0;149.56;2.0;11709.0;131.34
"Rider7";"20/2013";2.0;6662.0;123.79;1.0;7525.0;114.1;2.0;6881.0;125.03;0;0;0;0;0;0;1.0;5838.0;113.92;2.0;12606.0;131.55
"Rider3";"20/2013";0;0;0;0;0;0;0;0;0;2.0;4975.0;130.06;0;0;0;0;0;0;3.0;8698.0;147.76
"Rider2";"20/2013";0;0;0;0;0;0;0;0;0;0;0;0;0;0;0;2.0;6520.0;122.24;2.0;10454.0;123.21
"Rider1";"20/2013";0;0;0;0;0;0;0;0;0;0;0;0;0;0;0;0;0;0;3.0;13047.0;141.79
"Rider4";"20/2013";0;0;0;0;0;0;0;0;0;2.0;12055.0;135.62;0;0;0;0;0;0;0;0;0
"Rider7";"36/2014";1.0;5493.0;111.34;0;0;0;1.0;9685.0;115.86;1.0;9286.0;117.72;1.0;6593.0;100.64;0;0;0;2.0;12240.0;121.67
"Rider6";"36/2014";0;0;0;0;0;0;0;0;0;0;0;0;3.0;3220.0;145.72;0;0;0;1.0;5676.0;112.64
"Rider3";"36/2014";0;0;0;0;0;0;2.0;5979.0;132.24;2.0;7367.0;132.45;0;0;0;0;0;0;0;0;0
"Rider5";"36/2014";0;0;0;0;0;0;0;0;0;0;0;0;0;0;0;3.0;9543.0;162.43;1.0;4464.0;112.77
"Rider2";"36/2014";0;0;0;0;0;0;1.0;7241.0;114.37;1.0;6381.0;110.48;0;0;0;0;0;0;2.0;9052.0;127.83
"Rider1";"36/2014";1.0;9334.0;109.05;0;0;0;2.0;9887.0;132.62;0;0;0;2.0;8340.0;128.7;2.0;1947.0;121.32;0;0;0
"Rider4";"36/2014";2.0;3472.0;134.77;2.0;1446.0;121.55;2.0;11946.0;118.34;1.0;8071.0;109.62;1.0;12351.0;102.53;1.0;6110.0;95.48;2.0;17411.0;139.87
"Rider7";"43/2013";0;0;0;1.0;7292.0;113.28;0;0;0;0;0;0;0;0;0;0;0;0;0;0;0
"Rider5";"43/2013";0;0;0;0;0;0;0;0;0;0;0;0;3.0;4415.0;146.17;3.0;4318.0;151.14;3.0;13421.0;145.26
"Rider2";"43/2013";1.0;6422.0;117.9;0;0;0;0;0;0;0;0;0;0;0;0;1.0;8201.0;116.99;0;0;0
"Rider4";"43/2013";3.0;3837.0;150.64;0;0;0;2.0;4168.0;140.78;2.0;3022.0;122.97;0;0;0;0;0;0;0;0;0
"Rider7";"35/2013";0;0;0;1.0;4467.0;87.81;0;0;0;0;0;0;0;0;0;2.0;8832.0;125.97;2.0;2186.0;120.57
"Rider3";"35/2013";0;0;0;0;0;0;0;0;0;0;0;0;0;0;0;0;0;0;2.0;7844.0;134.58
"Rider5";"35/2013";0;0;0;0;0;0;0;0;0;0;0;0;0;0;0;2.0;4627.0;134.06;3.0;3873.0;175.42
"Rider2";"35/2013";0;0;0;0;0;0;1.0;5519.0;116.9;2.0;8068.0;121.79;0;0;0;0;0;0;2.0;14086.0;119.56
"Rider1";"35/2013";0;0;0;1.0;18353.0;114.59;0;0;0;1.0;14464.0;78.64;0;0;0;0;0;0;3.0;16282.0;154.84
"Rider4";"35/2013";0;0;0;2.0;9274.0;128.76;3.0;4046.0;147.78;2.0;7690.0;124.59;3.0;4955.0;142.82;2.0;46229.0;118.55;3.0;9492.0;167.25
"Rider7";"18/2014";0;0;0;0;0;0;2.0;13077.0;123.58;1.0;11297.0;112.9;1.0;9471.0;113.75;0;0;0;1.0;13741.0;111.66
"Rider3";"18/2014";0;0;0;2.0;5640.0;131.56;2.0;5286.0;128.79;2.0;13017.0;135.07;2.0;13947.0;119.59;0;0;0;2.0;7249.0;133.35
"Rider5";"18/2014";0;0;0;0;0;0;2.0;4667.0;130.72;2.0;8198.0;126.45;2.0;7345.0;126.59;0;0;0;1.0;5675.0;109.25
"Rider2";"18/2014";1.0;12451.0;86.05;1.0;16578.0;96.8;0;0;0;0;0;0;1.0;9251.0;105.74;2.0;6121.0;134.69;2.0;3461.0;119.43
"Rider1";"18/2014";3.0;11584.0;141.97;0;0;0;3.0;14290.0;144.39;0;0;0;2.0;14710.0;134.62;0;0;0;3.0;4528.0;157.13
"Rider4";"18/2014";1.0;4635.0;92.89;0;0;0;1.0;8560.0;105.02;2.0;20971.0;118.65;2.0;13112.0;127.78;0;0;0;2.0;19516.0;125.79
"Rider7";"32/2014";0;0;0;2.0;9491.0;118.63;1.0;8582.0;110.58;2.0;7566.0;118.87;1.0;6967.0;107.18;1.0;1121.0;66.89;0;0;0
"Rider6";"32/2014";0;0;0;0;0;0;3.0;2428.0;145.37;0;0;0;1.0;2603.0;116.53;0;0;0;0;0;0
"Rider3";"32/2014";0;0;0;0;0;0;0;0;0;0;0;0;0;0;0;2.0;12629.0;138.4;3.0;10563.0;160.48
"Rider5";"32/2014";0;0;0;1.0;6493.0;116.99;2.0;5580.0;129.53;0;0;0;2.0;5601.0;121.98;0;0;0;0;0;0
"Rider2";"32/2014";0;0;0;0;0;0;1.0;6760.0;109.03;1.0;22984.0;113.0;1.0;9899.0;103.21;1.0;2197.0;103.88;2.0;17338.0;136.02
"Rider1";"32/2014";0;0;0;2.0;11191.0;131.48;2.0;12740.0;126.45;2.0;6529.0;129.87;3.0;7553.0;157.17;3.0;7238.0;153.97;1.0;576.0;82.52
"Rider4";"32/2014";1.0;8490.0;98.46;2.0;12931.0;139.86;1.0;17688.0;107.81;2.0;18216.0;134.17;1.0;9330.0;98.53;1.0;11877.0;95.02;0;0;0
"Rider7";"46/2013";0;0;0;0;0;0;0;0;0;0;0;0;0;0;0;2.0;5906.0;136.26;2.0;6265.0;138.23
"Rider5";"46/2013";0;0;0;3.0;4588.0;144.55;3.0;4783.0;142.69;0;0;0;0;0;0;3.0;3180.0;178.11;2.0;7139.0;132.66
"Rider2";"46/2013";0;0;0;0;0;0;0;0;0;0;0;0;0;0;0;2.0;6530.0;127.96;0;0;0
"Rider4";"46/2013";3.0;5996.0;141.94;2.0;8488.0;122.19;3.0;2642.0;148.15;1.0;8357.0;116.36;2.0;3916.0;137.01;1.0;15790.0;117.38;1.0;16195.0;110.5
"Rider7";"32/2012";0;0;0;1.0;5836.0;111.8;2.0;9371.0;123.04;0;0;0;2.0;6699.0;119.77;1.0;1061.0;102.44;3.0;6645.0;152.69
"Rider3";"32/2012";0;0;0;2.0;8266.0;133.74;2.0;13517.0;125.12;2.0;7020.0;132.61;2.0;13141.0;130.44;2.0;7218.0;140.92;0;0;0
"Rider5";"32/2012";0;0;0;0;0;0;0;0;0;0;0;0;0;0;0;0;0;0;3.0;6491.0;168.14
"Rider4";"32/2012";0;0;0;2.0;18166.0;123.53;2.0;14562.0;127.0;1.0;15329.0;109.12;2.0;17085.0;126.24;0;0;0;0;0;0
"Rider7";"21/2014";1.0;3725.0;101.65;1.0;2036.0;103.79;1.0;6850.0;105.99;2.0;11312.0;119.73;2.0;6185.0;127.13;2.0;13550.0;118.13;1.0;9086.0;100.77
"Rider6";"21/2014";0;0;0;2.0;7234.0;132.62;0;0;0;0;0;0;0;0;0;0;0;0;0;0;0
"Rider3";"21/2014";2.0;9219.0;130.55;0;0;0;0;0;0;0;0;0;0;0;0;0;0;0;0;0;0
"Rider5";"21/2014";0;0;0;3.0;7431.0;141.58;2.0;10506.0;140.65;2.0;9487.0;139.8;0;0;0;2.0;5782.0;136.38;0;0;0
"Rider2";"21/2014";0;0;0;2.0;6862.0;126.26;1.0;14145.0;104.06;2.0;7247.0;126.15;0;0;0;1.0;9288.0;111.22;1.0;10283.0;111.42
"Rider1";"21/2014";2.0;9632.0;133.66;3.0;12724.0;142.02;0;0;0;3.0;10135.0;141.23;2.0;3745.0;129.85;3.0;5769.0;161.5;0;0;0
"Rider4";"21/2014";1.0;9322.0;93.37;1.0;2802.0;86.59;0;0;0;1.0;13041.0;111.97;2.0;25369.0;131.9;2.0;15487.0;130.87;1.0;19683.0;113.01
"Rider7";"2/2014";0;0;0;0;0;0;0;0;0;0;0;0;2.0;7190.0;123.35;2.0;8012.0;124.49;0;0;0
"Rider3";"2/2014";0;0;0;0;0;0;2.0;6667.0;122.43;2.0;6425.0;126.99;2.0;4977.0;118.11;2.0;6804.0;132.41;0;0;0
"Rider5";"2/2014";0;0;0;0;0;0;0;0;0;2.0;5000.0;130.98;2.0;4158.0;129.15;0;0;0;0;0;0
"Rider4";"2/2014";2.0;15016.0;122.46;2.0;17381.0;123.92;2.0;6344.0;127.07;1.0;13959.0;108.58;1.0;13421.0;110.76;2.0;20567.0;136.83;2.0;18350.0;120.09
"Rider7";"6/2014";0;0;0;0;0;0;0;0;0;0;0;0;2.0;9408.0;136.95;0;0;0;0;0;0
"Rider5";"6/2014";0;0;0;0;0;0;0;0;0;2.0;4568.0;137.24;2.0;5003.0;134.26;0;0;0;2.0;6107.0;134.32
"Rider2";"6/2014";0;0;0;0;0;0;2.0;4430.0;123.7;1.0;4786.0;112.5;1.0;5424.0;110.16;0;0;0;0;0;0
"Rider4";"6/2014";0;0;0;0;0;0;2.0;8538.0;121.63;2.0;14691.0;129.91;2.0;16276.0;122.17;2.0;17901.0;133.46;1.0;10365.0;109.0
"Rider7";"3/2014";0;0;0;0;0;0;0;0;0;2.0;9729.0;123.93;0;0;0;0;0;0;0;0;0
"Rider3";"3/2014";2.0;7144.0;127.98;0;0;0;1.0;6667.0;113.67;0;0;0;2.0;3056.0;127.03;2.0;9364.0;126.04;2.0;3842.0;132.77
"Rider5";"3/2014";0;0;0;3.0;3090.0;142.66;2.0;5589.0;131.74;0;0;0;0;0;0;2.0;3800.0;121.36;0;0;0
"Rider4";"3/2014";2.0;16548.0;118.04;2.0;2397.0;135.61;1.0;12758.0;113.79;2.0;15824.0;132.24;2.0;4857.0;137.36;1.0;16319.0;109.84;0;0;0
"Rider7";"36/2013";2.0;5798.0;121.34;2.0;5998.0;121.24;2.0;5466.0;124.94;0;0;0;1.0;5972.0;117.15;0;0;0;0;0;0
"Rider3";"36/2013";0;0;0;0;0;0;2.0;180428.0;131.47;0;0;0;0;0;0;0;0;0;0;0;0
"Rider5";"36/2013";0;0;0;0;0;0;1.0;5950.0;108.91;0;0;0;0;0;0;3.0;10084.0;165.13;0;0;0
"Rider2";"36/2013";0;0;0;1.0;9107.0;83.94;2.0;8102.0;128.44;0;0;0;2.0;4708.0;120.58;3.0;9252.0;148.59;0;0;0
"Rider4";"36/2013";2.0;7799.0;126.37;2.0;14975.0;136.36;2.0;15014.0;120.89;2.0;18627.0;132.08;2.0;12919.0;136.31;0;0;0;2.0;18365.0;128.47
"Rider7";"31/2013";0;0;0;2.0;3592.0;131.3;0;0;0;1.0;5194.0;114.95;0;0;0;0;0;0;2.0;6599.0;133.48
"Rider3";"31/2013";0;0;0;2.0;6158.0;132.34;2.0;14920.0;123.0;2.0;10862.0;139.25;0;0;0;2.0;2482.0;134.94;0;0;0
"Rider5";"31/2013";0;0;0;0;0;0;2.0;6239.0;131.62;1.0;4948.0;106.74;1.0;4172.0;109.4;3.0;18541.0;142.01;0;0;0
"Rider2";"31/2013";0;0;0;0;0;0;2.0;5266.0;127.67;2.0;4542.0;123.03;0;0;0;0;0;0;0;0;0
"Rider1";"31/2013";0;0;0;0;0;0;0;0;0;3.0;20268.0;184.08;0;0;0;3.0;2205.0;153.98;0;0;0
"Rider4";"31/2013";1.0;11073.0;84.88;2.0;12552.0;133.04;2.0;5776.0;126.15;1.0;2877.0;117.68;0;0;0;1.0;8773.0;101.59;0;0;0
"Rider7";"38/2014";1.0;86743.0;104.4;1.0;9369.0;110.62;1.0;3964.0;98.85;0;0;0;0;0;0;0;0;0;0;0;0
"Rider6";"38/2014";0;0;0;2.0;3797.0;132.9;0;0;0;0;0;0;0;0;0;0;0;0;1.0;3411.0;114.26
"Rider3";"38/2014";0;0;0;2.0;5199.0;138.91;1.0;7166.0;114.14;2.0;4265.0;133.09;0;0;0;0;0;0;3.0;5672.0;163.69
"Rider5";"38/2014";0;0;0;0;0;0;2.0;5155.0;132.06;0;0;0;0;0;0;0;0;0;2.0;8300.0;138.14
"Rider2";"38/2014";2.0;8133.0;125.71;0;0;0;1.0;6328.0;104.21;2.0;7007.0;123.44;0;0;0;0;0;0;0;0;0
"Rider1";"38/2014";2.0;12489.0;132.12;2.0;6150.0;126.37;2.0;16106.0;141.06;2.0;12272.0;125.2;0;0;0;2.0;4657.0;131.88;0;0;0
"Rider4";"38/2014";0;0;0;0;0;0;0;0;0;0;0;0;1.0;1382.0;99.81;0;0;0;0;0;0
"Rider7";"30/2013";0;0;0;2.0;6934.0;123.06;0;0;0;0;0;0;0;0;0;0;0;0;2.0;8057.0;137.58
"Rider3";"30/2013";1.0;10752.0;93.19;0;0;0;2.0;6792.0;129.69;2.0;10847.0;126.92;0;0;0;0;0;0;0;0;0
"Rider5";"30/2013";0;0;0;0;0;0;0;0;0;0;0;0;0;0;0;2.0;4821.0;132.97;0;0;0
"Rider2";"30/2013";0;0;0;0;0;0;0;0;0;1.0;6212.0;114.74;0;0;0;2.0;9991.0;136.63;1.0;9416.0;117.29
"Rider1";"30/2013";0;0;0;3.0;8131.0;173.0;2.0;15537.0;140.92;0;0;0;0;0;0;0;0;0;0;0;0
"Rider4";"30/2013";0;0;0;1.0;14646.0;116.53;2.0;7883.0;118.93;2.0;11145.0;131.77;1.0;5022.0;105.42;2.0;3513.0;120.02;0;0;0
"Rider7";"29/2014";1.0;6035.0;106.04;0;0;0;1.0;10285.0;109.77;2.0;19040.0;121.43;1.0;4878.0;103.73;0;0;0;1.0;6990.0;108.96
"Rider6";"29/2014";0;0;0;0;0;0;0;0;0;0;0;0;2.0;4690.0;138.96;0;0;0;2.0;4225.0;141.01
"Rider3";"29/2014";0;0;0;2.0;4446.0;119.46;2.0;5018.0;131.73;2.0;6482.0;124.95;0;0;0;3.0;5254.0;143.02;2.0;11051.0;132.56
"Rider5";"29/2014";0;0;0;0;0;0;0;0;0;2.0;6652.0;131.59;2.0;5463.0;132.62;0;0;0;2.0;10482.0;139.85
"Rider2";"29/2014";0;0;0;0;0;0;1.0;6146.0;115.5;1.0;6141.0;115.41;0;0;0;2.0;1703.0;122.12;2.0;19943.0;135.47
"Rider1";"29/2014";2.0;7751.0;134.28;3.0;13100.0;141.37;0;0;0;3.0;8192.0;144.73;1.0;5917.0;106.48;3.0;16878.0;142.41;0;0;0
"Rider4";"29/2014";1.0;5279.0;93.29;1.0;14608.0;95.44;3.0;11442.0;143.63;1.0;9615.0;117.52;0;0;0;2.0;9231.0;122.87;1.0;9006.0;111.26
"Rider7";"13/2013";0;0;0;0;0;0;0;0;0;2.0;6421.0;121.72;0;0;0;1.0;6078.0;110.94;0;0;0
"Rider5";"13/2013";0;0;0;0;0;0;0;0;0;0;0;0;0;0;0;2.0;2569.0;128.68;0;0;0
"Rider2";"13/2013";0;0;0;0;0;0;0;0;0;0;0;0;2.0;3645.0;120.63;2.0;6101.0;129.65;0;0;0
"Rider4";"13/2013";0;0;0;0;0;0;0;0;0;0;0;0;0;0;0;1.0;6880.0;103.15;0;0;0
"Rider7";"24/2013";2.0;6053.0;120.72;0;0;0;0;0;0;0;0;0;0;0;0;0;0;0;0;0;0
"Rider5";"24/2013";0;0;0;0;0;0;2.0;5531.0;133.71;0;0;0;3.0;1024.0;158.73;3.0;11133.0;147.78;0;0;0
"Rider2";"24/2013";0;0;0;1.0;9186.0;94.54;1.0;6185.0;116.51;1.0;6895.0;114.32;0;0;0;2.0;16971.0;135.75;1.0;10156.0;110.42
"Rider1";"24/2013";0;0;0;2.0;11823.0;124.93;0;0;0;1.0;3706.0;103.67;0;0;0;0;0;0;3.0;21673.0;152.44
"Rider4";"24/2013";2.0;491881.0;122.0;0;0;0;0;0;0;0;0;0;0;0;0;0;0;0;0;0;0
"Rider7";"22/2013";1.0;7928.0;114.2;2.0;7228.0;120.19;1.0;4238.0;114.2;0;0;0;0;0;0;2.0;5385.0;130.11;0;0;0
"Rider3";"22/2013";0;0;0;2.0;7135.0;135.61;2.0;5363.0;134.54;0;0;0;0;0;0;0;0;0;3.0;8080.0;151.17
"Rider5";"22/2013";0;0;0;2.0;6444.0;123.28;2.0;5995.0;130.27;0;0;0;0;0;0;2.0;10930.0;140.82;1.0;5581.0;98.1
"Rider2";"22/2013";0;0;0;2.0;8025.0;128.94;1.0;9240.0;107.95;0;0;0;0;0;0;1.0;7151.0;109.6;3.0;9989.0;148.92
"Rider1";"22/2013";0;0;0;3.0;4843.0;161.9;2.0;13172.0;131.75;0;0;0;0;0;0;0;0;0;0;0;0
"Rider7";"7/2015";0;0;0;0;0;0;2.0;9129.0;129.57;0;0;0;0;0;0;0;0;0;0;0;0
"Rider5";"7/2015";0;0;0;2.0;4733.0;123.72;0;0;0;0;0;0;0;0;0;0;0;0;0;0;0
"Rider1";"7/2015";0;0;0;2.0;9404.0;134.23;2.0;9698.0;132.35;0;0;0;0;0;0;0;0;0;0;0;0
"Rider4";"7/2015";0;0;0;2.0;12061.0;134.25;1.0;5250.0;113.55;0;0;0;0;0;0;0;0;0;0;0;0
"Rider7";"8/2013";2.0;21697.0;126.25;1.0;5732.0;115.23;2.0;16506.0;119.34;2.0;9305.0;121.06;1.0;7949.0;105.64;1.0;10727.0;114.88;2.0;18562.0;124.17
"Rider3";"8/2013";2.0;13046.0;122.44;0;0;0;2.0;15516.0;126.78;1.0;9844.0;116.62;0;0;0;0;0;0;0;0;0
"Rider5";"8/2013";0;0;0;0;0;0;2.0;5043.0;126.5;2.0;4620.0;122.45;0;0;0;0;0;0;0;0;0
"Rider2";"8/2013";2.0;15473.0;136.43;1.0;6055.0;117.23;2.0;18984.0;127.08;1.0;10715.0;111.4;2.0;5262.0;122.3;2.0;6860.0;129.33;0;0;0
"Rider4";"8/2013";2.0;13096.0;127.23;1.0;5800.0;97.36;2.0;8935.0;128.05;2.0;8998.0;120.1;0;0;0;1.0;3243.0;117.75;0;0;0
"Rider7";"25/2013";0;0;0;2.0;7526.0;122.65;0;0;0;0;0;0;0;0;0;2.0;4944.0;131.13;2.0;7280.0;125.14
"Rider3";"25/2013";0;0;0;0;0;0;0;0;0;0;0;0;0;0;0;0;0;0;2.0;8005.0;122.03
"Rider5";"25/2013";0;0;0;0;0;0;2.0;8123.0;134.28;0;0;0;2.0;5516.0;131.99;0;0;0;0;0;0
"Rider2";"25/2013";0;0;0;0;0;0;0;0;0;0;0;0;0;0;0;2.0;11956.0;124.42;2.0;15663.0;120.99
"Rider1";"25/2013";0;0;0;0;0;0;0;0;0;2.0;12791.0;140.29;1.0;4311.0;109.17;3.0;25300.0;154.12;2.0;5972.0;134.53
"Rider4";"25/2013";0;0;0;0;0;0;2.0;13748.0;136.99;2.0;15039.0;129.56;0;0;0;0;0;0;0;0;0
"Rider7";"43/2014";0;0;0;1.0;6595.0;109.54;0;0;0;0;0;0;2.0;9636.0;119.6;0;0;0;0;0;0
"Rider6";"43/2014";0;0;0;0;0;0;0;0;0;1.0;4938.0;94.83;2.0;9973.0;127.98;0;0;0;3.0;9505.0;159.07
"Rider2";"43/2014";1.0;5324.0;114.18;2.0;4292.0;122.29;0;0;0;0;0;0;1.0;5732.0;116.51;0;0;0;0;0;0
"Rider7";"31/2012";0;0;0;1.0;10873.0;101.71;1.0;8524.0;109.64;1.0;9136.0;108.55;0;0;0;2.0;6973.0;121.28;2.0;8357.0;119.49
"Rider3";"31/2012";0;0;0;2.0;6205.0;134.31;2.0;11637.0;127.85;2.0;7800.0;127.95;0;0;0;2.0;20277.0;121.02;3.0;8774.0;153.53
"Rider4";"31/2012";1.0;5490.0;83.75;2.0;12665.0;137.39;1.0;17022.0;114.37;1.0;16965.0;109.65;1.0;9853.0;104.17;2.0;15898.0;123.7;0;0;0
"Rider7";"33/2012";0;0;0;1.0;5326.0;94.39;1.0;7989.0;115.18;0;0;0;0;0;0;0;0;0;0;0;0
"Rider3";"33/2012";2.0;7500.0;139.53;0;0;0;2.0;18623.0;132.05;3.0;7538.0;143.26;0;0;0;2.0;3326.0;132.89;3.0;13114.0;155.14
"Rider5";"33/2012";0;0;0;0;0;0;0;0;0;0;0;0;0;0;0;0;0;0;3.0;14624.0;156.1
"Rider4";"33/2012";1.0;6548.0;81.77;2.0;16501.0;127.62;2.0;25333.0;127.85;0;0;0;0;0;0;1.0;8831.0;85.9;0;0;0
"Rider7";"39/2013";0;0;0;0;0;0;1.0;5205.0;115.26;0;0;0;0;0;0;0;0;0;0;0;0
"Rider5";"39/2013";0;0;0;2.0;5098.0;124.34;0;0;0;1.0;5237.0;111.87;0;0;0;0;0;0;0;0;0
"Rider2";"39/2013";0;0;0;1.0;5436.0;81.85;0;0;0;0;0;0;0;0;0;0;0;0;0;0;0
"Rider4";"39/2013";2.0;8649.0;124.02;2.0;18658.0;124.61;1.0;9193.0;107.21;2.0;7501.0;122.35;0;0;0;0;0;0;0;0;0
"Rider7";"13/2014";2.0;5097.0;118.58;1.0;8545.0;108.45;2.0;7712.0;118.83;0;0;0;2.0;9435.0;129.63;1.0;11478.0;108.24;1.0;7872.0;106.98
"Rider3";"13/2014";0;0;0;2.0;6262.0;124.03;2.0;4701.0;127.94;2.0;7047.0;132.69;0;0;0;2.0;19133.0;119.86;2.0;16687.0;126.34
"Rider5";"13/2014";0;0;0;0;0;0;0;0;0;2.0;4873.0;135.41;0;0;0;0;0;0;0;0;0
"Rider2";"13/2014";0;0;0;1.0;5047.0;113.15;0;0;0;2.0;4675.0;128.55;0;0;0;2.0;10726.0;125.15;1.0;14394.0;117.08
"Rider1";"13/2014";0;0;0;2.0;9119.0;135.65;2.0;14025.0;137.6;2.0;5885.0;138.96;2.0;4694.0;129.01;2.0;13209.0;140.31;2.0;14103.0;135.07
"Rider4";"13/2014";2.0;10837.0;119.7;1.0;10970.0;114.17;2.0;16304.0;130.47;2.0;7147.0;140.77;1.0;15162.0;112.49;3.0;8686.0;144.37;1.0;8776.0;113.2
"Rider6";"52/2014";0;0;0;0;0;0;0;0;0;0;0;0;0;0;0;3.0;4277.0;162.01;0;0;0
"Rider5";"52/2014";0;0;0;2.0;4243.0;132.69;0;0;0;0;0;0;0;0;0;2.0;5943.0;130.81;0;0;0
"Rider2";"52/2014";0;0;0;0;0;0;0;0;0;0;0;0;0;0;0;1.0;5856.0;117.65;0;0;0
"Rider6";"1/2015";0;0;0;0;0;0;0;0;0;0;0;0;0;0;0;0;0;0;1.0;8431.0;96.06
"Rider5";"1/2015";0;0;0;0;0;0;0;0;0;2.0;5420.0;132.01;0;0;0;2.0;7656.0;129.88;2.0;10994.0;129.83
"Rider2";"1/2015";0;0;0;0;0;0;0;0;0;0;0;0;1.0;9799.0;116.68;0;0;0;0;0;0
"Rider1";"1/2015";0;0;0;0;0;0;0;0;0;0;0;0;0;0;0;2.0;2612.0;120.86;3.0;1400.0;153.72
"Rider4";"1/2015";0;0;0;0;0;0;0;0;0;0;0;0;2.0;14053.0;138.99;2.0;13545.0;133.65;2.0;16461.0;126.28
"Rider6";"52/2013";0;0;0;0;0;0;0;0;0;0;0;0;0;0;0;3.0;3366.0;166.7;0;0;0
"Rider3";"52/2013";0;0;0;0;0;0;0;0;0;2.0;7725.0;140.0;2.0;10297.0;124.74;2.0;8660.0;132.19;0;0;0
"Rider5";"52/2013";0;0;0;2.0;9520.0;131.4;0;0;0;0;0;0;0;0;0;2.0;10402.0;134.86;0;0;0
"Rider4";"52/2013";2.0;11421.0;127.13;2.0;14917.0;139.05;2.0;14424.0;132.72;0;0;0;0;0;0;0;0;0;2.0;16192.0;119.45
"Rider6";"3/2015";0;0;0;0;0;0;0;0;0;0;0;0;0;0;0;0;0;0;2.0;2389.0;138.11
"Rider3";"3/2015";0;0;0;0;0;0;0;0;0;0;0;0;0;0;0;2.0;6865.0;136.32;0;0;0
"Rider5";"3/2015";0;0;0;0;0;0;0;0;0;2.0;7444.0;127.19;2.0;5034.0;128.57;2.0;5967.0;126.19;2.0;9338.0;130.62
"Rider1";"3/2015";0;0;0;3.0;11529.0;152.72;2.0;6660.0;125.41;3.0;7277.0;143.58;1.0;5838.0;117.74;2.0;11991.0;125.65;3.0;7028.0;154.36
"Rider4";"3/2015";2.0;5899.0;121.54;2.0;10123.0;136.15;2.0;15027.0;136.19;2.0;5348.0;126.95;2.0;17564.0;139.49;2.0;19184.0;130.73;1.0;12036.0;115.49
"Rider6";"6/2015";0;0;0;0;0;0;3.0;2240.0;144.54;0;0;0;0;0;0;0;0;0;0;0;0
"Rider1";"6/2015";2.0;12734.0;134.43;0;0;0;0;0;0;0;0;0;3.0;1231.0;141.72;3.0;11529.0;150.62;3.0;10561.0;143.58
"Rider6";"4/2015";0;0;0;0;0;0;0;0;0;0;0;0;0;0;0;2.0;7222.0;132.73;0;0;0
"Rider3";"4/2015";2.0;4061.0;137.04;0;0;0;0;0;0;2.0;4555.0;138.35;0;0;0;0;0;0;0;0;0
"Rider5";"4/2015";0;0;0;2.0;5968.0;123.44;0;0;0;0;0;0;2.0;7314.0;126.76;0;0;0;0;0;0
"Rider2";"4/2015";0;0;0;0;0;0;0;0;0;0;0;0;0;0;0;1.0;8031.0;113.67;0;0;0
"Rider1";"4/2015";0;0;0;2.0;6212.0;120.45;0;0;0;3.0;4390.0;148.76;3.0;5957.0;156.23;1.0;6114.0;117.29;1.0;11973.0;116.03
"Rider4";"4/2015";0;0;0;2.0;7313.0;122.51;1.0;14243.0;116.97;2.0;7707.0;129.66;2.0;8264.0;120.57;2.0;8005.0;119.8;0;0;0
"Rider3";"39/2012";2.0;6860.0;129.81;0;0;0;2.0;4417.0;129.72;2.0;9111.0;132.94;0;0;0;0;0;0;0;0;0
"Rider5";"39/2012";0;0;0;0;0;0;0;0;0;2.0;4667.0;130.01;0;0;0;0;0;0;0;0;0
"Rider2";"39/2012";0;0;0;0;0;0;1.0;10833.0;113.07;1.0;9051.0;112.7;3.0;8191.0;161.01;1.0;3117.0;102.9;3.0;13037.0;148.58
"Rider4";"39/2012";2.0;11292.0;124.04;1.0;8723.0;113.81;0;0;0;1.0;5275.0;82.93;0;0;0;0;0;0;0;0;0
"Rider3";"10/2012";0;0;0;2.0;7860.0;132.97;2.0;11163.0;131.38;2.0;8667.0;124.55;0;0;0;0;0;0;0;0;0
"Rider4";"10/2012";1.0;8027.0;97.92;3.0;18672.0;144.82;1.0;9805.0;103.25;0;0;0;1.0;10492.0;112.24;2.0;27295.0;129.16;2.0;15215.0;134.81
"Rider3";"30/2011";2.0;15349.0;122.53;2.0;7415.0;133.53;1.0;13340.0;114.94;0;0;0;2.0;15035.0;123.32;2.0;18562.0;121.89;2.0;15163.0;127.08
"Rider5";"30/2011";0;0;0;0;0;0;2.0;6056.0;118.91;2.0;4470.0;123.38;0;0;0;0;0;0;3.0;14666.0;153.23
"Rider3";"2/2013";0;0;0;2.0;6434.0;126.45;2.0;7085.0;130.93;1.0;3883.0;111.27;2.0;75750.0;135.17;2.0;15660.0;131.78;2.0;8109.0;133.64
"Rider5";"2/2013";0;0;0;0;0;0;0;0;0;0;0;0;0;0;0;2.0;10263.0;126.59;0;0;0
"Rider2";"2/2013";0;0;0;0;0;0;0;0;0;0;0;0;0;0;0;2.0;9368.0;129.33;0;0;0
"Rider4";"2/2013";0;0;0;0;0;0;1.0;9917.0;114.8;2.0;12204.0;121.56;2.0;9822.0;130.37;2.0;15552.0;122.63;2.0;7996.0;133.33
"Rider3";"36/2012";2.0;183103.0;133.81;0;0;0;0;0;0;0;0;0;2.0;7667.0;135.45;2.0;87610.0;130.93;2.0;106798.0;128.72
"Rider2";"36/2012";0;0;0;0;0;0;0;0;0;0;0;0;0;0;0;1.0;16367.0;84.64;1.0;77.0;82.04
"Rider4";"36/2012";2.0;7586.0;121.62;1.0;1005.0;76.41;0;0;0;2.0;3518.0;127.09;1.0;948.0;82.44;0;0;0;0;0;0
"Rider3";"1/2014";0;0;0;0;0;0;3.0;3459.0;156.1;2.0;7897.0;129.52;2.0;9721.0;123.3;2.0;11843.0;121.89;0;0;0
"Rider5";"1/2014";0;0;0;1.0;4988.0;109.32;2.0;5694.0;122.55;2.0;8563.0;127.6;2.0;3892.0;130.91;0;0;0;0;0;0
"Rider1";"1/2014";2.0;3373.0;120.09;2.0;7157.0;139.9;0;0;0;0;0;0;0;0;0;0;0;0;0;0;0
"Rider4";"1/2014";0;0;0;0;0;0;2.0;12238.0;122.27;0;0;0;2.0;16997.0;121.94;2.0;13171.0;119.29;2.0;2933.0;129.65
"Rider3";"37/2011";2.0;7024.0;136.32;2.0;13085.0;135.31;0;0;0;2.0;8617.0;130.09;0;0;0;0;0;0;0;0;0
"Rider5";"37/2011";0;0;0;0;0;0;0;0;0;2.0;7550.0;127.47;0;0;0;2.0;78179.0;126.3;2.0;6225.0;129.86
"Rider3";"34/2013";0;0;0;2.0;5455.0;131.68;2.0;8931.0;124.54;2.0;6557.0;132.42;0;0;0;0;0;0;0;0;0
"Rider5";"34/2013";0;0;0;0;0;0;0;0;0;0;0;0;3.0;8236.0;144.32;1.0;5913.0;117.06;0;0;0
"Rider2";"34/2013";0;0;0;1.0;36.0;81.73;2.0;6358.0;127.28;2.0;8022.0;119.21;0;0;0;2.0;2613.0;125.17;0;0;0
"Rider1";"34/2013";0;0;0;0;0;0;0;0;0;0;0;0;0;0;0;3.0;1160.0;176.6;0;0;0
"Rider4";"34/2013";2.0;3611.0;139.6;2.0;2631.0;135.91;2.0;11021.0;119.83;3.0;9763.0;141.64;2.0;6869.0;122.8;3.0;3675.0;149.85;3.0;3125.0;146.65
"Rider3";"27/2011";2.0;5629.0;134.08;0;0;0;2.0;34324.0;121.8;2.0;37798.0;135.36;2.0;6307.0;134.4;2.0;15723.0;126.78;2.0;9096.0;133.94
"Rider5";"27/2011";2.0;2397.0;118.25;0;0;0;2.0;1672.0;127.41;1.0;5433.0;109.6;2.0;3986.0;118.01;0;0;0;1.0;6851.0;107.72
"Rider3";"11/2012";0;0;0;0;0;0;2.0;7789.0;132.28;2.0;11620.0;123.41;2.0;7479.0;128.23;2.0;16843.0;122.46;1.0;10706.0;109.32
"Rider4";"11/2012";0;0;0;0;0;0;1.0;12658.0;117.24;3.0;14932.0;142.63;0;0;0;2.0;14858.0;121.83;3.0;16117.0;141.31
"Rider3";"23/2012";0;0;0;2.0;12163.0;134.67;2.0;13040.0;126.85;2.0;6839.0;132.52;0;0;0;2.0;5530.0;128.28;2.0;13917.0;129.66
"Rider4";"23/2012";0;0;0;0;0;0;1.0;1716.0;83.5;2.0;12003.0;132.52;0;0;0;0;0;0;3.0;14502.0;156.15
"Rider3";"28/2011";0;0;0;2.0;6502.0;128.08;2.0;11971.0;119.77;2.0;6200.0;130.23;0;0;0;2.0;3275.0;125.75;0;0;0
"Rider5";"28/2011";0;0;0;0;0;0;1.0;5449.0;114.32;0;0;0;0;0;0;2.0;6055.0;120.39;0;0;0
"Rider3";"32/2011";0;0;0;2.0;11963.0;123.26;2.0;8135.0;130.4;2.0;15780.0;126.1;2.0;5727.0;134.15;2.0;8780.0;137.45;0;0;0
"Rider5";"32/2011";0;0;0;1.0;5308.0;91.16;0;0;0;0;0;0;0;0;0;0;0;0;1.0;5654.0;105.17
"Rider4";"32/2011";0;0;0;2.0;7045.0;118.15;2.0;2267.0;139.27;1.0;5793.0;117.78;3.0;1977.0;183.95;2.0;17703.0;126.45;3.0;5890.0;159.88
"Rider3";"31/2011";0;0;0;2.0;11125.0;133.69;2.0;7341.0;136.22;0;0;0;2.0;7734.0;131.58;3.0;13183.0;165.77;1.0;18053.0;115.16
"Rider5";"31/2011";0;0;0;0;0;0;0;0;0;0;0;0;1.0;31910.0;107.55;0;0;0;0;0;0
"Rider4";"31/2011";0;0;0;0;0;0;2.0;15429.0;130.41;2.0;5687.0;136.22;0;0;0;3.0;13023.0;168.98;3.0;6665.0;159.0
"Rider3";"19/2012";1.0;72698.0;80.97;2.0;10256.0;135.58;0;0;0;2.0;6987.0;140.53;2.0;11352.0;134.68;2.0;8746.0;131.86;0;0;0
"Rider2";"19/2012";0;0;0;0;0;0;0;0;0;0;0;0;0;0;0;0;0;0;2.0;8454.0;129.01
"Rider4";"19/2012";0;0;0;2.0;14426.0;126.49;1.0;17011.0;114.91;2.0;14259.0;123.18;1.0;14094.0;116.09;1.0;14611.0;108.49;1.0;8736.0;116.32
"Rider3";"27/2012";0;0;0;2.0;9918.0;125.63;2.0;11261.0;124.28;0;0;0;0;0;0;3.0;22009.0;149.99;2.0;10272.0;129.44
"Rider4";"27/2012";1.0;6101.0;87.36;3.0;16187.0;148.57;2.0;12131.0;120.89;0;0;0;1.0;2603.0;103.36;0;0;0;0;0;0
"Rider3";"27/2013";0;0;0;3.0;4402.0;141.51;2.0;7084.0;128.3;0;0;0;0;0;0;0;0;0;0;0;0
"Rider5";"27/2013";2.0;4644.0;129.65;0;0;0;0;0;0;0;0;0;0;0;0;2.0;4897.0;121.34;0;0;0
"Rider2";"27/2013";0;0;0;0;0;0;0;0;0;0;0;0;0;0;0;1.0;9575.0;101.31;0;0;0
"Rider4";"27/2013";2.0;7246.0;123.26;2.0;6334.0;136.09;0;0;0;2.0;9382.0;121.41;0;0;0;1.0;7017.0;114.78;0;0;0
"Rider3";"50/2013";2.0;4273.0;128.88;0;0;0;0;0;0;2.0;7006.0;131.72;0;0;0;0;0;0;2.0;7131.0;129.07
"Rider5";"50/2013";0;0;0;2.0;5534.0;126.69;2.0;7558.0;128.15;2.0;3993.0;126.17;0;0;0;2.0;11798.0;135.19;0;0;0
"Rider4";"50/2013";2.0;9815.0;140.45;2.0;16327.0;122.12;2.0;8767.0;124.56;2.0;15017.0;122.19;2.0;8462.0;139.22;2.0;9709.0;131.73;2.0;7690.0;139.67
"Rider3";"25/2012";1.0;10907.0;112.0;2.0;10693.0;125.39;0;0;0;0;0;0;0;0;0;0;0;0;2.0;12756.0;137.55
"Rider4";"25/2012";2.0;8346.0;121.49;3.0;12461.0;141.18;2.0;11571.0;124.3;1.0;16333.0;113.72;0;0;0;0;0;0;2.0;13456.0;124.38
"Rider3";"13/2012";0;0;0;1.0;14871.0;116.87;2.0;85962.0;132.52;2.0;12650.0;127.89;0;0;0;2.0;11974.0;129.27;2.0;11285.0;128.45
"Rider4";"13/2012";0;0;0;3.0;8084.0;157.55;0;0;0;2.0;9383.0;134.87;0;0;0;0;0;0;0;0;0
"Rider3";"33/2011";2.0;13117.0;122.07;2.0;13283.0;123.85;0;0;0;3.0;5730.0;147.01;0;0;0;2.0;3088.0;135.08;3.0;13712.0;158.9
"Rider5";"33/2011";0;0;0;2.0;1357.0;125.12;0;0;0;2.0;6557.0;126.06;2.0;6427.0;121.99;0;0;0;1.0;11277.0;107.7
"Rider4";"33/2011";2.0;14886.0;122.25;2.0;7026.0;136.08;2.0;13530.0;122.49;0;0;0;2.0;11212.0;119.93;2.0;3171.0;126.82;2.0;6646.0;135.26
"Rider3";"39/2011";1.0;7398.0;112.49;0;0;0;2.0;7644.0;130.08;0;0;0;2.0;5252.0;131.09;2.0;9666.0;134.01;2.0;9773.0;126.03
"Rider1";"39/2011";0;0;0;0;0;0;0;0;0;0;0;0;0;0;0;2.0;18790.0;136.08;0;0;0
"Rider4";"39/2011";2.0;5157.0;139.85;3.0;4911.0;141.48;2.0;4150.0;135.64;3.0;7103.0;153.83;0;0;0;2.0;15715.0;133.9;2.0;9244.0;130.81
"Rider3";"37/2013";0;0;0;2.0;6966.0;129.75;0;0;0;2.0;3193.0;140.85;0;0;0;2.0;4908.0;130.77;3.0;12238.0;157.68
"Rider5";"37/2013";0;0;0;0;0;0;0;0;0;2.0;5865.0;126.52;1.0;4478.0;116.48;0;0;0;0;0;0
"Rider2";"37/2013";0;0;0;1.0;4965.0;114.47;0;0;0;1.0;4592.0;113.75;0;0;0;2.0;19657.0;132.16;0;0;0
"Rider4";"37/2013";0;0;0;1.0;8358.0;116.66;1.0;8110.0;116.08;2.0;9441.0;124.3;1.0;83055.0;112.83;1.0;8379.0;95.45;0;0;0
"Rider3";"52/2012";2.0;4253.0;139.71;2.0;10754.0;132.32;0;0;0;2.0;9079.0;137.93;3.0;6728.0;143.71;2.0;12811.0;123.78;0;0;0
"Rider5";"52/2012";0;0;0;0;0;0;0;0;0;2.0;9514.0;132.09;2.0;5647.0;132.11;0;0;0;0;0;0
"Rider2";"52/2012";2.0;11610.0;127.35;2.0;5096.0;124.15;0;0;0;0;0;0;0;0;0;0;0;0;0;0;0
"Rider1";"52/2012";0;0;0;0;0;0;0;0;0;2.0;7792.0;138.76;0;0;0;2.0;21537.0;127.73;3.0;3992.0;145.91
"Rider3";"9/2012";2.0;2314.0;124.93;0;0;0;0;0;0;2.0;11068.0;133.86;2.0;7606.0;126.19;2.0;21776.0;119.26;2.0;10543.0;130.45
"Rider1";"9/2012";0;0;0;2.0;7340.0;136.32;0;0;0;0;0;0;0;0;0;2.0;12361.0;134.75;0;0;0
"Rider4";"9/2012";0;0;0;0;0;0;3.0;12171.0;146.51;3.0;12148.0;141.7;2.0;12998.0;133.42;2.0;17959.0;132.29;1.0;11241.0;111.49
"Rider3";"28/2012";0;0;0;2.0;8947.0;125.29;2.0;7337.0;132.26;0;0;0;3.0;248.0;154.7;2.0;15145.0;136.19;2.0;7927.0;129.56
"Rider4";"28/2012";0;0;0;3.0;18001.0;141.57;2.0;7181.0;126.33;0;0;0;1.0;1604.0;114.81;0;0;0;3.0;1454.0;168.41
"Rider3";"8/2012";0;0;0;0;0;0;0;0;0;0;0;0;2.0;81863.0;133.92;2.0;8017.0;130.59;2.0;15173.0;131.99
"Rider5";"8/2012";0;0;0;0;0;0;0;0;0;0;0;0;0;0;0;2.0;6892.0;138.83;0;0;0
"Rider4";"8/2012";0;0;0;2.0;10119.0;133.21;2.0;10399.0;140.65;2.0;18311.0;135.81;2.0;1736.0;130.66;2.0;14751.0;132.43;2.0;14464.0;140.26
"Rider3";"34/2011";0;0;0;2.0;9783.0;136.67;2.0;12027.0;137.29;0;0;0;0;0;0;2.0;3980.0;139.41;3.0;13092.0;158.5
"Rider5";"34/2011";0;0;0;0;0;0;0;0;0;2.0;5011.0;119.78;2.0;6179.0;123.93;0;0;0;2.0;9987.0;119.25
"Rider4";"34/2011";0;0;0;3.0;12417.0;146.42;3.0;9739.0;142.95;2.0;7567.0;128.35;0;0;0;2.0;2859.0;131.02;3.0;13505.0;164.83
"Rider3";"15/2012";0;0;0;2.0;10265.0;121.37;2.0;9944.0;131.2;0;0;0;0;0;0;2.0;5707.0;130.92;1.0;26487.0;114.95
"Rider4";"15/2012";1.0;4487.0;92.68;2.0;9614.0;134.43;3.0;10672.0;142.25;2.0;12378.0;125.74;1.0;9310.0;79.4;1.0;4756.0;108.75;3.0;9315.0;151.6
"Rider3";"22/2012";0;0;0;0;0;0;0;0;0;2.0;6119.0;127.6;0;0;0;2.0;3502.0;122.92;3.0;6928.0;166.31
"Rider4";"22/2012";0;0;0;2.0;14431.0;138.21;1.0;5940.0;112.28;1.0;3239.0;86.74;0;0;0;3.0;1730.0;152.78;0;0;0
"Rider3";"50/2012";0;0;0;2.0;2543.0;124.69;2.0;7517.0;134.06;0;0;0;0;0;0;2.0;9066.0;122.08;2.0;4484.0;130.63
"Rider3";"16/2012";0;0;0;2.0;51265.0;138.26;2.0;7178.0;134.09;2.0;8642.0;130.46;0;0;0;2.0;92684.0;136.59;2.0;10394.0;139.32
"Rider4";"16/2012";0;0;0;0;0;0;2.0;10415.0;135.52;0;0;0;0;0;0;3.0;6356.0;145.23;2.0;12334.0;133.06
"Rider3";"51/2012";0;0;0;1.0;3514.0;113.45;0;0;0;2.0;6950.0;130.19;0;0;0;2.0;10963.0;127.63;2.0;9835.0;127.02
"Rider5";"51/2012";0;0;0;0;0;0;2.0;7497.0;128.09;0;0;0;0;0;0;2.0;6198.0;140.1;0;0;0
"Rider2";"51/2012";0;0;0;2.0;3866.0;125.95;0;0;0;0;0;0;0;0;0;2.0;18601.0;127.22;0;0;0
"Rider1";"51/2012";0;0;0;0;0;0;0;0;0;0;0;0;0;0;0;0;0;0;2.0;156069.0;120.56
"Rider3";"47/2013";0;0;0;2.0;2255.0;130.82;0;0;0;0;0;0;0;0;0;3.0;4597.0;143.52;2.0;9895.0;128.57
"Rider4";"47/2013";1.0;12752.0;115.62;2.0;3478.0;137.54;2.0;4353.0;134.75;1.0;8652.0;114.97;0;0;0;2.0;7070.0;140.23;0;0;0
"Rider3";"21/2012";0;0;0;2.0;6112.0;128.93;2.0;12346.0;124.67;2.0;6280.0;128.94;0;0;0;2.0;3121.0;131.27;3.0;6738.0;171.42
"Rider2";"21/2012";0;0;0;0;0;0;0;0;0;0;0;0;0;0;0;2.0;10478.0;122.72;0;0;0
"Rider4";"21/2012";0;0;0;0;0;0;0;0;0;2.0;9019.0;120.54;1.0;6487.0;77.42;0;0;0;0;0;0
"Rider3";"5/2015";2.0;3297.0;138.3;0;0;0;0;0;0;0;0;0;0;0;0;2.0;9390.0;138.18;3.0;4117.0;145.99
"Rider5";"5/2015";0;0;0;2.0;4589.0;122.88;1.0;5447.0;116.96;0;0;0;0;0;0;1.0;5061.0;103.26;2.0;5449.0;123.22
"Rider2";"5/2015";1.0;6382.0;97.26;0;0;0;0;0;0;0;0;0;0;0;0;0;0;0;0;0;0
"Rider1";"5/2015";2.0;7345.0;138.53;3.0;7547.0;162.37;0;0;0;3.0;9144.0;152.32;0;0;0;2.0;11842.0;138.54;2.0;2996.0;141.15
"Rider4";"5/2015";0;0;0;3.0;2536.0;150.66;2.0;9335.0;134.09;0;0;0;0;0;0;0;0;0;0;0;0
"Rider3";"4/2013";1.0;7252.0;111.07;0;0;0;0;0;0;0;0;0;2.0;14571.0;119.27;2.0;15542.0;132.45;2.0;15373.0;128.13
"Rider5";"4/2013";0;0;0;0;0;0;0;0;0;0;0;0;0;0;0;2.0;13206.0;141.0;2.0;15145.0;139.44
"Rider1";"4/2013";0;0;0;0;0;0;0;0;0;0;0;0;0;0;0;0;0;0;2.0;15646.0;130.41
"Rider4";"4/2013";0;0;0;0;0;0;1.0;11627.0;108.97;2.0;13244.0;138.59;1.0;14653.0;108.36;2.0;15444.0;123.89;2.0;15441.0;121.49
"Rider3";"20/2012";2.0;9058.0;138.06;2.0;5217.0;134.69;0;0;0;2.0;6881.0;132.34;2.0;6731.0;131.38;2.0;8078.0;138.15;2.0;14879.0;129.56
"Rider2";"20/2012";0;0;0;2.0;8693.0;137.15;0;0;0;0;0;0;0;0;0;0;0;0;0;0;0
"Rider4";"20/2012";0;0;0;3.0;13151.0;147.73;0;0;0;1.0;1363.0;98.78;0;0;0;1.0;82774.0;75.93;1.0;10453.0;112.57
"Rider3";"32/2013";0;0;0;2.0;10523.0;132.56;2.0;9320.0;132.13;2.0;34053.0;128.99;2.0;8010.0;130.63;0;0;0;0;0;0
"Rider5";"32/2013";0;0;0;0;0;0;0;0;0;0;0;0;1.0;6633.0;102.06;0;0;0;0;0;0
"Rider1";"32/2013";0;0;0;0;0;0;0;0;0;1.0;4854.0;98.48;1.0;2304.0;116.89;3.0;7374.0;147.67;0;0;0
"Rider3";"44/2012";1.0;4987.0;116.78;2.0;4881.0;126.13;2.0;716.0;133.51;3.0;3244.0;145.67;3.0;3902.0;143.68;0;0;0;2.0;6635.0;132.15
"Rider2";"44/2012";1.0;5846.0;95.45;1.0;3807.0;112.99;2.0;8130.0;128.46;0;0;0;0;0;0;2.0;6001.0;130.02;2.0;9106.0;122.3
"Rider1";"44/2012";0;0;0;0;0;0;3.0;11380.0;150.88;0;0;0;0;0;0;0;0;0;0;0;0
"Rider3";"35/2011";0;0;0;2.0;7161.0;118.15;3.0;9556.0;145.81;0;0;0;0;0;0;0;0;0;0;0;0
"Rider5";"35/2011";0;0;0;0;0;0;0;0;0;1.0;5485.0;90.73;0;0;0;0;0;0;0;0;0
"Rider4";"35/2011";1.0;8691.0;108.17;2.0;18230.0;125.16;2.0;7159.0;121.19;0;0;0;2.0;6965.0;118.64;3.0;3836.0;180.79;1.0;13683.0;114.83
"Rider3";"7/2012";0;0;0;0;0;0;0;0;0;0;0;0;2.0;9404.0;123.41;2.0;18219.0;137.86;2.0;451645.0;125.46
"Rider4";"7/2012";0;0;0;3.0;2997.0;159.18;3.0;2965.0;162.07;0;0;0;2.0;9253.0;125.6;3.0;12626.0;144.31;2.0;9947.0;130.86
"Rider3";"26/2012";2.0;10859.0;132.78;2.0;8341.0;136.72;2.0;7834.0;128.41;2.0;12689.0;127.44;0;0;0;0;0;0;3.0;23058.0;142.39
"Rider4";"26/2012";1.0;2450.0;94.9;2.0;19874.0;136.84;0;0;0;2.0;13871.0;123.96;0;0;0;2.0;10845.0;131.84;0;0;0
"Rider3";"24/2012";2.0;7335.0;131.36;0;0;0;0;0;0;2.0;7429.0;134.23;2.0;6039.0;138.67;2.0;13167.0;132.95;2.0;13680.0;128.02
"Rider4";"24/2012";0;0;0;2.0;6094.0;130.38;2.0;12132.0;134.69;1.0;5886.0;108.63;1.0;4580.0;103.12;0;0;0;2.0;6619.0;118.46
"Rider3";"3/2013";0;0;0;0;0;0;0;0;0;1.0;3516.0;6.49;0;0;0;2.0;8835.0;129.9;1.0;9915.0;106.27
"Rider4";"3/2013";0;0;0;1.0;110.0;89.0;1.0;216.0;90.63;1.0;2457.0;97.85;2.0;2704.0;118.53;0;0;0;0;0;0
"Rider3";"36/2011";2.0;5858.0;132.15;2.0;11076.0;136.74;0;0;0;2.0;6299.0;140.96;0;0;0;0;0;0;2.0;11507.0;134.88
"Rider5";"36/2011";0;0;0;0;0;0;0;0;0;2.0;8426.0;119.67;0;0;0;2.0;8744.0;133.17;2.0;9295.0;132.21
"Rider4";"36/2011";2.0;6756.0;119.82;2.0;6817.0;138.34;2.0;12215.0;128.71;0;0;0;0;0;0;0;0;0;0;0;0
"Rider3";"35/2012";0;0;0;0;0;0;0;0;0;0;0;0;0;0;0;1.0;163587.0;64.91;0;0;0
"Rider2";"35/2012";0;0;0;0;0;0;0;0;0;0;0;0;0;0;0;3.0;9999.0;155.74;1.0;2.0;106.5
"Rider4";"35/2012";1.0;6904.0;76.38;1.0;19414.0;110.09;2.0;10925.0;131.48;2.0;6758.0;126.42;0;0;0;0;0;0;0;0;0
"Rider3";"6/2013";0;0;0;0;0;0;0;0;0;2.0;9814.0;131.67;2.0;16670.0;131.25;2.0;20757.0;121.81;2.0;13311.0;129.89
"Rider5";"6/2013";0;0;0;0;0;0;0;0;0;2.0;13439.0;129.23;0;0;0;2.0;7729.0;133.23;0;0;0
"Rider2";"6/2013";2.0;6075.0;131.2;0;0;0;0;0;0;0;0;0;0;0;0;0;0;0;0;0;0
"Rider1";"6/2013";0;0;0;0;0;0;0;0;0;0;0;0;0;0;0;2.0;12328.0;133.66;2.0;12893.0;135.03
"Rider4";"6/2013";1.0;14896.0;116.86;2.0;12114.0;120.25;0;0;0;2.0;9703.0;127.17;2.0;15864.0;137.57;2.0;20747.0;118.01;2.0;11974.0;139.37
"Rider3";"42/2012";0;0;0;0;0;0;0;0;0;2.0;760.0;126.34;1.0;4111.0;115.41;0;0;0;3.0;2822.0;171.99
"Rider2";"42/2012";0;0;0;0;0;0;0;0;0;1.0;6266.0;109.87;2.0;6259.0;118.37;2.0;3704.0;118.51;2.0;3386.0;119.8
"Rider4";"42/2012";1.0;7867.0;114.07;0;0;0;0;0;0;0;0;0;0;0;0;0;0;0;0;0;0
"Rider3";"40/2011";0;0;0;2.0;4331.0;130.79;2.0;253149.0;124.07;0;0;0;0;0;0;0;0;0;0;0;0
"Rider4";"40/2011";1.0;3721.0;116.89;3.0;5071.0;143.49;0;0;0;2.0;8916.0;118.59;0;0;0;2.0;7574.0;121.06;2.0;8165.0;127.49
"Rider3";"46/2012";0;0;0;0;0;0;2.0;7974.0;136.24;0;0;0;0;0;0;0;0;0;0;0;0
"Rider5";"46/2012";0;0;0;0;0;0;0;0;0;0;0;0;2.0;4287.0;131.81;0;0;0;0;0;0
"Rider2";"46/2012";0;0;0;0;0;0;0;0;0;0;0;0;0;0;0;2.0;7213.0;128.13;2.0;6582.0;119.31
"Rider3";"3/2012";2.0;9194.0;124.45;0;0;0;0;0;0;0;0;0;0;0;0;2.0;86803.0;129.25;2.0;10708.0;130.82
"Rider4";"3/2012";3.0;3349.0;143.37;3.0;7091.0;149.41;3.0;10915.0;143.37;2.0;7906.0;134.72;0;0;0;3.0;10860.0;151.4;2.0;6134.0;131.51
"Rider3";"2/2015";0;0;0;0;0;0;0;0;0;0;0;0;0;0;0;3.0;10926.0;141.7;3.0;3978.0;146.3
"Rider5";"2/2015";0;0;0;0;0;0;2.0;4516.0;122.76;2.0;6328.0;124.77;0;0;0;0;0;0;0;0;0
"Rider1";"2/2015";2.0;3738.0;131.66;3.0;7939.0;147.02;2.0;4166.0;133.12;2.0;1432.0;138.37;3.0;10464.0;146.02;2.0;11128.0;138.96;2.0;8173.0;134.55
"Rider4";"2/2015";2.0;341359.0;135.03;0;0;0;0;0;0;0;0;0;0;0;0;3.0;15555.0;141.34;2.0;3442.0;128.8
"Rider3";"4/2012";0;0;0;0;0;0;0;0;0;0;0;0;0;0;0;2.0;8791.0;134.44;0;0;0
"Rider4";"4/2012";3.0;9662.0;142.69;3.0;4633.0;143.87;3.0;9490.0;143.9;1.0;3737.0;113.56;2.0;3598.0;136.94;3.0;16461.0;142.53;3.0;5062.0;149.47
"Rider3";"48/2013";0;0;0;2.0;2615.0;137.97;2.0;7719.0;132.64;0;0;0;2.0;7085.0;130.69;0;0;0;2.0;8981.0;126.28
"Rider5";"48/2013";0;0;0;0;0;0;0;0;0;2.0;4850.0;137.02;2.0;6369.0;133.15;0;0;0;0;0;0
"Rider2";"48/2013";0;0;0;0;0;0;0;0;0;0;0;0;0;0;0;2.0;4140.0;125.37;2.0;7245.0;129.21
"Rider4";"48/2013";3.0;5896.0;151.11;3.0;7760.0;148.88;2.0;7760.0;129.03;3.0;8014.0;152.73;0;0;0;0;0;0;1.0;8309.0;116.06
"Rider3";"47/2012";0;0;0;2.0;4559.0;137.27;2.0;5256.0;127.39;2.0;9526.0;123.39;0;0;0;0;0;0;0;0;0
"Rider5";"47/2012";0;0;0;2.0;4708.0;137.27;0;0;0;2.0;5066.0;134.63;0;0;0;0;0;0;0;0;0
"Rider2";"47/2012";0;0;0;0;0;0;0;0;0;0;0;0;0;0;0;2.0;10566.0;131.64;1.0;9272.0;113.22
"Rider1";"47/2012";0;0;0;2.0;5101.0;138.28;2.0;6487.0;126.19;2.0;7385.0;135.41;2.0;5661.0;131.92;2.0;13747.0;121.05;2.0;15421.0;124.43
"Rider3";"12/2012";0;0;0;2.0;10740.0;126.18;3.0;8852.0;143.63;1.0;4704.0;101.15;0;0;0;0;0;0;2.0;13355.0;135.38
"Rider4";"12/2012";0;0;0;2.0;12986.0;124.62;2.0;8905.0;141.03;1.0;12142.0;116.44;0;0;0;2.0;16516.0;133.19;2.0;18299.0;126.5
"Rider3";"14/2012";2.0;11522.0;126.0;0;0;0;2.0;8053.0;133.16;2.0;7051.0;127.5;0;0;0;2.0;10893.0;130.94;2.0;9636.0;135.36
"Rider4";"14/2012";2.0;6756.0;118.97;2.0;3678.0;122.49;3.0;9786.0;144.49;0;0;0;0;0;0;2.0;4893.0;122.54;2.0;11287.0;126.85
"Rider3";"45/2014";0;0;0;0;0;0;0;0;0;0;0;0;0;0;0;0;0;0;3.0;3550.0;144.82
"Rider5";"45/2014";0;0;0;2.0;3641.0;129.97;0;0;0;0;0;0;0;0;0;2.0;3806.0;135.08;0;0;0
"Rider3";"37/2012";2.0;85659.0;135.6;2.0;175244.0;125.78;0;0;0;1.0;99356.0;105.26;0;0;0;2.0;80706.0;119.13;3.0;194243.0;148.68
"Rider2";"37/2012";2.0;5077.0;121.08;2.0;9057.0;128.79;0;0;0;0;0;0;0;0;0;0;0;0;2.0;22961.0;118.95
"Rider4";"37/2012";2.0;4535.0;139.86;0;0;0;2.0;9072.0;128.13;0;0;0;2.0;2935.0;126.59;0;0;0;0;0;0
"Rider3";"29/2011";0;0;0;2.0;5153.0;130.35;0;0;0;0;0;0;0;0;0;2.0;13280.0;129.12;0;0;0
"Rider5";"29/2011";0;0;0;2.0;9478.0;139.87;0;0;0;0;0;0;0;0;0;2.0;5490.0;127.34;0;0;0
"Rider3";"5/2013";0;0;0;0;0;0;2.0;7065.0;124.18;1.0;3070.0;110.12;0;0;0;0;0;0;2.0;3885.0;135.82
"Rider5";"5/2013";0;0;0;2.0;9209.0;136.39;2.0;8203.0;131.87;2.0;12399.0;132.33;2.0;4561.0;128.57;0;0;0;0;0;0
"Rider2";"5/2013";0;0;0;0;0;0;2.0;3384.0;126.56;2.0;3085.0;133.67;0;0;0;0;0;0;2.0;5966.0;138.11
"Rider1";"5/2013";0;0;0;0;0;0;0;0;0;2.0;15473.0;133.99;0;0;0;0;0;0;3.0;15454.0;151.6
"Rider4";"5/2013";0;0;0;0;0;0;0;0;0;3.0;16205.0;147.0;2.0;7202.0;126.74;0;0;0;0;0;0
"Rider3";"45/2013";0;0;0;0;0;0;0;0;0;1.0;3791977.0;71.11;0;0;0;0;0;0;0;0;0
"Rider2";"45/2013";0;0;0;0;0;0;2.0;3105.0;124.47;0;0;0;0;0;0;0;0;0;0;0;0
"Rider4";"45/2013";0;0;0;0;0;0;2.0;8352.0;119.89;2.0;26129.0;127.46;1.0;7546.0;110.43;0;0;0;1.0;6161.0;98.62
"Rider3";"49/2013";2.0;3893.0;125.64;0;0;0;1.0;3558.0;114.91;2.0;9377.0;130.64;0;0;0;0;0;0;0;0;0
"Rider5";"49/2013";0;0;0;2.0;4220.0;131.52;2.0;5628.0;128.83;2.0;4023.0;135.15;2.0;6004.0;130.56;0;0;0;0;0;0
"Rider2";"49/2013";0;0;0;0;0;0;0;0;0;0;0;0;0;0;0;2.0;3625059.0;135.33;0;0;0
"Rider4";"49/2013";1.0;15937.0;116.42;2.0;12453.0;122.67;2.0;12216.0;133.99;2.0;6624.0;138.36;2.0;11362.0;129.99;2.0;1839.0;125.1;0;0;0
"Rider3";"45/2012";0;0;0;0;0;0;0;0;0;3.0;7457.0;153.21;0;0;0;0;0;0;3.0;1998.0;168.57
"Rider5";"45/2012";0;0;0;0;0;0;0;0;0;0;0;0;2.0;5127.0;137.66;0;0;0;0;0;0
"Rider1";"45/2012";0;0;0;0;0;0;0;0;0;0;0;0;3.0;10478.0;152.55;2.0;18795.0;128.23;2.0;8759.0;130.77
"Rider3";"44/2014";0;0;0;0;0;0;0;0;0;0;0;0;0;0;0;3.0;3038.0;146.2;0;0;0
"Rider5";"44/2014";0;0;0;2.0;6797.0;137.78;0;0;0;2.0;4794.0;128.19;0;0;0;0;0;0;2.0;8434.0;132.87
"Rider2";"44/2014";0;0;0;0;0;0;0;0;0;0;0;0;2.0;6144.0;120.34;2.0;4677.0;130.53;1.0;5932.0;112.84
"Rider3";"5/2014";0;0;0;0;0;0;0;0;0;0;0;0;0;0;0;2.0;2298.0;131.38;0;0;0
"Rider5";"5/2014";0;0;0;0;0;0;0;0;0;2.0;4107.0;120.52;0;0;0;0;0;0;0;0;0
"Rider2";"5/2014";0;0;0;2.0;6723.0;126.97;0;0;0;0;0;0;0;0;0;2.0;10229.0;130.75;0;0;0
"Rider4";"5/2014";0;0;0;3.0;7672.0;143.26;0;0;0;0;0;0;0;0;0;0;0;0;0;0;0
"Rider3";"1/2012";2.0;11175.0;132.59;0;0;0;0;0;0;0;0;0;0;0;0;0;0;0;0;0;0
"Rider5";"1/2012";0;0;0;0;0;0;0;0;0;0;0;0;0;0;0;2.0;10539.0;132.43;0;0;0
"Rider1";"1/2012";1.0;8079.0;116.25;0;0;0;0;0;0;0;0;0;0;0;0;0;0;0;0;0;0
"Rider3";"38/2012";0;0;0;2.0;93674.0;140.69;0;0;0;2.0;7938.0;132.98;0;0;0;0;0;0;3.0;97715.0;145.43
"Rider5";"38/2012";0;0;0;0;0;0;0;0;0;0;0;0;0;0;0;3.0;1570.0;146.38;0;0;0
"Rider2";"38/2012";0;0;0;1.0;7861.0;98.56;2.0;2923.0;119.95;2.0;7569.0;129.33;1.0;2292.0;100.1;3.0;4107.0;156.44;0;0;0
"Rider4";"38/2012";0;0;0;2.0;11563.0;126.73;2.0;5854.0;136.61;0;0;0;0;0;0;0;0;0;0;0;0
"Rider3";"18/2012";0;0;0;2.0;6488.0;139.36;1.0;9362.0;117.48;0;0;0;0;0;0;0;0;0;0;0;0
"Rider2";"18/2012";0;0;0;0;0;0;2.0;14114.0;123.81;0;0;0;0;0;0;0;0;0;0;0;0
"Rider4";"18/2012";2.0;12324.0;125.84;1.0;15486.0;104.4;1.0;11625.0;111.42;0;0;0;3.0;4561.0;172.02;0;0;0;0;0;0
"Rider3";"5/2012";2.0;7633.0;134.56;0;0;0;2.0;4914.0;133.1;0;0;0;0;0;0;0;0;0;0;0;0
"Rider4";"5/2012";0;0;0;3.0;3471.0;142.84;3.0;3159.0;145.5;3.0;3007.0;158.79;0;0;0;2.0;844.0;130.84;2.0;4568.0;134.31
"Rider3";"2/2012";0;0;0;0;0;0;0;0;0;0;0;0;0;0;0;1.0;14313.0;101.26;0;0;0
"Rider4";"2/2012";3.0;4252.0;150.16;0;0;0;2.0;3971.0;134.2;0;0;0;0;0;0;0;0;0;0;0;0
"Rider3";"51/2013";2.0;3947.0;124.11;0;0;0;0;0;0;0;0;0;0;0;0;2.0;9103.0;129.35;2.0;8328.0;136.85
"Rider5";"51/2013";0;0;0;0;0;0;0;0;0;1.0;3792.0;111.66;0;0;0;0;0;0;0;0;0
"Rider4";"51/2013";3.0;12218.0;151.0;2.0;9220.0;135.17;2.0;10436.0;130.92;2.0;11949.0;119.51;1.0;13234.0;115.81;0;0;0;2.0;16023.0;134.65
"Rider3";"48/2012";0;0;0;0;0;0;0;0;0;0;0;0;0;0;0;2.0;10131.0;133.02;0;0;0
"Rider5";"48/2012";0;0;0;2.0;3703.0;136.63;0;0;0;0;0;0;0;0;0;2.0;6879.0;140.79;0;0;0
"Rider2";"48/2012";0;0;0;2.0;4951.0;127.06;0;0;0;0;0;0;0;0;0;0;0;0;0;0;0
"Rider1";"48/2012";0;0;0;2.0;5483.0;139.71;0;0;0;0;0;0;0;0;0;0;0;0;0;0;0
"Rider3";"50/2011";0;0;0;3.0;7874.0;160.0;0;0;0;0;0;0;0;0;0;0;0;0;0;0;0
"Rider5";"38/2010";0;0;0;0;0;0;0;0;0;0;0;0;0;0;0;0;0;0;3.0;11209.0;158.4
"Rider5";"22/2009";0;0;0;2.0;5560.0;125.73;0;0;0;2.0;7003.0;128.51;2.0;7397.0;134.43;2.0;6530.0;121.5;3.0;1616.0;141.31
"Rider5";"17/2009";0;0;0;0;0;0;1.0;27425.0;108.63;0;0;0;0;0;0;2.0;7468.0;134.69;0;0;0
"Rider5";"24/2009";0;0;0;1.0;7496.0;115.12;2.0;4717.0;133.17;0;0;0;2.0;7645.0;118.56;0;0;0;3.0;5561.0;172.25
"Rider5";"27/2009";0;0;0;0;0;0;2.0;3676.0;120.4;0;0;0;1.0;5532.0;117.84;0;0;0;0;0;0
"Rider5";"22/2011";1.0;23583.0;99.24;0;0;0;0;0;0;0;0;0;0;0;0;0;0;0;2.0;11509.0;129.13
"Rider5";"46/2014";0;0;0;2.0;4506.0;129.18;0;0;0;0;0;0;2.0;5571.0;126.08;2.0;5613.0;126.78;3.0;5002.0;167.17
"Rider5";"38/2009";0;0;0;0;0;0;0;0;0;0;0;0;0;0;0;0;0;0;1.0;1534.0;103.13
"Rider5";"36/2009";0;0;0;2.0;6972.0;118.41;2.0;6170.0;125.52;0;0;0;1.0;4172.0;117.62;3.0;8929.0;163.66;0;0;0
"Rider5";"33/2010";0;0;0;2.0;8851.0;131.24;0;0;0;2.0;5965.0;123.91;0;0;0;0;0;0;3.0;17065.0;155.98
"Rider5";"8/2011";0;0;0;0;0;0;0;0;0;0;0;0;0;0;0;0;0;0;3.0;2329.0;164.21
"Rider1";"8/2011";0;0;0;0;0;0;2.0;20418.0;136.63;0;0;0;0;0;0;0;0;0;0;0;0
"Rider5";"18/2011";1.0;5112.0;109.33;2.0;3692.0;138.04;1.0;6799.0;114.53;1.0;7555.0;114.36;0;0;0;0;0;0;0;0;0
"Rider5";"3/2011";0;0;0;2.0;11961.0;127.01;0;0;0;0;0;0;0;0;0;0;0;0;2.0;12901.0;131.51
"Rider5";"19/2011";0;0;0;2.0;8223.0;133.38;1.0;7634.0;117.12;3.0;4599.0;144.65;0;0;0;0;0;0;0;0;0
"Rider5";"25/2009";0;0;0;0;0;0;1.0;6257.0;112.09;2.0;8803.0;127.49;0;0;0;2.0;4356.0;125.19;0;0;0
"Rider5";"23/2009";0;0;0;1.0;9887.0;105.11;0;0;0;0;0;0;0;0;0;2.0;4999.0;123.59;3.0;11305.0;162.95
"Rider5";"1/2011";0;0;0;0;0;0;0;0;0;2.0;14358.0;133.26;2.0;13811.0;124.89;0;0;0;3.0;23817.0;146.91
"Rider5";"11/2009";0;0;0;2.0;8334.0;132.71;0;0;0;1.0;5807.0;115.75;0;0;0;0;0;0;0;0;0
"Rider5";"8/2009";2.0;8154.0;128.95;2.0;8574.0;136.27;0;0;0;2.0;5929.0;126.54;2.0;11093.0;127.43;0;0;0;0;0;0
"Rider5";"13/2011";0;0;0;0;0;0;0;0;0;0;0;0;2.0;14295.0;122.97;0;0;0;2.0;9060.0;121.07
"Rider5";"50/2014";0;0;0;2.0;4579.0;131.34;0;0;0;0;0;0;0;0;0;0;0;0;0;0;0
"Rider2";"50/2014";1.0;90667.0;105.74;1.0;82218.0;108.6;0;0;0;0;0;0;0;0;0;0;0;0;0;0;0
"Rider5";"14/2011";0;0;0;1.0;4079.0;100.91;0;0;0;1.0;7648.0;114.77;0;0;0;2.0;5889.0;124.98;3.0;3874.0;169.27
"Rider5";"12/2009";0;0;0;0;0;0;2.0;8071.0;130.0;0;0;0;0;0;0;0;0;0;0;0;0
"Rider5";"10/2011";2.0;9379.0;122.83;0;0;0;0;0;0;0;0;0;0;0;0;0;0;0;0;0;0
"Rider5";"41/2009";0;0;0;0;0;0;0;0;0;0;0;0;1.0;439612.0;111.0;0;0;0;0;0;0
"Rider5";"23/2011";0;0;0;2.0;4025.0;125.17;1.0;5259.0;116.12;0;0;0;2.0;4877.0;127.28;0;0;0;0;0;0
"Rider5";"38/2011";0;0;0;2.0;6333.0;134.03;0;0;0;1.0;7646.0;116.19;0;0;0;0;0;0;0;0;0
"Rider1";"38/2011";0;0;0;0;0;0;0;0;0;0;0;0;0;0;0;0;0;0;3.0;2120.0;170.68
"Rider4";"38/2011";0;0;0;0;0;0;0;0;0;0;0;0;2.0;5880.0;122.31;1.0;16089.0;93.2;0;0;0
"Rider5";"16/2009";3.0;6425.0;171.39;0;0;0;0;0;0;0;0;0;0;0;0;2.0;9103.0;129.77;2.0;1978.0;135.15
"Rider5";"4/2011";0;0;0;0;0;0;2.0;8919.0;129.47;0;0;0;0;0;0;0;0;0;0;0;0
"Rider5";"24/2011";0;0;0;0;0;0;2.0;6513.0;122.89;0;0;0;2.0;3948.0;133.48;0;0;0;0;0;0
"Rider5";"33/2009";0;0;0;0;0;0;2.0;10363.0;119.27;2.0;13502.0;129.2;0;0;0;0;0;0;0;0;0
"Rider5";"46/2009";0;0;0;0;0;0;2.0;8646.0;125.93;0;0;0;0;0;0;0;0;0;0;0;0
"Rider5";"6/2011";0;0;0;0;0;0;0;0;0;2.0;7930.0;125.7;0;0;0;2.0;358.0;125.55;0;0;0
"Rider5";"51/2014";0;0;0;0;0;0;0;0;0;0;0;0;2.0;3910.0;121.76;0;0;0;2.0;6987.0;134.45
"Rider5";"49/2012";0;0;0;0;0;0;0;0;0;2.0;4692.0;132.97;0;0;0;0;0;0;0;0;0
"Rider2";"49/2012";0;0;0;0;0;0;0;0;0;2.0;5268.0;118.13;0;0;0;0;0;0;0;0;0
"Rider5";"17/2010";3.0;958.0;171.97;3.0;5482.0;170.77;0;0;0;0;0;0;0;0;0;0;0;0;0;0;0
"Rider5";"47/2009";0;0;0;0;0;0;2.0;6505.0;137.62;0;0;0;0;0;0;0;0;0;0;0;0
"Rider5";"15/2010";0;0;0;0;0;0;0;0;0;0;0;0;0;0;0;3.0;4037.0;155.7;0;0;0
"Rider5";"16/2011";0;0;0;2.0;85203.0;124.6;2.0;7847.0;135.04;0;0;0;0;0;0;2.0;5065.0;137.08;2.0;10823.0;129.96
"Rider5";"7/2010";0;0;0;0;0;0;2.0;15790.0;129.61;0;0;0;0;0;0;0;0;0;3.0;494.0;163.06
"Rider5";"5/2011";2.0;8357.0;127.09;0;0;0;0;0;0;0;0;0;2.0;9307.0;123.37;0;0;0;0;0;0
"Rider5";"6/2010";0;0;0;0;0;0;0;0;0;0;0;0;0;0;0;1.0;5291.0;99.05;2.0;9062.0;122.97
"Rider5";"20/2009";0;0;0;0;0;0;2.0;3752.0;139.42;0;0;0;0;0;0;0;0;0;0;0;0
"Rider5";"7/2011";0;0;0;0;0;0;0;0;0;0;0;0;0;0;0;3.0;11017.0;141.8;2.0;10068.0;132.22
"Rider5";"34/2009";0;0;0;1.0;9596.0;113.06;0;0;0;2.0;5811.0;124.69;0;0;0;2.0;4620.0;125.19;3.0;27100.0;148.22
"Rider5";"28/2009";0;0;0;0;0;0;0;0;0;0;0;0;0;0;0;0;0;0;3.0;4172.0;169.94
"Rider5";"12/2011";0;0;0;2.0;6048.0;121.75;0;0;0;2.0;8639.0;120.95;0;0;0;1.0;24780.0;116.65;0;0;0
"Rider5";"9/2011";0;0;0;0;0;0;0;0;0;3.0;11920.0;142.35;2.0;6834.0;128.26;0;0;0;2.0;12017.0;120.79
"Rider5";"41/2012";0;0;0;0;0;0;0;0;0;0;0;0;0;0;0;0;0;0;2.0;10509.0;139.19
"Rider2";"41/2012";0;0;0;0;0;0;0;0;0;1.0;3486.0;117.67;0;0;0;2.0;5923.0;123.86;2.0;8380.0;121.58
"Rider4";"41/2012";0;0;0;2.0;9375.0;125.21;2.0;3445.0;127.65;1.0;2444.0;114.86;2.0;9963.0;123.74;0;0;0;2.0;3158.0;130.17
"Rider5";"16/2010";0;0;0;0;0;0;0;0;0;0;0;0;0;0;0;0;0;0;2.0;14606.0;128.1
"Rider5";"10/2010";0;0;0;0;0;0;0;0;0;0;0;0;0;0;0;0;0;0;1.0;4287.0;106.41
"Rider5";"7/2009";0;0;0;0;0;0;2.0;11036.0;137.07;0;0;0;0;0;0;0;0;0;0;0;0
"Rider5";"49/2010";0;0;0;2.0;7760.0;133.41;2.0;7016.0;140.04;0;0;0;0;0;0;0;0;0;3.0;5068.0;164.08
"Rider5";"14/2010";0;0;0;0;0;0;1.0;5754.0;115.62;2.0;6907.0;135.66;0;0;0;0;0;0;0;0;0
"Rider5";"29/2010";0;0;0;0;0;0;0;0;0;2.0;7184.0;136.74;0;0;0;0;0;0;0;0;0
"Rider5";"11/2011";0;0;0;0;0;0;0;0;0;0;0;0;3.0;8539.0;141.49;2.0;10018.0;137.52;0;0;0
"Rider5";"14/2009";0;0;0;0;0;0;0;0;0;0;0;0;2.0;17360.0;124.93;2.0;28848.0;128.07;0;0;0
"Rider5";"48/2009";0;0;0;0;0;0;2.0;4266.0;132.73;0;0;0;0;0;0;0;0;0;3.0;5715.0;167.51
"Rider5";"17/2011";0;0;0;0;0;0;0;0;0;0;0;0;0;0;0;0;0;0;2.0;24774.0;131.54
"Rider5";"20/2011";0;0;0;1.0;18668.0;116.78;0;0;0;0;0;0;0;0;0;2.0;4416.0;136.01;0;0;0
"Rider5";"28/2010";0;0;0;0;0;0;0;0;0;0;0;0;0;0;0;1.0;175418.0;97.0;0;0;0
"Rider5";"35/2009";0;0;0;0;0;0;0;0;0;0;0;0;0;0;0;0;0;0;2.0;14458.0;122.19
"Rider5";"47/2014";0;0;0;0;0;0;2.0;5199.0;133.42;0;0;0;2.0;3753.0;131.19;2.0;5771.0;129.2;2.0;8385.0;131.11
"Rider1";"47/2014";0;0;0;0;0;0;3.0;4161.0;142.49;3.0;3473.0;151.92;3.0;12725.0;145.7;2.0;5627.0;130.96;0;0;0
"Rider5";"37/2010";2.0;6302.0;129.26;0;0;0;0;0;0;2.0;4507.0;137.02;0;0;0;0;0;0;0;0;0
"Rider5";"2/2009";0;0;0;0;0;0;0;0;0;0;0;0;2.0;12930.0;134.98;3.0;17666.0;141.25;0;0;0
"Rider5";"13/2010";0;0;0;0;0;0;0;0;0;0;0;0;0;0;0;2.0;19997.0;139.82;2.0;5929.0;129.3
"Rider5";"48/2014";0;0;0;0;0;0;0;0;0;0;0;0;0;0;0;2.0;5665.0;125.87;0;0;0
"Rider1";"48/2014";0;0;0;3.0;5606.0;141.48;0;0;0;3.0;2335.0;143.45;2.0;11031.0;140.06;2.0;7157.0;138.68;0;0;0
"Rider5";"5/2009";0;0;0;0;0;0;0;0;0;0;0;0;2.0;14972.0;137.21;0;0;0;0;0;0
"Rider5";"35/2010";0;0;0;0;0;0;0;0;0;2.0;5408.0;138.62;0;0;0;0;0;0;0;0;0
"Rider5";"9/2009";0;0;0;0;0;0;0;0;0;1.0;11068.0;107.04;0;0;0;0;0;0;0;0;0
"Rider5";"18/2009";0;0;0;0;0;0;0;0;0;0;0;0;2.0;7723.0;127.94;0;0;0;3.0;5103.0;168.09
"Rider5";"37/2009";0;0;0;0;0;0;0;0;0;0;0;0;0;0;0;0;0;0;2.0;1889.0;120.47
"Rider5";"15/2011";0;0;0;2.0;5823.0;140.93;0;0;0;0;0;0;0;0;0;0;0;0;3.0;4941.0;172.04
"Rider5";"6/2009";0;0;0;0;0;0;0;0;0;0;0;0;2.0;9052.0;139.25;0;0;0;0;0;0
"Rider5";"32/2010";0;0;0;3.0;9130.0;142.54;2.0;6259.0;131.65;2.0;5904.0;123.05;0;0;0;0;0;0;0;0;0
"Rider5";"2/2011";0;0;0;0;0;0;2.0;20324.0;137.31;2.0;10194.0;123.69;0;0;0;2.0;11294.0;123.37;0;0;0
"Rider5";"41/2010";0;0;0;0;0;0;0;0;0;2.0;7700.0;137.17;0;0;0;0;0;0;0;0;0
"Rider5";"27/2010";0;0;0;0;0;0;0;0;0;2.0;6596.0;136.37;0;0;0;0;0;0;0;0;0
"Rider5";"10/2009";2.0;4462.0;130.87;0;0;0;0;0;0;0;0;0;0;0;0;0;0;0;0;0;0
"Rider5";"19/2009";0;0;0;0;0;0;0;0;0;0;0;0;0;0;0;2.0;18782.0;135.78;0;0;0
"Rider5";"15/2009";2.0;10909.0;135.1;0;0;0;0;0;0;0;0;0;0;0;0;0;0;0;0;0;0
"Rider5";"42/2009";0;0;0;0;0;0;2.0;18979.0;135.37;0;0;0;0;0;0;0;0;0;0;0;0
"Rider5";"26/2011";0;0;0;0;0;0;3.0;14279.0;146.16;0;0;0;0;0;0;0;0;0;0;0;0
"Rider5";"26/2009";0;0;0;0;0;0;0;0;0;0;0;0;2.0;4756.0;119.18;2.0;4923.0;128.92;0;0;0
"Rider5";"25/2011";0;0;0;0;0;0;3.0;4986.0;173.67;0;0;0;0;0;0;3.0;812.0;168.9;0;0;0
"Rider5";"31/2009";0;0;0;0;0;0;0;0;0;2.0;5888.0;123.5;0;0;0;0;0;0;2.0;6387.0;135.61
"Rider5";"19/2010";0;0;0;0;0;0;2.0;5471.0;120.53;0;0;0;0;0;0;0;0;0;0;0;0
"Rider5";"3/2009";0;0;0;0;0;0;0;0;0;0;0;0;0;0;0;2.0;13730.0;123.9;0;0;0
"Rider5";"12/2010";0;0;0;0;0;0;0;0;0;0;0;0;0;0;0;2.0;8021.0;137.96;0;0;0
"Rider5";"4/2010";0;0;0;0;0;0;0;0;0;0;0;0;3.0;9238.0;143.63;0;0;0;0;0;0
"Rider5";"36/2010";0;0;0;0;0;0;0;0;0;0;0;0;2.0;8154.0;138.93;0;0;0;2.0;4732.0;122.76
"Rider5";"25/2010";0;0;0;0;0;0;0;0;0;2.0;8475.0;126.27;0;0;0;0;0;0;0;0;0
"Rider5";"21/2011";0;0;0;0;0;0;0;0;0;2.0;5903.0;127.65;0;0;0;0;0;0;0;0;0
"Rider5";"21/2009";1.0;4129.0;110.5;0;0;0;0;0;0;0;0;0;0;0;0;0;0;0;0;0;0
"Rider5";"50/2009";0;0;0;0;0;0;0;0;0;0;0;0;2.0;17856.0;137.53;0;0;0;0;0;0
"Rider5";"31/2010";0;0;0;0;0;0;0;0;0;0;0;0;0;0;0;0;0;0;3.0;13101.0;141.4
"Rider2";"40/2012";0;0;0;1.0;2270.0;97.09;1.0;6000.0;98.61;0;0;0;0;0;0;0;0;0;0;0;0
"Rider4";"40/2012";2.0;2230.0;124.52;0;0;0;1.0;5484.0;110.04;1.0;1935.0;116.13;0;0;0;0;0;0;1.0;7692.0;115.21
"Rider2";"44/2013";2.0;8184.0;126.08;0;0;0;0;0;0;1.0;12125.0;107.43;1.0;8235.0;114.73;0;0;0;2.0;5191.0;124.85
"Rider4";"44/2013";1.0;5972.0;96.06;0;0;0;0;0;0;0;0;0;0;0;0;0;0;0;0;0;0
"Rider2";"43/2012";1.0;5057.0;117.06;0;0;0;0;0;0;0;0;0;0;0;0;0;0;0;0;0;0
"Rider4";"43/2012";0;0;0;0;0;0;0;0;0;0;0;0;2.0;3484.0;132.59;2.0;5369.0;135.25;0;0;0
"Rider4";"17/2012";0;0;0;0;0;0;2.0;13885.0;122.95;1.0;5494.0;88.69;1.0;13706.0;89.93;0;0;0;3.0;9111.0;156.92
"Rider4";"34/2012";0;0;0;0;0;0;2.0;10222.0;134.93;0;0;0;0;0;0;1.0;4045.0;95.15;0;0;0
"Rider4";"6/2012";3.0;3252.0;151.12;0;0;0;0;0;0;0;0;0;0;0;0;0;0;0;0;0;0
