;Rider;WeekOfYear;mon_intensity;mon_duration;mon_hr;tue_intensity;tue_duration;tue_hr;wed_intensity;wed_duration;wed_hr;thu_intensity;thu_duration;thu_hr;fri_intensity;fri_duration;fri_hr;sat_intensity;sat_duration;sat_hr;sun_intensity;sun_duration;sun_hr;weekIntensity;weekDuration;weekHearthrate;weekOveral;bestAtlethes
"619";"Rider3";"12/2012";0;0;0;2;10740;126.18;3;8852;143.63;1;4704;101.15;0;0;0;0;0;0;2;13355;135.38;0.571428571428571;5.01612043698375;1.66400473232771;7.25155374074003;"good"
"435";"Rider2";"52/2014";0;0;0;0;0;0;0;0;0;0;0;0;0;0;0;1;5856;117.65;0;0;0;0.0714285714285714;0.78017585931255;0.386637746886194;1.23824217762732;"bad"
"685";"Rider1";"8/2011";0;0;0;0;0;0;2;20418;136.63;0;0;0;0;0;0;0;0;0;0;0;0;0.142857142857143;2.72022382094325;0.449012455223635;3.31209341902402;"bad"
"127";"Rider5";"12/2013";0;0;0;0;0;0;2;7323;130.98;2;7555;137.89;0;0;0;0;0;0;0;0;0;0.285714285714286;1.98214761524114;0.883597883597884;3.15145978455331;"bad"
"416";"Rider7";"31/2012";0;0;0;1;10873;101.71;1;8524;109.64;1;9136;108.55;0;0;0;2;6973;121.28;2;8357;119.49;0.5;5.84372501998401;1.84255151335897;8.18627653334298;"good"
"208";"Rider4";"37/2014";1;12269;102.67;2;13827;129.48;1;11553;108.99;2;11738;122.54;1;5906;93.92;1;15281;115.09;0;0;0;0.571428571428571;9.402344790834;2.21068717342009;12.1844605356827;"good"
"15";"Rider2";"21/2013";0;0;0;2;8032;123.71;1;7330;116.14;0;0;0;0;0;0;2;3668;124.27;2;9627;123.31;0.5;3.81787903010925;1.60186006769858;5.91973909780782;"good"
"186";"Rider3";"16/2014";0;0;0;0;0;0;2;5377;121.64;2;4379;133.51;0;0;0;0;0;0;0;0;0;0.285714285714286;1.29976019184652;0.838509316770186;2.42398379433099;"bad"
"614";"Rider4";"48/2013";3;5896;151.11;3;7760;148.88;2;7760;129.03;3;8014;152.73;0;0;0;0;0;0;1;8309;116.06;0.857142857142857;5.02784439115374;2.29324000131454;8.17822724961114;"good"
"638";"Rider3";"49/2013";2;3893;125.64;0;0;0;1;3558;114.91;2;9377;130.64;0;0;0;0;0;0;0;0;0;0.357142857142857;2.24193978150813;1.21985605836538;3.81893869701636;"bad"
"539";"Rider3";"15/2012";0;0;0;2;10265;121.37;2;9944;131.2;0;0;0;0;0;0;2;5707;130.92;1;26487;114.95;0.5;6.98148148148148;1.6380426566762;9.11952413815768;"good"
"379";"Rider3";"29/2014";0;0;0;2;4446;119.46;2;5018;131.73;2;6482;124.95;0;0;0;3;5254;143.02;2;11051;132.56;0.785714285714286;4.29669597655209;2.14177265108942;7.2241829133558;"good"
"349";"Rider7";"3/2014";0;0;0;0;0;0;0;0;0;2;9729;123.93;0;0;0;0;0;0;0;0;0;0.142857142857143;1.29616306954436;0.407275953859805;1.84629616626131;"bad"
"381";"Rider2";"29/2014";0;0;0;0;0;0;1;6146;115.5;1;6141;115.41;0;0;0;2;1703;122.12;2;19943;135.47;0.428571428571429;4.52078337330136;1.60537645009695;6.55473125196973;"good"
"640";"Rider2";"49/2013";0;0;0;0;0;0;0;0;0;0;0;0;0;0;0;2;3625059;135.33;0;0;0;0.142857142857143;482.954836131095;0.44474021492655;483.542433488879;"good"
"73";"Rider1";"33/2014";1;11856;105.09;0;0;0;2;12618;131.44;2;15340;128.87;1;7940;101.44;3;9960;156.63;1;3249;116.41;0.714285714285714;8.12190247801759;2.43149627000559;11.2676844623089;"good"
"444";"Rider4";"52/2013";2;11421;127.13;2;14917;139.05;2;14424;132.72;0;0;0;0;0;0;0;0;0;2;16192;119.45;0.571428571428571;7.58779642952305;1.7034736599954;9.86269866094702;"good"
"250";"Rider7";"16/2013";0;0;0;2;9385;123.09;1;8072;105.51;2;9009;124.19;0;0;0;1;9595;115.25;2;13206;122.14;0.571428571428571;6.5636823874234;1.9395313681028;9.07464232695476;"good"
"305";"Rider2";"43/2013";1;6422;117.9;0;0;0;0;0;0;0;0;0;0;0;0;1;8201;116.99;0;0;0;0.142857142857143;1.94817479349853;0.771928094909461;2.86296003126514;"bad"
"487";"Rider4";"11/2012";0;0;0;0;0;0;1;12658;117.24;3;14932;142.63;0;0;0;2;14858;121.83;3;16117;141.31;0.642857142857143;7.80242472688516;1.7187879982911;10.1640698680334;"good"
"665";"Rider4";"2/2012";3;4252;150.16;0;0;0;2;3971;134.2;0;0;0;0;0;0;0;0;0;0;0;0;0.357142857142857;1.09552358113509;0.934503269906997;2.38716970818495;"bad"
"771";"Rider5";"12/2010";0;0;0;0;0;0;0;0;0;0;0;0;0;0;0;2;8021;137.96;0;0;0;0.142857142857143;1.06861177724487;0.453383285681422;1.66485220578344;"bad"
"581";"Rider4";"24/2012";0;0;0;2;6094;130.38;2;12132;134.69;1;5886;108.63;1;4580;103.12;0;0;0;2;6619;118.46;0.571428571428571;4.70436983746336;1.95629169542213;7.23209010431406;"good"
"671";"Rider2";"48/2012";0;0;0;2;4951;127.06;0;0;0;0;0;0;0;0;0;0;0;0;0;0;0;0.142857142857143;0.659605648814282;0.41756219395971;1.22002498563113;"bad"
"473";"Rider3";"1/2014";0;0;0;0;0;0;3;3459;156.1;2;7897;129.52;2;9721;123.3;2;11843;121.89;0;0;0;0.642857142857143;4.38582467359446;1.74442144007361;6.77310325652522;"good"
"327";"Rider5";"46/2013";0;0;0;3;4588;144.55;3;4783;142.69;0;0;0;0;0;0;3;3180;178.11;2;7139;132.66;0.785714285714286;2.6232347455369;1.96526340004601;5.3742124312972;"good"
"34";"Rider5";"31/2014";0;0;0;1;2549;117.6;0;0;0;0;0;0;2;4929;120.13;2;3914;136.62;0;0;0;0.357142857142857;1.51771915800693;1.23024088862598;3.10510290377577;"bad"
"606";"Rider5";"2/2015";0;0;0;0;0;0;2;4516;122.76;2;6328;124.77;0;0;0;0;0;0;0;0;0;0.285714285714286;1.44471089794831;0.813467415951888;2.54389259961448;"bad"
"437";"Rider5";"1/2015";0;0;0;0;0;0;0;0;0;2;5420;132.01;0;0;0;2;7656;129.88;2;10994;129.83;0.428571428571429;3.20676791899814;1.28732459167242;4.92266393924198;"bad"
"302";"Rider4";"36/2014";2;3472;134.77;2;1446;121.55;2;11946;118.34;1;8071;109.62;1;12351;102.53;1;6110;95.48;2;17411;139.87;0.785714285714286;8.10111910471623;2.70189621742417;11.5887296078547;"good"
"698";"Rider5";"12/2009";0;0;0;0;0;0;2;8071;130;0;0;0;0;0;0;0;0;0;0;0;0;0.142857142857143;1.07527311484146;0.427224029708502;1.6453542874071;"bad"
"627";"Rider4";"37/2012";2;4535;139.86;0;0;0;2;9072;128.13;0;0;0;2;2935;126.59;0;0;0;0;0;0;0.428571428571429;2.20383693045564;1.29672352032601;3.92913187935307;"bad"
"281";"Rider3";"4/2014";0;0;0;0;0;0;2;7369;125.82;2;3915;122.32;0;0;0;2;3359;135.83;2;3865;138.65;0.571428571428571;2.46576072475353;1.71750632620198;4.75469562238408;"bad"
"438";"Rider2";"1/2015";0;0;0;0;0;0;0;0;0;0;0;0;1;9799;116.68;0;0;0;0;0;0;0.0714285714285714;1.30548894217959;0.383449998356831;1.76036751196499;"bad"
"469";"Rider4";"2/2013";0;0;0;0;0;0;1;9917;114.8;2;12204;121.56;2;9822;130.37;2;15552;122.63;2;7996;133.33;0.642857142857143;7.39288569144684;2.04637023891682;10.0821130732208;"good"
"324";"Rider1";"32/2014";0;0;0;2;11191;131.48;2;12740;126.45;2;6529;129.87;3;7553;157.17;3;7238;153.97;1;576;82.52;0.928571428571429;6.10538236077804;2.56814223273851;9.60209602208798;"good"
"274";"Rider2";"42/2014";0;0;0;0;0;0;0;0;0;0;0;0;0;0;0;2;4438;128.89;0;0;0;0.142857142857143;0.591260325073275;0.423576193762529;1.15769366169295;"bad"
"471";"Rider2";"36/2012";0;0;0;0;0;0;0;0;0;0;0;0;0;0;0;1;16367;84.64;1;77;82.04;0.142857142857143;2.19078070876632;0.547766932860101;2.88140478448356;"bad"
"84";"Rider5";"34/2014";0;0;0;0;0;0;2;4663;136.93;0;0;0;0;0;0;0;0;0;2;9025;140.43;0.285714285714286;1.82360778044231;0.911498899076539;3.02082096523314;"bad"
"755";"Rider5";"15/2011";0;0;0;2;5823;140.93;0;0;0;0;0;0;0;0;0;0;0;0;3;4941;172.04;0.357142857142857;1.43405275779376;1.02852541982977;2.81972103476639;"bad"
"13";"Rider3";"21/2013";2;6821;126.33;2;9823;123.87;0;0;0;2;5780;127;2;3886;127.78;2;6920;122.92;2;10133;127.58;0.857142857142857;5.77711164401812;2.48276315357061;9.11701765473158;"good"
"319";"Rider7";"32/2014";0;0;0;2;9491;118.63;1;8582;110.58;2;7566;118.87;1;6967;107.18;1;1121;66.89;0;0;0;0.5;4.49333866240341;1.71596174701765;6.70930040942106;"good"
"457";"Rider4";"4/2015";0;0;0;2;7313;122.51;1;14243;116.97;2;7707;129.66;2;8264;120.57;2;8005;119.8;0;0;0;0.642857142857143;6.06608046895817;2.00305629498176;8.71199390679707;"good"
"681";"Rider5";"38/2009";0;0;0;0;0;0;0;0;0;0;0;0;0;0;0;0;0;0;1;1534;103.13;0.0714285714285714;0.204369837463363;0.338920109106444;0.614718517998379;"bad"
"412";"Rider4";"25/2013";0;0;0;0;0;0;2;13748;136.99;2;15039;129.56;0;0;0;0;0;0;0;0;0;0.285714285714286;3.83519850786038;0.875973577836932;4.9968863714116;"bad"
"236";"Rider3";"7/2013";0;0;0;0;0;0;0;0;0;0;0;0;0;0;0;0;0;0;1;19687;117.79;0.0714285714285714;2.62283506528111;0.387097834302803;3.08136147101248;"bad"
"577";"Rider4";"7/2012";0;0;0;3;2997;159.18;3;2965;162.07;0;0;0;2;9253;125.6;3;12626;144.31;2;9947;130.86;0.928571428571429;5.0343725019984;2.37280226100102;8.33574619157085;"good"
"298";"Rider3";"36/2014";0;0;0;0;0;0;2;5979;132.24;2;7367;132.45;0;0;0;0;0;0;0;0;0;0.285714285714286;1.77804423128164;0.86986098787341;2.93361950486934;"bad"
"278";"Rider2";"1/2013";0;0;0;0;0;0;0;0;0;0;0;0;0;0;0;2;9665;137.12;0;0;0;0.142857142857143;1.28763655742073;0.450622761181767;1.88111646145964;"bad"
"96";"Rider3";"24/2014";0;0;0;2;2575;125.58;1;6975;113.69;0;0;0;0;0;0;0;0;0;3;5763;151.76;0.428571428571429;2.04010125233147;1.28505701797627;3.75372969887917;"bad"
"368";"Rider2";"38/2014";2;8133;125.71;0;0;0;1;6328;104.21;2;7007;123.44;0;0;0;0;0;0;0;0;0;0.357142857142857;2.86011191047162;1.16126063952151;4.37851540713599;"bad"
"543";"Rider3";"50/2012";0;0;0;2;2543;124.69;2;7517;134.06;0;0;0;0;0;0;2;9066;122.08;2;4484;130.63;0.571428571428571;3.14548361310951;1.68083078642085;5.39774297095893;"good"
"91";"Rider2";"15/2013";0;0;0;0;0;0;0;0;0;0;0;0;0;0;0;3;8300;155.33;2;9582;141.09;0.357142857142857;2.38236077804423;0.974136514509185;3.71364014969627;"bad"
"451";"Rider1";"6/2015";2;12734;134.43;0;0;0;0;0;0;0;0;0;3;1231;141.72;3;11529;150.62;3;10561;143.58;0.785714285714286;4.80349054090061;1.8743632718788;7.4635680984937;"good"
"76";"Rider3";"17/2014";0;0;0;0;0;0;2;84821;125.32;2;89967;126.74;2;6403;133.69;2;13710;124.25;0;0;0;0.571428571428571;25.9660271782574;1.67603273193335;28.2134884816193;"good"
"710";"Rider5";"6/2011";0;0;0;0;0;0;0;0;0;2;7930;125.7;0;0;0;2;358;125.55;0;0;0;0.285714285714286;1.10418332001066;0.825692595878931;2.21559020160388;"bad"
"656";"Rider5";"38/2012";0;0;0;0;0;0;0;0;0;0;0;0;0;0;0;3;1570;146.38;0;0;0;0.214285714285714;0.209166000532907;0.481054257451773;0.904505972270394;"bad"
"533";"Rider3";"8/2012";0;0;0;0;0;0;0;0;0;0;0;0;2;81863;133.92;2;8017;130.59;2;15173;131.99;0.428571428571429;13.9958699706901;1.30303329061093;15.7274746898725;"good"
"63";"Rider3";"38/2013";0;0;0;2;5037;125.06;2;5173;139.33;0;0;0;1;1963;116.08;3;14698;160.37;0;0;0;0.571428571428571;3.57993605115907;1.77738341713497;5.92874803972261;"good"
"151";"Rider4";"12/2014";0;0;0;0;0;0;1;14444;112.94;2;20994;133.32;1;21605;111.99;2;21328;131.97;2;16511;123.39;0.571428571428571;12.6408206767919;2.01653028361103;15.2287795318315;"good"
"785";"Rider4";"17/2012";0;0;0;0;0;0;2;13885;122.95;1;5494;88.69;1;13706;89.93;0;0;0;3;9111;156.92;0.5;5.62163602451372;1.50675342600808;7.62838945052181;"good"
"552";"Rider3";"21/2012";0;0;0;2;6112;128.93;2;12346;124.67;2;6280;128.94;0;0;0;2;3121;131.27;3;6738;171.42;0.785714285714286;4.60924593658407;2.25189786059351;7.64685808289187;"good"
"258";"Rider5";"33/2013";0;0;0;0;0;0;0;0;0;0;0;0;0;0;0;2;2732;122.11;3;16283;162.28;0.357142857142857;2.53330668798295;0.934601860067699;3.8250514051935;"bad"
"340";"Rider4";"21/2014";1;9322;93.37;1;2802;86.59;0;0;0;1;13041;111.97;2;25369;131.9;2;15487;130.87;1;19683;113.01;0.571428571428571;11.4180655475619;2.19432120674357;14.1838153257341;"good"
"472";"Rider4";"36/2012";2;7586;121.62;1;1005;76.41;0;0;0;2;3518;127.09;1;948;82.44;0;0;0;0;0;0;0.428571428571429;1.73954169997335;1.33938019652305;3.50749332506784;"bad"
"358";"Rider7";"31/2013";0;0;0;2;3592;131.3;0;0;0;1;5194;114.95;0;0;0;0;0;0;2;6599;133.48;0.357142857142857;2.04969357847056;1.24792139077853;3.65475782639195;"bad"
"597";"Rider4";"42/2012";1;7867;114.07;0;0;0;0;0;0;0;0;0;0;0;0;0;0;0;0;0;0;0.0714285714285714;1.04809485744738;0.37487265437576;1.49439608325171;"bad"
"626";"Rider2";"37/2012";2;5077;121.08;2;9057;128.79;0;0;0;0;0;0;0;0;0;0;0;0;2;22961;118.95;0.428571428571429;4.94204636290967;1.21206743566992;6.58268522715102;"good"
"767";"Rider5";"25/2011";0;0;0;0;0;0;3;4986;173.67;0;0;0;0;0;0;3;812;168.9;0;0;0;0.428571428571429;0.772448707700506;1.1258010450557;2.32682118132764;"bad"
"404";"Rider5";"8/2013";0;0;0;0;0;0;2;5043;126.5;2;4620;122.45;0;0;0;0;0;0;0;0;0;0.285714285714286;1.28737010391687;0.818134016891781;2.39121840652293;"bad"
"511";"Rider4";"25/2012";2;8346;121.49;3;12461;141.18;2;11571;124.3;1;16333;113.72;0;0;0;0;0;0;2;13456;124.38;0.714285714285714;8.28230748734346;2.05419172499918;11.0507849266284;"good"
"95";"Rider6";"24/2014";0;0;0;0;0;0;2;5439;119.17;0;0;0;0;0;0;0;0;0;2;11861;128.33;0.285714285714286;2.30482280841993;0.813368825791186;3.4039059199254;"bad"
"641";"Rider4";"49/2013";1;15937;116.42;2;12453;122.67;2;12216;133.99;2;6624;138.36;2;11362;129.99;2;1839;125.1;0;0;0;0.785714285714286;8.05102584598987;2.51907719609583;11.3558173278;"good"
"565";"Rider2";"20/2012";0;0;0;2;8693;137.15;0;0;0;0;0;0;0;0;0;0;0;0;0;0;0;0.142857142857143;1.15814015454303;0.450721351342469;1.75171864874264;"bad"
"24";"Rider2";"7/2014";0;0;0;0;0;0;2;6736;128.2;0;0;0;0;0;0;2;4587;136.73;2;9699;131.36;0.428571428571429;2.80069277911005;1.30234315948602;4.53160736716749;"bad"
"595";"Rider3";"42/2012";0;0;0;0;0;0;0;0;0;2;760;126.34;1;4111;115.41;0;0;0;3;2822;171.99;0.428571428571429;1.02491340261124;1.35968976962766;2.81317460081033;"bad"
"397";"Rider1";"22/2013";0;0;0;3;4843;161.9;2;13172;131.75;0;0;0;0;0;0;0;0;0;0;0;0;0.357142857142857;2.40007993605116;0.965033356337704;3.72225614953172;"bad"
"524";"Rider3";"52/2012";2;4253;139.71;2;10754;132.32;0;0;0;2;9079;137.93;3;6728;143.71;2;12811;123.78;0;0;0;0.785714285714286;5.81201705302425;2.2263301455848;8.82406148432334;"good"
"519";"Rider4";"39/2011";2;5157;139.85;3;4911;141.48;2;4150;135.64;3;7103;153.83;0;0;0;2;15715;133.9;2;9244;130.81;1;6.16573407940314;2.74576883893654;9.91150291833969;"good"
"683";"Rider5";"33/2010";0;0;0;2;8851;131.24;0;0;0;2;5965;123.91;0;0;0;0;0;0;3;17065;155.98;0.5;4.24740207833733;1.35111242564659;6.09851450398392;"good"
"359";"Rider3";"31/2013";0;0;0;2;6158;132.34;2;14920;123;2;10862;139.25;0;0;0;2;2482;134.94;0;0;0;0.571428571428571;4.585931254996;1.74021492655033;6.8975747529749;"good"
"366";"Rider3";"38/2014";0;0;0;2;5199;138.91;1;7166;114.14;2;4265;133.09;0;0;0;0;0;0;3;5672;163.69;0.571428571428571;2.97122302158273;1.80692760195866;5.34957919496996;"good"
"98";"Rider2";"24/2014";0;0;0;0;0;0;2;6495;119.78;0;0;0;1;4061;112.69;2;8379;129.67;2;9419;139.3;0.5;3.77751132427391;1.64790167274639;5.92541299702031;"good"
"493";"Rider5";"32/2011";0;0;0;1;5308;91.16;0;0;0;0;0;0;0;0;0;0;0;0;1;5654;105.17;0.142857142857143;1.46043165467626;0.64520687502054;2.24849567255394;"bad"
"119";"Rider4";"20/2014";1;19548;112.08;1;6861;93.94;2;11628;120.83;0;0;0;0;0;0;0;0;0;2;19589;128.14;0.428571428571429;7.67732480682121;1.49525124059286;9.60114747598549;"good"
"405";"Rider2";"8/2013";2;15473;136.43;1;6055;117.23;2;18984;127.08;1;10715;111.4;2;5262;122.3;2;6860;129.33;0;0;0;0.714285714285714;8.43978150812683;2.44428012750994;11.5983473499225;"good"
"58";"Rider5";"11/2014";0;0;0;0;0;0;0;0;0;2;4037;140.73;0;0;0;2;4522;118.58;0;0;0;0.285714285714286;1.14028776978417;0.852180485720858;2.27818254121932;"bad"
"578";"Rider3";"26/2012";2;10859;132.78;2;8341;136.72;2;7834;128.41;2;12689;127.44;0;0;0;0;0;0;3;23058;142.39;0.785714285714286;8.36410871302958;2.19441979690427;11.3442427956481;"good"
"222";"Rider2";"10/2013";0;0;0;0;0;0;0;0;0;0;0;0;0;0;0;2;14909;130.82;0;0;0;0.142857142857143;1.98627764455103;0.429918827434355;2.55905361484252;"bad"
"714";"Rider5";"17/2010";3;958;171.97;3;5482;170.77;0;0;0;0;0;0;0;0;0;0;0;0;0;0;0;0.428571428571429;0.857980282440714;1.12635972263301;2.41291143364516;"bad"
"422";"Rider4";"33/2012";1;6548;81.77;2;16501;127.62;2;25333;127.85;0;0;0;0;0;0;1;8831;85.9;0;0;0;0.428571428571429;7.62230215827338;1.39058135331427;9.44145494015909;"good"
"432";"Rider4";"13/2014";2;10837;119.7;1;10970;114.17;2;16304;130.47;2;7147;140.77;1;15162;112.49;3;8686;144.37;1;8776;113.2;0.857142857142857;10.3759658939515;2.87610503138453;14.1092137824789;"good"
"9";"Rider5";"22/2014";0;0;0;0;0;0;0;0;0;2;1729;138.1;3;1149;173.31;0;0;0;0;0;0;0.357142857142857;0.383426592059686;1.02339873147327;1.76396818067581;"bad"
"564";"Rider3";"20/2012";2;9058;138.06;2;5217;134.69;0;0;0;2;6881;132.34;2;6731;131.38;2;8078;138.15;2;14879;129.56;0.857142857142857;6.77378097521982;2.64280784777679;10.2737316801395;"good"
"361";"Rider2";"31/2013";0;0;0;0;0;0;2;5266;127.67;2;4542;123.03;0;0;0;0;0;0;0;0;0;0.285714285714286;1.30668798294698;0.823885109599395;2.41628737826066;"bad"
"542";"Rider4";"22/2012";0;0;0;2;14431;138.21;1;5940;112.28;1;3239;86.74;0;0;0;3;1730;152.78;0;0;0;0.5;3.37596589395151;1.61033882151895;5.48630471547045;"good"
"266";"Rider4";"28/2013";2;14976;138.52;3;18574;145.4;2;17492;132.91;0;0;0;2;2467;120.46;0;0;0;0;0;0;0.642857142857143;7.12883026911804;1.76571691478524;9.53740432676042;"good"
"71";"Rider5";"33/2014";0;0;0;0;0;0;1;5503;114.09;0;0;0;0;0;0;2;4776;130.5;0;0;0;0.214285714285714;1.36943778310685;0.803805580203096;2.38752907759566;"bad"
"752";"Rider5";"9/2009";0;0;0;0;0;0;0;0;0;1;11068;107.04;0;0;0;0;0;0;0;0;0;0.0714285714285714;1.47455369038103;0.3517696933846;1.8977519551942;"bad"
"315";"Rider5";"18/2014";0;0;0;0;0;0;2;4667;130.72;2;8198;126.45;2;7345;126.59;0;0;0;1;5675;109.25;0.5;3.44857447375433;1.62019783758914;5.56877231134347;"good"
"163";"Rider1";"39/2014";1;32086;110.63;2;7968;135.27;2;16476;136.51;0;0;0;1;16543;110.91;2;7413;124.74;2;30447;126.45;0.714285714285714;14.779243272049;2.44671201814059;17.9402410044753;"good"
"428";"Rider3";"13/2014";0;0;0;2;6262;124.03;2;4701;127.94;2;7047;132.69;0;0;0;2;19133;119.86;2;16687;126.34;0.714285714285714;7.17159605648814;2.07321962601466;9.95910139678852;"good"
"668";"Rider4";"51/2013";3;12218;151;2;9220;135.17;2;10436;130.92;2;11949;119.51;1;13234;115.81;0;0;0;2;16023;134.65;0.857142857142857;9.73621103117506;2.58654572940287;13.1798996177208;"good"
"787";"Rider4";"6/2012";3;3252;151.12;0;0;0;0;0;0;0;0;0;0;0;0;0;0;0;0;0;0;0.214285714285714;0.433253397282174;0.496631502842683;1.14417061441057;"bad"
"716";"Rider5";"15/2010";0;0;0;0;0;0;0;0;0;0;0;0;0;0;0;3;4037;155.7;0;0;0;0.214285714285714;0.537836397548628;0.511682934043182;1.26380504587752;"bad"
"563";"Rider4";"4/2013";0;0;0;0;0;0;1;11627;108.97;2;13244;138.59;1;14653;108.36;2;15444;123.89;2;15441;121.49;0.571428571428571;9.38036237676525;1.97607545433632;11.9278664025301;"good"
"402";"Rider7";"8/2013";2;21697;126.25;1;5732;115.23;2;16506;119.34;2;9305;121.06;1;7949;105.64;1;10727;114.88;2;18562;124.17;0.785714285714286;12.0540900612843;2.71638897104736;15.556193318046;"good"
"60";"Rider1";"11/2014";2;4283;124.44;2;9575;134.35;3;11621;142.13;0;0;0;2;10118;134.18;1;7966;87.71;3;11999;160.16;0.928571428571429;7.402344790834;2.5731046041605;10.9040208235659;"good"
"55";"Rider4";"26/2014";1;13740;92.2;1;7177;108.2;2;12667;119.48;2;19154;139.12;2;15306;118.95;1;13624;108.36;0;0;0;0.642857142857143;10.8803623767653;2.25544710637878;13.7786666260012;"good"
"729";"Rider4";"41/2012";0;0;0;2;9375;125.21;2;3445;127.65;1;2444;114.86;2;9963;123.74;0;0;0;2;3158;130.17;0.642857142857143;3.7816413535838;2.04288671990535;6.4673852163463;"good"
"725";"Rider5";"12/2011";0;0;0;2;6048;121.75;0;0;0;2;8639;120.95;0;0;0;1;24780;116.65;0;0;0;0.357142857142857;5.25806021849187;1.180945808275;6.79614888390973;"good"
"206";"Rider2";"37/2014";1;3343;111.7;2;8027;126.39;0;0;0;0;0;0;1;4708;99.44;0;0;0;2;7471;130.72;0.428571428571429;3.13735678124167;1.53882809162312;5.10475630143622;"bad"
"779";"Rider2";"40/2012";0;0;0;1;2270;97.09;1;6000;98.61;0;0;0;0;0;0;0;0;0;0;0;0;0.142857142857143;1.10178523847589;0.643136481645798;1.88777886297883;"bad"
"529";"Rider1";"9/2012";0;0;0;2;7340;136.32;0;0;0;0;0;0;0;0;0;2;12361;134.75;0;0;0;0.285714285714286;2.62470023980815;0.890827828716028;3.80124235423847;"bad"
"268";"Rider3";"11/2013";2;10710;128.08;2;4898;131.08;0;0;0;0;0;0;0;0;0;0;0;0;2;190645;124.9;0.428571428571429;27.4784172661871;1.26215123730652;29.169139932065;"good"
"477";"Rider3";"37/2011";2;7024;136.32;2;13085;135.31;0;0;0;2;8617;130.09;0;0;0;0;0;0;0;0;0;0.428571428571429;3.82707167599254;1.32018797857307;5.57583108313704;"good"
"33";"Rider6";"31/2014";3;5265;142.25;0;0;0;0;0;0;0;0;0;2;3655;134.24;2;23721;130.15;1;13252;116.25;0.571428571428571;6.11417532640554;1.7183936376483;8.40399753548241;"good"
"238";"Rider2";"7/2013";0;0;0;0;0;0;0;0;0;0;0;0;0;0;0;0;0;0;2;14578;128.78;0.142857142857143;1.9421795896616;0.423214696506622;2.50825142902537;"bad"
"415";"Rider2";"43/2014";1;5324;114.18;2;4292;122.29;0;0;0;0;0;0;1;5732;116.51;0;0;0;0;0;0;0.285714285714286;2.04476418864908;1.16001183081928;3.49049030518265;"bad"
"134";"Rider7";"17/2013";0;0;0;1;8259;115.14;0;0;0;1;11505;100.42;1;6917;109;2;8845;118.2;1;12808;117.56;0.428571428571429;6.43938182787104;1.84140129481744;8.70935455125991;"good"
"528";"Rider3";"9/2012";2;2314;124.93;0;0;0;0;0;0;2;11068;133.86;2;7606;126.19;2;21776;119.26;2;10543;130.45;0.714285714285714;7.10191846522782;2.08580630319761;9.90201048271114;"good"
"121";"Rider6";"40/2014";0;0;0;0;0;0;3;3498;142.46;0;0;0;0;0;0;2;4972;136.3;0;0;0;0.357142857142857;1.12843058886224;0.91609977324263;2.40167321924773;"bad"
"521";"Rider5";"37/2013";0;0;0;0;0;0;0;0;0;2;5865;126.52;1;4478;116.48;0;0;0;0;0;0;0.214285714285714;1.37796429523048;0.798580301685892;2.39083031120209;"bad"
"531";"Rider3";"28/2012";0;0;0;2;8947;125.29;2;7337;132.26;0;0;0;3;248;154.7;2;15145;136.19;2;7927;129.56;0.785714285714286;5.27631228350653;2.22813763186434;8.29016420108515;"good"
"72";"Rider2";"33/2014";0;0;0;0;0;0;2;13534;119.75;0;0;0;0;0;0;2;11697;123.24;1;6605;105.9;0.357142857142857;4.2414068745004;1.14657070557692;5.74512043722017;"good"
"592";"Rider2";"6/2013";2;6075;131.2;0;0;0;0;0;0;0;0;0;0;0;0;0;0;0;0;0;0;0.142857142857143;0.809352517985612;0.43116763613658;1.38337729697933;"bad"
"31";"Rider4";"19/2014";0;0;0;2;19906;139.44;2;8850;131.3;2;17898;121.09;1;9365;90.68;1;11470;91.12;2;20071;129.57;0.714285714285714;11.6653343991473;2.31095336685399;14.6905734802871;"good"
"446";"Rider3";"3/2015";0;0;0;0;0;0;0;0;0;0;0;0;0;0;0;2;6865;136.32;0;0;0;0.142857142857143;0.914601652011724;0.447993690229715;1.50545248509858;"bad"
"56";"Rider7";"11/2014";0;0;0;0;0;0;1;5967;114.98;2;4516;124.5;1;7279;115.9;1;5044;105.62;3;7340;148.48;0.571428571428571;4.01625366373568;2.00295770482106;6.59063993998531;"good"
"341";"Rider7";"2/2014";0;0;0;0;0;0;0;0;0;0;0;0;2;7190;123.35;2;8012;124.49;0;0;0;0.285714285714286;2.02531308286704;0.814486180945808;3.12551354952713;"bad"
"774";"Rider5";"25/2010";0;0;0;0;0;0;0;0;0;2;8475;126.27;0;0;0;0;0;0;0;0;0;0.142857142857143;1.1290967226219;0.414965986394558;1.6869198518736;"bad"
"750";"Rider5";"5/2009";0;0;0;0;0;0;0;0;0;0;0;0;2;14972;137.21;0;0;0;0;0;0;0.142857142857143;1.99467092992273;0.450918531663873;2.58844660444375;"bad"
"413";"Rider7";"43/2014";0;0;0;1;6595;109.54;0;0;0;0;0;0;2;9636;119.6;0;0;0;0;0;0;0.214285714285714;2.16240341060485;0.753031647441585;3.12972077233215;"bad"
"32";"Rider7";"31/2014";1;5847;107.78;1;10649;111.79;0;0;0;0;0;0;0;0;0;0;0;0;3;8636;153;0.357142857142857;3.34825472954969;1.22439120575767;4.92978879245022;"bad"
"218";"Rider4";"30/2014";0;0;0;3;7982;143.51;3;14954;151.63;2;16031;123.24;0;0;0;0;0;0;0;0;0;0.571428571428571;5.19144684252598;1.37493838114956;7.13781379510411;"good"
"570";"Rider3";"44/2012";1;4987;116.78;2;4881;126.13;2;716;133.51;3;3244;145.67;3;3902;143.68;0;0;0;2;6635;132.15;0.928571428571429;3.24606981081801;2.62223536757698;6.79687660696642;"good"
"772";"Rider5";"4/2010";0;0;0;0;0;0;0;0;0;0;0;0;3;9238;143.63;0;0;0;0;0;0;0.214285714285714;1.23074873434586;0.472016826054093;1.91705127468566;"bad"
"623";"Rider3";"45/2014";0;0;0;0;0;0;0;0;0;0;0;0;0;0;0;0;0;0;3;3550;144.82;0.214285714285714;0.472954969357847;0.475927569095271;1.16316825273883;"bad"
"43";"Rider1";"35/2014";1;8008;102.23;2;11965;126.65;2;4919;125.96;3;1441;179.43;2;2922;131.52;1;4750;106;3;13352;155.81;1;6.30921929123368;3.04840776890466;10.3576270601383;"good"
"678";"Rider5";"27/2009";0;0;0;0;0;0;2;3676;120.4;0;0;0;1;5532;117.84;0;0;0;0;0;0;0.214285714285714;1.2267519317879;0.782937329521181;2.2239749755948;"bad"
"353";"Rider7";"36/2013";2;5798;121.34;2;5998;121.24;2;5466;124.94;0;0;0;1;5972;117.15;0;0;0;0;0;0;0.5;3.09539035438316;1.592789772914;5.18818012729716;"good"
"195";"Rider4";"9/2014";2;12639;137.75;0;0;0;2;9460;121.32;0;0;0;1;14074;107.35;1;11933;112.76;1;7900;111.7;0.5;7.46149746869171;1.94183180518584;9.90332927387756;"good"
"79";"Rider1";"17/2014";2;7060;139.7;2;18804;139.06;0;0;0;2;11346;130.14;2;10951;129.3;0;0;0;2;8600;136.05;0.714285714285714;7.56208366640021;2.21581386177659;10.4921832424625;"good"
"661";"Rider4";"18/2012";2;12324;125.84;1;15486;104.4;1;11625;111.42;0;0;0;3;4561;172.02;0;0;0;0;0;0;0.5;5.86144417799094;1.68812645831279;8.04957063630373;"good"
"514";"Rider3";"33/2011";2;13117;122.07;2;13283;123.85;0;0;0;3;5730;147.01;0;0;0;2;3088;135.08;3;13712;158.9;0.857142857142857;6.51878497202238;2.25741890959282;9.63334673875806;"good"
"612";"Rider5";"48/2013";0;0;0;0;0;0;0;0;0;2;4850;137.02;2;6369;133.15;0;0;0;0;0;0;0.285714285714286;1.49467092992273;0.887870123894969;2.66825533953198;"bad"
"6";"Rider4";"29/2013";2;12038;124.58;2;15819;133.4;2;20762;119.15;1;9331;108.01;0;0;0;2;3892;118.97;0;0;0;0.642857142857143;8.23900879296563;1.98531006605541;10.8671760018782;"good"
"740";"Rider5";"20/2011";0;0;0;1;18668;116.78;0;0;0;0;0;0;0;0;0;2;4416;136.01;0;0;0;0.214285714285714;3.07540634159339;0.830753557461632;4.12044561334074;"bad"
"312";"Rider4";"35/2013";0;0;0;2;9274;128.76;3;4046;147.78;2;7690;124.59;3;4955;142.82;2;46229;118.55;3;9492;167.25;1.07142857142857;10.8827604583;2.72683952808176;14.6810285578104;"good"
"277";"Rider5";"1/2013";0;0;0;0;0;0;0;0;0;0;0;0;0;0;0;2;5038;130.3;2;13918;129.95;0.285714285714286;2.52544630961897;0.85526964408952;3.66643023942278;"bad"
"371";"Rider7";"30/2013";0;0;0;2;6934;123.06;0;0;0;0;0;0;0;0;0;0;0;0;2;8057;137.58;0.285714285714286;1.99720223820943;0.856551316178645;3.13946784010236;"bad"
"214";"Rider3";"30/2014";2;5803;122.69;0;0;0;3;14954;151.63;2;16031;123.24;1;2049;116.61;2;1415;123.77;0;0;0;0.714285714285714;5.36264321875833;2.09648690394032;8.17341583698436;"good"
"170";"Rider7";"23/2013";0;0;0;1;5757;111.76;1;5317;116.12;0;0;0;0;0;0;0;0;0;2;8193;124.51;0.285714285714286;2.56687982946976;1.15807289099215;4.01066700617619;"bad"
"622";"Rider4";"14/2012";2;6756;118.97;2;3678;122.49;3;9786;144.49;0;0;0;0;0;0;2;4893;122.54;2;11287;126.85;0.785714285714286;4.84945377031708;2.08794242334615;7.72311047937751;"good"
"194";"Rider2";"9/2014";2;7328;137.01;2;7526;127.51;2;7640;122.26;0;0;0;0;0;0;2;9491;119.24;0;0;0;0.571428571428571;4.26125766053824;1.66295310394689;6.4956393359137;"good"
"624";"Rider5";"45/2014";0;0;0;2;3641;129.97;0;0;0;0;0;0;0;0;0;2;3806;135.08;0;0;0;0.285714285714286;0.992139621636025;0.871044069801834;2.14889797715214;"bad"
"126";"Rider3";"12/2013";0;0;0;2;10181;127.73;1;5886;107.45;1;6116;85.84;0;0;0;0;0;0;0;0;0;0.285714285714286;2.95536903810285;1.05498044628479;4.29606377010193;"bad"
"692";"Rider5";"11/2009";0;0;0;2;8334;132.71;0;0;0;1;5807;115.75;0;0;0;0;0;0;0;0;0;0.214285714285714;1.88395949906741;0.816523710933649;2.91476892428678;"bad"
"105";"Rider1";"18/2013";3;6468;142.03;0;0;0;2;11824;140.2;0;0;0;0;0;0;0;0;0;0;0;0;0.357142857142857;2.43698374633626;0.927503368497157;3.72162997197628;"bad"
"226";"Rider3";"25/2014";0;0;0;0;0;0;2;5600;125.6;0;0;0;1;2764;110.78;3;5715;164.27;0;0;0;0.428571428571429;1.87569944044764;1.3166715961747;3.62094246519377;"bad"
"330";"Rider7";"32/2012";0;0;0;1;5836;111.8;2;9371;123.04;0;0;0;2;6699;119.77;1;1061;102.44;3;6645;152.69;0.642857142857143;3.9451105782041;2.00381215288048;6.59177987394172;"good"
"568";"Rider5";"32/2013";0;0;0;0;0;0;0;0;0;0;0;0;1;6633;102.06;0;0;0;0;0;0;0.0714285714285714;0.883693045563549;0.335403726708075;1.2905253437002;"bad"
"491";"Rider5";"28/2011";0;0;0;0;0;0;1;5449;114.32;0;0;0;0;0;0;2;6055;120.39;0;0;0;0.214285714285714;1.53264055422329;0.771336553945249;2.51826282245425;"bad"
"27";"Rider3";"19/2014";2;89001;132.47;2;5016;132.2;0;0;0;0;0;0;0;0;0;2;12099;135.75;2;9531;130.01;0.571428571428571;15.4072741806555;1.74317263137139;17.7218753834554;"good"
"148";"Rider5";"12/2014";0;0;0;2;5371;140.03;3;7112;145.82;2;4751;134;0;0;0;2;9860;137.9;0;0;0;0.642857142857143;3.60964561683986;1.83295540438398;6.08545816408098;"good"
"726";"Rider5";"9/2011";0;0;0;0;0;0;0;0;0;3;11920;142.35;2;6834;128.26;0;0;0;2;12017;120.79;0.5;4.09952038369305;1.2862729632916;5.88579334698464;"good"
"455";"Rider2";"4/2015";0;0;0;0;0;0;0;0;0;0;0;0;0;0;0;1;8031;113.67;0;0;0;0.0714285714285714;1.06994404476419;0.373558118899734;1.51493073509249;"bad"
"261";"Rider4";"40/2013";0;0;0;2;4983;137.9;2;5936;119.52;0;0;0;2;3011;129.25;2;13845;123.24;0;0;0;0.571428571428571;3.70037303490541;1.67573696145125;5.94753856778523;"good"
"667";"Rider5";"51/2013";0;0;0;0;0;0;0;0;0;1;3792;111.66;0;0;0;0;0;0;0;0;0;0.0714285714285714;0.50519584332534;0.366952578132702;0.943576992886613;"bad"
"544";"Rider3";"16/2012";0;0;0;2;51265;138.26;2;7178;134.09;2;8642;130.46;0;0;0;2;92684;136.59;2;10394;139.32;0.714285714285714;22.6702637889688;2.23050379572119;25.6150532989757;"good"
"373";"Rider5";"30/2013";0;0;0;0;0;0;0;0;0;0;0;0;0;0;0;2;4821;132.97;0;0;0;0.142857142857143;0.64228617106315;0.436984455617996;1.22212776953829;"bad"
"270";"Rider1";"11/2013";0;0;0;0;0;0;0;0;0;0;0;0;0;0;0;3;22266;160.33;2;9403;133.77;0.357142857142857;4.21915800692779;0.966512208748234;5.54281307281888;"good"
"391";"Rider1";"24/2013";0;0;0;2;11823;124.93;0;0;0;1;3706;103.67;0;0;0;0;0;0;3;21673;152.44;0.428571428571429;4.95630162536637;1.25222649446252;6.63709954840032;"good"
"693";"Rider5";"8/2009";2;8154;128.95;2;8574;136.27;0;0;0;2;5929;126.54;2;11093;127.43;0;0;0;0;0;0;0.571428571428571;4.49640287769784;1.70623418449505;6.77406563362147;"good"
"490";"Rider3";"28/2011";0;0;0;2;6502;128.08;2;11971;119.77;2;6200;130.23;0;0;0;2;3275;125.75;0;0;0;0.571428571428571;3.72342126298961;1.65575602221565;5.95060585663383;"good"
"372";"Rider3";"30/2013";1;10752;93.19;0;0;0;2;6792;129.69;2;10847;126.92;0;0;0;0;0;0;0;0;0;0.357142857142857;3.78244071409539;1.14956127378488;5.28914484502312;"good"
"722";"Rider5";"7/2011";0;0;0;0;0;0;0;0;0;0;0;0;0;0;0;3;11017;141.8;2;10068;132.22;0.357142857142857;2.80908606448175;0.90052252785172;4.06675144947633;"bad"
"525";"Rider5";"52/2012";0;0;0;0;0;0;0;0;0;2;9514;132.09;2;5647;132.11;0;0;0;0;0;0;0.285714285714286;2.01985078603784;0.868250681915278;3.1738157536674;"bad"
"629";"Rider5";"29/2011";0;0;0;2;9478;139.87;0;0;0;0;0;0;0;0;0;2;5490;127.34;0;0;0;0.285714285714286;1.994138022915;0.878142561372375;3.15799487000166;"bad"
"770";"Rider5";"3/2009";0;0;0;0;0;0;0;0;0;0;0;0;0;0;0;2;13730;123.9;0;0;0;0.142857142857143;1.82920330402345;0.407177363699103;2.37923781057969;"bad"
"642";"Rider3";"45/2012";0;0;0;0;0;0;0;0;0;3;7457;153.21;0;0;0;0;0;0;3;1998;168.57;0.428571428571429;1.25965893951505;1.05747806368924;2.74570843177573;"bad"
"165";"Rider3";"27/2014";0;0;0;0;0;0;0;0;0;0;0;0;0;0;0;0;0;0;2;6866;134.58;0.142857142857143;0.914734878763656;0.442275460909001;1.4998674825298;"bad"
"675";"Rider5";"22/2009";0;0;0;2;5560;125.73;0;0;0;2;7003;128.51;2;7397;134.43;2;6530;121.5;3;1616;141.31;0.785714285714286;3.74447108979483;2.14098392980381;6.67116930531292;"good"
"483";"Rider4";"34/2013";2;3611;139.6;2;2631;135.91;2;11021;119.83;3;9763;141.64;2;6869;122.8;3;3675;149.85;3;3125;146.65;1.21428571428571;5.42166266986411;3.14265996253574;9.77860834668556;"good"
"458";"Rider3";"39/2012";2;6860;129.81;0;0;0;2;4417;129.72;2;9111;132.94;0;0;0;0;0;0;0;0;0;0.428571428571429;2.71622701838529;1.28978934568997;4.43458779264669;"bad"
"216";"Rider2";"30/2014";1;4902;115.67;0;0;0;0;0;0;2;7930;121.19;0;0;0;0;0;0;1;10316;84.91;0.285714285714286;3.08393285371703;1.05744520030234;4.42709233973365;"bad"
"706";"Rider5";"4/2011";0;0;0;0;0;0;2;8919;129.47;0;0;0;0;0;0;0;0;0;0;0;0;0.142857142857143;1.18824940047962;0.425482270202767;1.75658881353953;"bad"
"459";"Rider5";"39/2012";0;0;0;0;0;0;0;0;0;2;4667;130.01;0;0;0;0;0;0;0;0;0;0.142857142857143;0.621769251265654;0.427256893095402;1.1918832872182;"bad"
"436";"Rider6";"1/2015";0;0;0;0;0;0;0;0;0;0;0;0;0;0;0;0;0;0;1;8431;96.06;0.0714285714285714;1.1232347455369;0.315685694567682;1.51034901153316;"bad"
"155";"Rider2";"28/2014";2;7765;122.36;0;0;0;0;0;0;0;0;0;0;0;0;1;12014;114.11;1;5374;87.78;0.285714285714286;3.35105249134026;1.06559532025371;4.70236209730825;"bad"
"782";"Rider4";"44/2013";1;5972;96.06;0;0;0;0;0;0;0;0;0;0;0;0;0;0;0;0;0;0;0.0714285714285714;0.795630162536637;0.315685694567682;1.18274442853289;"bad"
"589";"Rider4";"35/2012";1;6904;76.38;1;19414;110.09;2;10925;131.48;2;6758;126.42;0;0;0;0;0;0;0;0;0;0.428571428571429;5.8621103117506;1.46035032370436;7.75103206402639;"good"
"109";"Rider5";"14/2014";0;0;0;0;0;0;2;3297;133.64;0;0;0;3;3684;153.84;0;0;0;0;0;0;0.357142857142857;0.930055955235811;0.944756646620001;2.23195545899867;"bad"
"554";"Rider4";"21/2012";0;0;0;0;0;0;0;0;0;2;9019;120.54;1;6487;77.42;0;0;0;0;0;0;0.214285714285714;2.0658140154543;0.650563607085346;2.93066333682536;"bad"
"548";"Rider2";"51/2012";0;0;0;2;3866;125.95;0;0;0;0;0;0;0;0;0;2;18601;127.22;0;0;0;0.285714285714286;2.99320543565148;0.832002366163857;4.11092208752962;"bad"
"602";"Rider2";"46/2012";0;0;0;0;0;0;0;0;0;0;0;0;0;0;0;2;7213;128.13;2;6582;119.31;0.285714285714286;1.83786304289901;0.813171645469782;2.93674897408308;"bad"
"255";"Rider4";"16/2013";0;0;0;0;0;0;1;9448;80.03;2;14599;140.73;1;10107;109.57;0;0;0;0;0;0;0.285714285714286;4.55022648547828;1.0855762594893;5.92151703068187;"good"
"190";"Rider4";"16/2014";1;15593;102.91;2;19649;129.29;2;10777;126.53;2;9856;140.24;1;9802;97.53;2;15648;131.81;0;0;0;0.714285714285714;10.8346656008527;2.39347333136153;13.9424246464999;"good"
"169";"Rider4";"27/2014";1;10176;101.8;1;7553;108.31;2;9925;127.14;2;13571;132.29;1;5980;99.6;2;26628;121.32;1;16803;113.15;0.714285714285714;12.0751398880895;2.64093463472345;15.4303602370987;"good"
"536";"Rider3";"34/2011";0;0;0;2;9783;136.67;2;12027;137.29;0;0;0;0;0;0;2;3980;139.41;3;13092;158.5;0.642857142857143;5.18012256861178;1.8793585066877;7.70233821815662;"good"
"735";"Rider5";"29/2010";0;0;0;0;0;0;0;0;0;2;7184;136.74;0;0;0;0;0;0;0;0;0;0.142857142857143;0.957100985877964;0.449373952479543;1.54933208121465;"bad"
"677";"Rider5";"24/2009";0;0;0;1;7496;115.12;2;4717;133.17;0;0;0;2;7645;118.56;0;0;0;3;5561;172.25;0.571428571428571;3.38649080735412;1.77166518781426;5.72958456659694;"good"
"167";"Rider2";"27/2014";0;0;0;0;0;0;1;6727;112.01;1;5514;97.22;0;0;0;1;12835;112.1;1;6229;91.66;0.285714285714286;4.17066346922462;1.35722501561011;5.81360277054901;"good"
"737";"Rider5";"14/2009";0;0;0;0;0;0;0;0;0;0;0;0;2;17360;124.93;2;28848;128.07;0;0;0;0.285714285714286;6.15614175326406;0.831443688586546;7.27329972756489;"good"
"346";"Rider5";"6/2014";0;0;0;0;0;0;0;0;0;2;4568;137.24;2;5003;134.26;0;0;0;2;6107;134.32;0.428571428571429;2.08872901678657;1.33366196720234;3.85096241256034;"bad"
"486";"Rider3";"11/2012";0;0;0;0;0;0;2;7789;132.28;2;11620;123.41;2;7479;128.23;2;16843;122.46;1;10706;109.32;0.642857142857143;7.25246469491074;2.02339873147327;9.91872056924115;"good"
"732";"Rider5";"7/2009";0;0;0;0;0;0;2;11036;137.07;0;0;0;0;0;0;0;0;0;0;0;0;0.142857142857143;1.47029043431921;0.450458444247264;2.06360602142362;"bad"
"580";"Rider3";"24/2012";2;7335;131.36;0;0;0;0;0;0;2;7429;134.23;2;6039;138.67;2;13167;132.95;2;13680;128.02;0.714285714285714;6.34825472954969;2.1861710867922;9.24871153062761;"good"
"707";"Rider5";"24/2011";0;0;0;0;0;0;2;6513;122.89;0;0;0;2;3948;133.48;0;0;0;0;0;0;0.285714285714286;1.39368505195843;0.842518649972066;2.52191798764479;"bad"
"326";"Rider7";"46/2013";0;0;0;0;0;0;0;0;0;0;0;0;0;0;0;2;5906;136.26;2;6265;138.23;0.285714285714286;1.62150279776179;0.902067107036051;2.80928419051213;"bad"
"745";"Rider5";"37/2010";2;6302;129.26;0;0;0;0;0;0;2;4507;137.02;0;0;0;0;0;0;0;0;0;0.285714285714286;1.4400479616307;0.875086266390614;2.6008485137356;"bad"
"133";"Rider4";"29/2012";0;0;0;2;12839;128.48;1;2673;111.72;1;9860;116.57;1;8546;111.63;0;0;0;0;0;0;0.357142857142857;4.51878497202238;1.53932104242663;6.41524887159187;"good"
"78";"Rider2";"17/2014";2;11893;130.24;0;0;0;1;6795;117.11;1;5218;104.28;0;0;0;1;12338;80.99;1;3421;100.27;0.428571428571429;5.28443911537437;1.75125702454895;7.46426756849475;"good"
"178";"Rider1";"26/2013";0;0;0;0;0;0;3;14315;142.27;1;7872;108.61;0;0;0;0;0;0;0;0;0;0.285714285714286;2.95590194511058;0.824476650563607;4.06609288138847;"bad"
"704";"Rider4";"38/2011";0;0;0;0;0;0;0;0;0;0;0;0;2;5880;122.31;1;16089;93.2;0;0;0;0.214285714285714;2.92685851318945;0.708238851095994;3.84938307857116;"bad"
"659";"Rider3";"18/2012";0;0;0;2;6488;139.36;1;9362;117.48;0;0;0;0;0;0;0;0;0;0;0;0;0.214285714285714;2.11164401811884;0.844063229156397;3.16999296156095;"bad"
"733";"Rider5";"49/2010";0;0;0;2;7760;133.41;2;7016;140.04;0;0;0;0;0;0;0;0;0;3;5068;164.08;0.5;2.6437516653344;1.43787176706431;4.58162343239871;"bad"
"479";"Rider3";"34/2013";0;0;0;2;5455;131.68;2;8931;124.54;2;6557;132.42;0;0;0;0;0;0;0;0;0;0.428571428571429;2.79016786570743;1.27720266850702;4.49594196278588;"bad"
"567";"Rider3";"32/2013";0;0;0;2;10523;132.56;2;9320;132.13;2;34053;128.99;2;8010;130.63;0;0;0;0;0;0;0.571428571428571;8.24753530508926;1.72306023858819;10.542024115106;"good"
"453";"Rider3";"4/2015";2;4061;137.04;0;0;0;0;0;0;2;4555;138.35;0;0;0;0;0;0;0;0;0;0.285714285714286;1.14788169464428;0.90502481185711;2.33862079221568;"bad"
"652";"Rider3";"1/2012";2;11175;132.59;0;0;0;0;0;0;0;0;0;0;0;0;0;0;0;0;0;0;0.142857142857143;1.48880895283773;0.435735646915771;2.06740174261064;"bad"
"474";"Rider5";"1/2014";0;0;0;1;4988;109.32;2;5694;122.55;2;8563;127.6;2;3892;130.91;0;0;0;0;0;0;0.5;3.08246735944578;1.61155476683427;5.19402212628005;"good"
"365";"Rider6";"38/2014";0;0;0;2;3797;132.9;0;0;0;0;0;0;0;0;0;0;0;0;1;3411;114.26;0.214285714285714;0.960298427924327;0.812251470636564;1.98683561284661;"bad"
"464";"Rider3";"30/2011";2;15349;122.53;2;7415;133.53;1;13340;114.94;0;0;0;2;15035;123.32;2;18562;121.89;2;15163;127.08;0.785714285714286;11.3061550759392;2.44270268493871;14.5345720465922;"good"
"171";"Rider3";"23/2013";0;0;0;1;86529;101.58;2;116242;135.23;2;6584;127.48;0;0;0;0;0;0;0;0;0;0.357142857142857;27.8916866506795;1.19718032140392;29.4460098292262;"good"
"462";"Rider3";"10/2012";0;0;0;2;7860;132.97;2;11163;131.38;2;8667;124.55;0;0;0;0;0;0;0;0;0;0.428571428571429;3.68904876099121;1.27805711656643;5.39567730612907;"good"
"421";"Rider5";"33/2012";0;0;0;0;0;0;0;0;0;0;0;0;0;0;0;0;0;0;3;14624;156.1;0.214285714285714;1.94830802025047;0.512997469519209;2.67559120405539;"bad"
"221";"Rider5";"10/2013";0;0;0;2;10119;127.81;2;8812;122.45;0;0;0;0;0;0;0;0;0;0;0;0;0.285714285714286;2.52211564082068;0.822439120575767;3.63026904711073;"bad"
"184";"Rider1";"41/2014";0;0;0;3;8002;143.78;0;0;0;2;2378;134.58;2;17978;122.79;0;0;0;0;0;0;0.5;3.77804423128164;1.31831476551973;5.59635899680138;"good"
"338";"Rider2";"21/2014";0;0;0;2;6862;126.26;1;14145;104.06;2;7247;126.15;0;0;0;1;9288;111.22;1;10283;111.42;0.5;6.37156941113776;1.90315159880377;8.77472100994153;"good"
"286";"Rider5";"41/2013";0;0;0;2;4807;121.13;2;7281;120.8;0;0;0;0;0;0;0;0;0;0;0;0;0.285714285714286;1.61044497735145;0.795063919287522;2.69122318235326;"bad"
"136";"Rider5";"17/2013";0;0;0;0;0;0;0;0;0;0;0;0;0;0;0;2;7429;130.55;3;12478;143.3;0.357142857142857;2.6521449507061;0.899963850274409;3.90925165812337;"bad"
"420";"Rider3";"33/2012";2;7500;139.53;0;0;0;2;18623;132.05;3;7538;143.26;0;0;0;2;3326;132.89;3;13114;155.14;0.857142857142857;6.67479349853451;2.30986887508627;9.84180523076363;"good"
"275";"Rider7";"1/2013";0;0;0;0;0;0;0;0;0;2;7065;125.62;2;4837;126.37;2;6671;129.46;2;8942;128.53;0.571428571428571;3.66573407940314;1.67596700515955;5.91312965599127;"good"
"618";"Rider1";"47/2012";0;0;0;2;5101;138.28;2;6487;126.19;2;7385;135.41;2;5661;131.92;2;13747;121.05;2;15421;124.43;0.857142857142857;7.16786570743405;2.55440533701403;10.5794139015909;"good"
"40";"Rider3";"35/2014";0;0;0;2;4635;136.68;0;0;0;2;8179;141.07;0;0;0;2;9350;123.7;1;6322;116.81;0.5;3.79509725552891;1.70317788951329;5.9982751450422;"good"
"362";"Rider1";"31/2013";0;0;0;0;0;0;0;0;0;3;20268;184.08;0;0;0;3;2205;153.98;0;0;0;0.428571428571429;2.99400479616307;1.11097965756351;4.53355588229801;"bad"
"450";"Rider6";"6/2015";0;0;0;0;0;0;3;2240;144.54;0;0;0;0;0;0;0;0;0;0;0;0;0.214285714285714;0.298427924327205;0.475007394262053;0.987721032874972;"bad"
"388";"Rider7";"24/2013";2;6053;120.72;0;0;0;0;0;0;0;0;0;0;0;0;0;0;0;0;0;0;0.142857142857143;0.806421529443112;0.396726806664695;1.34600547896495;"bad"
"648";"Rider3";"5/2014";0;0;0;0;0;0;0;0;0;0;0;0;0;0;0;2;2298;131.38;0;0;0;0.142857142857143;0.306155075939249;0.431759177100792;0.880771395897183;"bad"
"669";"Rider3";"48/2012";0;0;0;0;0;0;0;0;0;0;0;0;0;0;0;2;10131;133.02;0;0;0;0.142857142857143;1.34972022382094;0.437148772552499;1.92972613923059;"bad"
"719";"Rider5";"5/2011";2;8357;127.09;0;0;0;0;0;0;0;0;0;2;9307;123.37;0;0;0;0;0;0;0.285714285714286;2.3533173461231;0.82309638831378;3.46212802015117;"bad"
"86";"Rider1";"34/2014";1;5693;107.74;0;0;0;2;7597;126.51;2;4463;128.16;1;2992;109.23;1;6323;114.18;2;8994;140.17;0.642857142857143;4.80442312816414;2.38584902560058;7.83312929662186;"good"
"545";"Rider4";"16/2012";0;0;0;0;0;0;2;10415;135.52;0;0;0;0;0;0;3;6356;145.23;2;12334;133.06;0.5;3.87756461497469;1.35991981333596;5.73748442831065;"good"
"246";"Rider7";"14/2013";3;4597;147.97;0;0;0;0;0;0;2;8677;120.39;0;0;0;2;9920;124.52;1;7709;105.8;0.571428571428571;4.11710631494804;1.63883137796181;6.32736626433843;"good"
"154";"Rider3";"28/2014";2;6350;133.37;0;0;0;0;0;0;0;0;0;2;5540;121.3;2;10006;120.6;2;12572;121.73;0.571428571428571;4.59205968558487;1.6333103289625;6.79679858597594;"good"
"11";"Rider4";"22/2014";2;14996;128.42;2;8596;133.22;0;0;0;1;18345;110.57;1;8970;84.63;0;0;0;0;0;0;0.428571428571429;6.78217426059153;1.50133096716948;8.71207665633243;"good"
"747";"Rider5";"13/2010";0;0;0;0;0;0;0;0;0;0;0;0;0;0;0;2;19997;139.82;2;5929;129.3;0.285714285714286;3.45403677058353;0.8844194682704;4.62417052456822;"bad"
"653";"Rider5";"1/2012";0;0;0;0;0;0;0;0;0;0;0;0;0;0;0;2;10539;132.43;0;0;0;0.142857142857143;1.40407673860911;0.435209832725361;1.98214371419162;"bad"
"26";"Rider7";"19/2014";0;0;0;1;9027;114.66;2;8961;122.61;1;9260;116.8;1;8983;110.67;1;11326;115.7;1;3722;114.09;0.5;6.83173461231015;2.28246081041112;9.61419542272127;"good"
"256";"Rider7";"33/2013";2;172901;128.93;0;0;0;2;10174;137.45;0;0;0;0;0;0;2;8847;128.87;0;0;0;0.428571428571429;25.5691446842526;1.29892536724835;27.2966414800724;"good"
"106";"Rider4";"18/2013";1;13864;117.68;2;11302;137.81;2;16319;125.37;2;11964;128.16;1;18160;105.55;0;0;0;0;0;0;0.571428571428571;9.5402344790834;2.01968516875349;12.1313482192655;"good"
"396";"Rider2";"22/2013";0;0;0;2;8025;128.94;1;9240;107.95;0;0;0;0;0;0;1;7151;109.6;3;9989;148.92;0.5;4.58366640021316;1.6280850504453;6.71175145065846;"good"
"784";"Rider4";"43/2012";0;0;0;0;0;0;0;0;0;0;0;0;2;3484;132.59;2;5369;135.25;0;0;0;0.285714285714286;1.17945643485212;0.880212954747116;2.34538367531352;"bad"
"414";"Rider6";"43/2014";0;0;0;0;0;0;0;0;0;1;4938;94.83;2;9973;127.98;0;0;0;3;9505;159.07;0.428571428571429;3.25286437516653;1.25498701896217;4.93642282270014;"bad"
"279";"Rider4";"1/2013";3;9208;149.92;0;0;0;0;0;0;0;0;0;0;0;0;0;0;0;0;0;0;0.214285714285714;1.2267519317879;0.492687896414604;1.93372554248822;"bad"
"728";"Rider2";"41/2012";0;0;0;0;0;0;0;0;0;1;3486;117.67;0;0;0;2;5923;123.86;2;8380;121.58;0.357142857142857;2.36997069011458;1.19330244174965;3.92041598900708;"bad"
"243";"Rider5";"23/2014";0;0;0;0;0;0;2;9975;132.13;0;0;0;0;0;0;1;4666;102.86;1;3772;116.45;0.285714285714286;2.45310418332001;1.15495086923658;3.89376933827088;"bad"
"713";"Rider2";"49/2012";0;0;0;0;0;0;0;0;0;2;5268;118.13;0;0;0;0;0;0;0;0;0;0.142857142857143;0.701838529176659;0.388215189457425;1.23291086149123;"bad"
"645";"Rider3";"44/2014";0;0;0;0;0;0;0;0;0;0;0;0;0;0;0;3;3038;146.2;0;0;0;0.214285714285714;0.404742872368772;0.480462716487561;1.09949130314205;"bad"
"172";"Rider5";"23/2013";0;0;0;1;3710;95.24;0;0;0;0;0;0;0;0;0;2;5298;125.08;3;3241;152.02;0.428571428571429;1.63189448441247;1.22363534785895;3.28410126084285;"bad"
"291";"Rider7";"20/2013";2;6662;123.79;1;7525;114.1;2;6881;125.03;0;0;0;0;0;0;1;5838;113.92;2;12606;131.55;0.571428571428571;5.2640554223288;1.99937559564889;7.83485958940626;"good"
"475";"Rider1";"1/2014";2;3373;120.09;2;7157;139.9;0;0;0;0;0;0;0;0;0;0;0;0;0;0;0;0.285714285714286;1.40287769784173;0.854415196030103;2.54300717958612;"bad"
"468";"Rider2";"2/2013";0;0;0;0;0;0;0;0;0;0;0;0;0;0;0;2;9368;129.33;0;0;0;0.142857142857143;1.24806821209699;0.425022182786158;1.81594753774029;"bad"
"746";"Rider5";"2/2009";0;0;0;0;0;0;0;0;0;0;0;0;2;12930;134.98;3;17666;141.25;0;0;0;0.357142857142857;4.07620570210498;0.907785336356765;5.3411338956046;"good"
"87";"Rider4";"34/2014";2;12530;121.74;2;13452;130.64;1;11296;117.55;2;15008;128.58;1;3484;88.33;1;5652;115.38;0;0;0;0.642857142857143;8.18305355715428;2.30773275493772;11.1336434549491;"good"
"363";"Rider4";"31/2013";1;11073;84.88;2;12552;133.04;2;5776;126.15;1;2877;117.68;0;0;0;1;8773;101.59;0;0;0;0.5;5.46909139355183;1.85132603766144;7.82041743121327;"good"
"611";"Rider3";"48/2013";0;0;0;2;2615;137.97;2;7719;132.64;0;0;0;2;7085;130.69;0;0;0;2;8981;126.28;0.571428571428571;3.5171862509992;1.7338065661047;5.82242138853248;"good"
"166";"Rider5";"27/2014";0;0;0;2;5224;125.9;0;0;0;0;0;0;0;0;0;3;10171;163.6;0;0;0;0.357142857142857;2.05102584598988;0.951395050773933;3.35956375390667;"bad"
"122";"Rider5";"40/2014";0;0;0;1;4874;112.53;1;4809;112.92;0;0;0;0;0;0;3;6374;158.2;0;0;0;0.357142857142857;2.13922195576872;1.26080383844359;3.75716865135517;"bad"
"555";"Rider3";"5/2015";2;3297;138.3;0;0;0;0;0;0;0;0;0;0;0;0;2;9390;138.18;3;4117;145.99;0.5;2.23874233946176;1.38837950639193;4.12712184585369;"bad"
"217";"Rider1";"30/2014";2;7445;137.99;1;23789;114.62;2;17335;132.21;1;1088;112.25;1;5827;115.16;2;11066;138.7;2;13309;135.61;0.785714285714286;10.6393551825207;2.91347070229058;14.3385401705255;"good"
"7";"Rider7";"22/2014";1;4270;108.3;1;8503;116.95;0;0;0;0;0;0;1;2386;106.1;3;11258;144.14;1;3338;99.28;0.5;3.96416200373035;1.88888888888889;6.35305089261924;"good"
"229";"Rider1";"25/2014";0;0;0;0;0;0;2;19802;125.79;2;11883;122.37;2;4042;118.88;3;1559;164.92;0;0;0;0.642857142857143;4.96749267252864;1.74820072956719;7.35855054495298;"good"
"583";"Rider4";"3/2013";0;0;0;1;110;89;1;216;90.63;1;2457;97.85;2;2704;118.53;0;0;0;0;0;0;0.357142857142857;0.73101518784972;1.3014229846528;2.38958102964538;"bad"
"523";"Rider4";"37/2013";0;0;0;1;8358;116.66;1;8110;116.08;2;9441;124.3;1;83055;112.83;1;8379;95.45;0;0;0;0.428571428571429;15.6332267519318;1.85783298826777;17.919631168771;"good"
"248";"Rider2";"14/2013";3;9784;148.93;0;0;0;0;0;0;2;6342;124.7;0;0;0;2;6734;129.86;2;8280;129.11;0.642857142857143;4.14868105515588;1.75030398632883;6.54184218434185;"good"
"744";"Rider1";"47/2014";0;0;0;0;0;0;3;4161;142.49;3;3473;151.92;3;12725;145.7;2;5627;130.96;0;0;0;0.785714285714286;3.46203037569944;1.87672943573565;6.12447409714937;"good"
"90";"Rider5";"15/2013";0;0;0;0;0;0;2;7751;136.42;0;0;0;0;0;0;3;2164;170.99;0;0;0;0.357142857142857;1.32094324540368;1.010253376713;2.68833947925954;"bad"
"37";"Rider4";"31/2014";1;9487;90.23;1;8772;111.86;2;11037;121.61;2;20276;123.26;1;8969;96.88;1;9725;104.84;1;5401;99.34;0.642857142857143;9.81441513455902;2.45824706694272;12.9155193443589;"good"
"553";"Rider2";"21/2012";0;0;0;0;0;0;0;0;0;0;0;0;0;0;0;2;10478;122.72;0;0;0;0.142857142857143;1.39594990674127;0.403299484044826;1.94210653364324;"bad"
"700";"Rider5";"41/2009";0;0;0;0;0;0;0;0;0;0;0;0;1;439612;111;0;0;0;0;0;0;0.0714285714285714;58.5680788702372;0.364783594597259;59.004291036263;"good"
"768";"Rider5";"31/2009";0;0;0;0;0;0;0;0;0;2;5888;123.5;0;0;0;0;0;0;2;6387;135.61;0.285714285714286;1.6353583799627;0.851523217982845;2.77259588365983;"bad"
"212";"Rider7";"30/2014";0;0;0;1;10545;106.42;1;8387;113.07;1;5138;108.76;1;4884;104.71;2;5803;136.82;0;0;0;0.428571428571429;4.63056221689315;1.87249005882546;6.93162370429004;"good"
"621";"Rider3";"14/2012";2;11522;126;0;0;0;2;8053;133.16;2;7051;127.5;0;0;0;2;10893;130.94;2;9636;135.36;0.714285714285714;6.28230748734346;2.1458477110651;9.14244091269427;"good"
"392";"Rider4";"24/2013";2;491881;122;0;0;0;0;0;0;0;0;0;0;0;0;0;0;0;0;0;0;0.142857142857143;65.5317079669598;0.400933320187979;66.0754984300049;"good"
"101";"Rider7";"18/2013";2;5711;121.08;0;0;0;2;8252;118.54;1;3784;92.57;1;11791;109.45;1;5807;91.32;2;17788;134.62;0.642857142857143;7.07873701039169;2.19389398271386;9.91548813596269;"good"
"263";"Rider3";"28/2013";0;0;0;2;9665;130.34;2;6978;133.62;2;9368;128.44;0;0;0;0;0;0;0;0;0;0.428571428571429;3.46536104449774;1.28955930198166;5.18349177505083;"good"
"558";"Rider1";"5/2015";2;7345;138.53;3;7547;162.37;0;0;0;3;9144;152.32;0;0;0;2;11842;138.54;2;2996;141.15;0.857142857142857;5.17905675459632;2.40859048933583;8.44479010107501;"good"
"650";"Rider2";"5/2014";0;0;0;2;6723;126.97;0;0;0;0;0;0;0;0;0;2;10229;130.75;0;0;0;0.285714285714286;2.25845989874767;0.846955207203655;3.39112939166561;"bad"
"647";"Rider2";"44/2014";0;0;0;0;0;0;0;0;0;0;0;0;2;6144;120.34;2;4677;130.53;1;5932;112.84;0.357142857142857;2.23194777511324;1.19527424496369;3.78436487721979;"bad"
"590";"Rider3";"6/2013";0;0;0;0;0;0;0;0;0;2;9814;131.67;2;16670;131.25;2;20757;121.81;2;13311;129.89;0.571428571428571;8.06714628297362;1.69121561668145;10.3297904710836;"good"
"664";"Rider3";"2/2012";0;0;0;0;0;0;0;0;0;0;0;0;0;0;0;1;14313;101.26;0;0;0;0.0714285714285714;1.90687450039968;0.332774655756022;2.31107772758427;"bad"
"224";"Rider4";"10/2013";0;0;0;0;0;0;0;0;0;2;8757;135.66;2;12181;129.87;2;9623;136.4;1;746;107.57;0.5;4.17092992272848;1.67438956258832;6.3453194853168;"good"
"193";"Rider5";"9/2014";0;0;0;0;0;0;2;6908;134.52;0;0;0;0;0;0;2;5906;134.29;0;0;0;0.285714285714286;1.70716759925393;0.88340070327648;2.8762825882447;"bad"
"679";"Rider5";"22/2011";1;23583;99.24;0;0;0;0;0;0;0;0;0;0;0;0;0;0;0;2;11509;129.13;0.214285714285714;4.6751931787903;0.750501166650235;5.63998005972625;"good"
"549";"Rider1";"51/2012";0;0;0;0;0;0;0;0;0;0;0;0;0;0;0;0;0;0;2;156069;120.56;0.142857142857143;20.7925659472422;0.396200992474284;21.3316240825736;"good"
"22";"Rider3";"7/2014";0;0;0;0;0;0;2;6582;123.01;2;8460;130.78;0;0;0;2;7385;130.19;2;10988;129.74;0.571428571428571;4.45177191580069;1.6882579118604;6.71145839908966;"good"
"501";"Rider3";"27/2012";0;0;0;2;9918;125.63;2;11261;124.28;0;0;0;0;0;0;3;22009;149.99;2;10272;129.44;0.642857142857143;7.12230215827338;1.73959052219922;9.50474982332974;"good"
"107";"Rider7";"14/2014";1;5009;108.1;1;9882;116.03;1;6185;106.15;0;0;0;1;4741;107.88;1;9985;114.32;3;4545;147.1;0.571428571428571;5.37529976019185;2.29905682079595;8.24578515241637;"good"
"756";"Rider5";"6/2009";0;0;0;0;0;0;0;0;0;0;0;0;2;9052;139.25;0;0;0;0;0;0;0.142857142857143;1.20596855848654;0.457622662591607;1.80644836393529;"bad"
"582";"Rider3";"3/2013";0;0;0;0;0;0;0;0;0;1;3516;6.49;0;0;0;2;8835;129.9;1;9915;106.27;0.285714285714286;2.96642685851319;0.79746294653127;4.04960409075874;"bad"
"383";"Rider4";"29/2014";1;5279;93.29;1;14608;95.44;3;11442;143.63;1;9615;117.52;0;0;0;2;9231;122.87;1;9006;111.26;0.642857142857143;7.88449240607514;2.24788852739163;10.7752380763239;"good"
"352";"Rider4";"3/2014";2;16548;118.04;2;2397;135.61;1;12758;113.79;2;15824;132.24;2;4857;137.36;1;16319;109.84;0;0;0;0.714285714285714;9.15307753796962;2.45450064083605;12.3218638930914;"good"
"356";"Rider2";"36/2013";0;0;0;1;9107;83.94;2;8102;128.44;0;0;0;2;4708;120.58;3;9252;148.59;0;0;0;0.571428571428571;4.1525446309619;1.58253639620099;6.30650959859146;"good"
"83";"Rider3";"34/2014";2;11838;129.5;2;9182;126.86;0;0;0;2;7291;129.76;2;6698;138.9;0;0;0;0;0;0;0.571428571428571;4.66413535837996;1.72539353905814;6.96095746886667;"good"
"541";"Rider3";"22/2012";0;0;0;0;0;0;0;0;0;2;6119;127.6;0;0;0;2;3502;122.92;3;6928;166.31;0.5;2.20476951771916;1.36984455617996;4.07461407389912;"bad"
"749";"Rider1";"48/2014";0;0;0;3;5606;141.48;0;0;0;3;2335;143.45;2;11031;140.06;2;7157;138.68;0;0;0;0.714285714285714;3.48108180122569;1.85241052942916;6.04777804494056;"good"
"264";"Rider5";"28/2013";0;0;0;3;8322;144.36;2;4562;120.87;0;0;0;0;0;0;0;0;0;2;7346;130.16;0.5;2.69517719158007;1.29938545466496;4.49456264624503;"bad"
"292";"Rider3";"20/2013";0;0;0;0;0;0;0;0;0;2;4975;130.06;0;0;0;0;0;0;3;8698;147.76;0.357142857142857;1.82160937916334;0.913010614873969;3.09176285118016;"bad"
"239";"Rider1";"7/2013";0;0;0;0;0;0;0;0;0;0;0;0;0;0;0;2;16057;132.16;3;13969;164.52;0.357142857142857;4.00026645350386;0.974990962568602;5.33240027321532;"good"
"682";"Rider5";"36/2009";0;0;0;2;6972;118.41;2;6170;125.52;0;0;0;1;4172;117.62;3;8929;163.66;0;0;0;0.571428571428571;3.49626965094591;1.72601794340925;5.79371616578373;"good"
"757";"Rider5";"32/2010";0;0;0;3;9130;142.54;2;6259;131.65;2;5904;123.05;0;0;0;0;0;0;0;0;0;0.5;2.83679722888356;1.30546518124158;4.64226241012514;"bad"
"313";"Rider7";"18/2014";0;0;0;0;0;0;2;13077;123.58;1;11297;112.9;1;9471;113.75;0;0;0;1;13741;111.66;0.357142857142857;6.33972821742606;1.51792697755431;8.21479805212322;"good"
"113";"Rider7";"20/2014";0;0;0;1;6329;111.64;1;8470;116.14;1;11102;109.44;1;4988;110.57;2;9326;119.52;2;12717;118.13;0.571428571428571;7.0519584332534;2.25258799171843;9.87597499640039;"good"
"57";"Rider3";"11/2014";2;7584;127.14;2;4644;131.62;2;9154;121.64;0;0;0;2;6962;127.84;2;10179;134.71;2;10560;130.32;0.857142857142857;6.53916866506795;2.54122711886687;9.93753864107767;"good"
"253";"Rider2";"16/2013";0;0;0;2;6350;118.11;0;0;0;1;7810;116.38;0;0;0;2;4918;124.62;2;8551;135.61;0.5;3.68092192912337;1.62581747674915;5.80673940587252;"good"
"142";"Rider5";"15/2014";0;0;0;0;0;0;0;0;0;0;0;0;3;3805;143.49;0;0;0;0;0;0;0.214285714285714;0.506927791100453;0.471556738637484;1.19277024402365;"bad"
"505";"Rider2";"27/2013";0;0;0;0;0;0;0;0;0;0;0;0;0;0;0;1;9575;101.31;0;0;0;0.0714285714285714;1.27564614974687;0.332938972690525;1.68001369386597;"bad"
"265";"Rider2";"28/2013";1;5794;85.14;1;9522;97.39;2;6811;122.24;2;6523;128.03;0;0;0;1;8636;110.5;1;11540;117.56;0.571428571428571;6.50492938982148;2.17180978671662;9.24816774796667;"good"
"654";"Rider1";"1/2012";1;8079;116.25;0;0;0;0;0;0;0;0;0;0;0;0;0;0;0;0;0;0;0.0714285714285714;1.07633892885691;0.382036872720103;1.52980437300559;"bad"
"228";"Rider2";"25/2014";0;0;0;0;0;0;2;7273;120.86;0;0;0;1;6514;108.56;0;0;0;0;0;0;0.214285714285714;1.83679722888356;0.753951822274804;2.80503476544408;"bad"
"776";"Rider5";"21/2009";1;4129;110.5;0;0;0;0;0;0;0;0;0;0;0;0;0;0;0;0;0;0;0.0714285714285714;0.550093258726352;0.363140425252227;0.98466225540715;"bad"
"410";"Rider2";"25/2013";0;0;0;0;0;0;0;0;0;0;0;0;0;0;0;2;11956;124.42;2;15663;120.99;0.285714285714286;3.67958966160405;0.806500377928949;4.77180432524729;"bad"
"425";"Rider2";"39/2013";0;0;0;1;5436;81.85;0;0;0;0;0;0;0;0;0;0;0;0;0;0;0;0.0714285714285714;0.724220623501199;0.268986821781853;1.06463601671162;"bad"
"316";"Rider2";"18/2014";1;12451;86.05;1;16578;96.8;0;0;0;0;0;0;1;9251;105.74;2;6121;134.69;2;3461;119.43;0.5;6.37649880095923;1.78352887048539;8.66002767144463;"good"
"227";"Rider5";"25/2014";0;0;0;0;0;0;2;5243;119.26;0;0;0;0;0;0;0;0;0;0;0;0;0.142857142857143;0.698507860378364;0.391928752177199;1.23329375541271;"bad"
"741";"Rider5";"28/2010";0;0;0;0;0;0;0;0;0;0;0;0;0;0;0;1;175418;97;0;0;0;0.0714285714285714;23.3703703703704;0.318774852936344;23.7605737947353;"good"
"738";"Rider5";"48/2009";0;0;0;0;0;0;2;4266;132.73;0;0;0;0;0;0;0;0;0;3;5715;167.51;0.357142857142857;1.32973621103118;0.986690328305235;2.67356939647927;"bad"
"287";"Rider4";"41/2013";0;0;0;0;0;0;0;0;0;1;466;109.56;3;3135;147.42;0;0;0;0;0;0;0.285714285714286;0.479749533706368;0.844523316573006;1.60998713599366;"bad"
"174";"Rider1";"23/2013";0;0;0;0;0;0;0;0;0;0;0;0;0;0;0;0;0;0;3;14408;143.15;0.214285714285714;1.9195310418332;0.470439383482862;2.60425613960178;"bad"
"308";"Rider3";"35/2013";0;0;0;0;0;0;0;0;0;0;0;0;0;0;0;0;0;0;2;7844;134.58;0.142857142857143;1.04503064215294;0.442275460909001;1.63016324591909;"bad"
"518";"Rider1";"39/2011";0;0;0;0;0;0;0;0;0;0;0;0;0;0;0;2;18790;136.08;0;0;0;0.142857142857143;2.5033306687983;0.447204968944099;3.09339278059954;"bad"
"321";"Rider3";"32/2014";0;0;0;0;0;0;0;0;0;0;0;0;0;0;0;2;12629;138.4;3;10563;160.48;0.357142857142857;3.08979483080202;0.982220907686746;4.42915859563163;"bad"
"74";"Rider4";"33/2014";1;11916;107.96;1;10945;111.16;1;9368;114.5;0;0;0;1;13465;113.66;3;5439;141.61;0;0;0;0.5;6.81228350652811;1.93529199119261;9.24757549772072;"good"
"251";"Rider3";"16/2013";0;0;0;2;6704;123.64;2;12032;125.92;2;5143;134.76;0;0;0;0;0;0;0;0;0;0.428571428571429;3.18132160937916;1.26300568536593;4.87289872331653;"bad"
"562";"Rider1";"4/2013";0;0;0;0;0;0;0;0;0;0;0;0;0;0;0;0;0;0;2;15646;130.41;0.142857142857143;2.08446576072475;0.428571428571429;2.65589433215332;"bad"
"12";"Rider7";"21/2013";0;0;0;1;9784;117.68;1;8020;117.32;0;0;0;0;0;0;0;0;0;2;5950;118.79;0.285714285714286;3.16466826538769;1.16267376515824;4.61305631626021;"bad"
"19";"Rider5";"30/2012";0;0;0;0;0;0;0;0;0;0;0;0;0;0;0;0;0;0;3;7199;162.52;0.214285714285714;0.959099387156941;0.534095763909428;1.70748086535208;"bad"
"318";"Rider4";"18/2014";1;4635;92.89;0;0;0;1;8560;105.02;2;20971;118.65;2;13112;127.78;0;0;0;2;19516;125.79;0.571428571428571;8.89874766853184;1.87364027736699;11.3438165173274;"good"
"342";"Rider3";"2/2014";0;0;0;0;0;0;2;6667;122.43;2;6425;126.99;2;4977;118.11;2;6804;132.41;0;0;0;0.571428571428571;3.31374900079936;1.6429721647113;5.52814973693923;"good"
"616";"Rider5";"47/2012";0;0;0;2;4708;137.27;0;0;0;2;5066;134.63;0;0;0;0;0;0;0;0;0;0.285714285714286;1.30215827338129;0.893555489828782;2.48142804892436;"bad"
"480";"Rider5";"34/2013";0;0;0;0;0;0;0;0;0;0;0;0;3;8236;144.32;1;5913;117.06;0;0;0;0.285714285714286;1.88502531308287;0.858983206809294;3.02972280560645;"bad"
"267";"Rider7";"11/2013";2;5437;133.83;0;0;0;0;0;0;0;0;0;0;0;0;0;0;0;0;0;0;0.142857142857143;0.724353850253131;0.439810706891452;1.30702170000173;"bad"
"584";"Rider3";"36/2011";2;5858;132.15;2;11076;136.74;0;0;0;2;6299;140.96;0;0;0;0;0;0;2;11507;134.88;0.571428571428571;4.62829736211031;1.79016727463932;6.98989320817821;"good"
"512";"Rider3";"13/2012";0;0;0;1;14871;116.87;2;85962;132.52;2;12650;127.89;0;0;0;2;11974;129.27;2;11285;128.45;0.642857142857143;18.2176925126565;2.08682506819153;20.9473747237052;"good"
"476";"Rider4";"1/2014";0;0;0;0;0;0;2;12238;122.27;0;0;0;2;16997;121.94;2;13171;119.29;2;2933;129.65;0.571428571428571;6.04036770583533;1.62065792500575;8.23245420226965;"good"
"571";"Rider2";"44/2012";1;5846;95.45;1;3807;112.99;2;8130;128.46;0;0;0;0;0;0;2;6001;130.02;2;9106;122.3;0.571428571428571;4.3818278710365;1.93637648296033;6.88963292542541;"good"
"185";"Rider7";"16/2014";0;0;0;0;0;0;2;8496;127.81;1;9534;111.91;2;10281;123.5;1;6579;117.53;0;0;0;0.428571428571429;4.64828137490008;1.57990732524894;6.65676012872045;"good"
"429";"Rider5";"13/2014";0;0;0;0;0;0;0;0;0;2;4873;135.41;0;0;0;0;0;0;0;0;0;0.142857142857143;0.649213962163602;0.445003122021756;1.2370742270425;"bad"
"201";"Rider4";"10/2014";1;13601;103.53;2;6806;136.42;2;11774;122.45;3;23955;142.24;0;0;0;2;20092;131.94;2;15362;135.48;0.857142857142857;12.2022382094325;2.53725064905189;15.5966317156272;"good"
"387";"Rider4";"13/2013";0;0;0;0;0;0;0;0;0;0;0;0;0;0;0;1;6880;103.15;0;0;0;0.0714285714285714;0.916600053290701;0.338985835880246;1.32701446059952;"bad"
"497";"Rider4";"31/2011";0;0;0;0;0;0;2;15429;130.41;2;5687;136.22;0;0;0;3;13023;168.98;3;6665;159;0.714285714285714;5.43618438582467;1.95408984849979;8.10455994861018;"good"
"173";"Rider2";"23/2013";0;0;0;1;5793;111.6;1;6096;114.69;0;0;0;1;2405;111.7;1;4509;113.78;3;7810;146.23;0.5;3.54556354916067;1.96523053665911;6.01079408581978;"good"
"644";"Rider1";"45/2012";0;0;0;0;0;0;0;0;0;0;0;0;3;10478;152.55;2;18795;128.23;2;8759;130.77;0.5;5.06687982946976;1.35249268789641;6.91937251736617;"good"
"516";"Rider4";"33/2011";2;14886;122.25;2;7026;136.08;2;13530;122.49;0;0;0;2;11212;119.93;2;3171;126.82;2;6646;135.26;0.857142857142857;7.52344790834;2.50691774294259;10.8875085084254;"good"
"550";"Rider3";"47/2013";0;0;0;2;2255;130.82;0;0;0;0;0;0;0;0;0;3;4597;143.52;2;9895;128.57;0.5;2.23114841460165;1.32409872161425;4.0552471362159;"bad"
"88";"Rider7";"15/2013";0;0;0;2;9162;118.11;1;8229;117.61;2;8453;127.75;0;0;0;2;13407;122.26;1;11153;113.42;0.571428571428571;6.71516120436984;1.96900982615268;9.25559960195109;"good"
"104";"Rider2";"18/2013";0;0;0;0;0;0;1;8217;109.16;2;10702;121.45;2;8195;119.05;2;11202;129.02;1;4161;104.36;0.571428571428571;5.65907274180656;1.91606690985573;8.14656822309086;"good"
"574";"Rider5";"35/2011";0;0;0;0;0;0;0;0;0;1;5485;90.73;0;0;0;0;0;0;0;0;0;0.0714285714285714;0.730748734345857;0.298169509349634;1.10034681512406;"bad"
"676";"Rider5";"17/2009";0;0;0;0;0;0;1;27425;108.63;0;0;0;0;0;0;2;7468;134.69;0;0;0;0.214285714285714;4.64868105515588;0.799631930066713;5.6625986995083;"good"
"617";"Rider2";"47/2012";0;0;0;0;0;0;0;0;0;0;0;0;0;0;0;2;10566;131.64;1;9272;113.22;0.214285714285714;2.64295230482281;0.804692891649413;3.66193091075794;"bad"
"510";"Rider3";"25/2012";1;10907;112;2;10693;125.39;0;0;0;0;0;0;0;0;0;0;0;0;2;12756;137.55;0.357142857142857;4.57713828936851;1.23217982845312;6.16646097496448;"good"
"470";"Rider3";"36/2012";2;183103;133.81;0;0;0;0;0;0;0;0;0;2;7667;135.45;2;87610;130.93;2;106798;128.72;0.571428571428571;51.3160138555822;1.73817739656249;53.6256198235733;"good"
"546";"Rider3";"51/2012";0;0;0;1;3514;113.45;0;0;0;2;6950;130.19;0;0;0;2;10963;127.63;2;9835;127.02;0.5;4.16493471889155;1.63754970587269;6.30248442476424;"good"
"727";"Rider5";"41/2012";0;0;0;0;0;0;0;0;0;0;0;0;0;0;0;0;0;0;2;10509;139.19;0.142857142857143;1.40007993605116;0.457425482270203;2.0003625611785;"bad"
"192";"Rider3";"9/2014";0;0;0;0;0;0;2;5511;127.13;2;5805;129.76;2;7196;119.65;0;0;0;2;14943;119.4;0.571428571428571;4.45710098587796;1.62982680995103;6.65835636725757;"good"
"635";"Rider3";"45/2013";0;0;0;0;0;0;0;0;0;1;3791977;71.11;0;0;0;0;0;0;0;0;0;0.0714285714285714;505.192779110045;0.23369154425055;505.497899225724;"good"
"191";"Rider7";"9/2014";0;0;0;0;0;0;2;14239;124.25;2;16872;122.07;0;0;0;1;8345;115.03;2;9707;119.74;0.5;6.54982680522249;1.58102468040356;8.63085148562605;"good"
"709";"Rider5";"46/2009";0;0;0;0;0;0;2;8646;125.93;0;0;0;0;0;0;0;0;0;0;0;0;0.142857142857143;1.15187849720224;0.413848631239936;1.70858427129932;"bad"
"61";"Rider4";"11/2014";1;9748;108.46;3;10621;146.2;2;11899;140.79;3;16286;144.98;0;0;0;0;0;0;0;0;0;0.642857142857143;6.46869171329603;1.77603601827204;8.88758487442522;"good"
"498";"Rider3";"19/2012";1;72698;80.97;2;10256;135.58;0;0;0;2;6987;140.53;2;11352;134.68;2;8746;131.86;0;0;0;0.642857142857143;14.660138555822;2.04942653389858;17.3524222325777;"good"
"14";"Rider5";"21/2013";0;0;0;0;0;0;0;0;0;2;5150;119.24;0;0;0;0;0;0;0;0;0;0.142857142857143;0.686117772448708;0.391863025403398;1.22083794070925;"bad"
"576";"Rider3";"7/2012";0;0;0;0;0;0;0;0;0;0;0;0;2;9404;123.41;2;18219;137.86;2;451645;125.46;0.428571428571429;63.8513189448441;1.27092576160899;65.5508161350245;"good"
"364";"Rider7";"38/2014";1;86743;104.4;1;9369;110.62;1;3964;98.85;0;0;0;0;0;0;0;0;0;0;0;0;0.214285714285714;13.3328004263256;1.03148312465083;14.5785692652621;"good"
"132";"Rider3";"29/2012";0;0;0;2;6813;140.25;2;4418;131.78;2;7877;136.44;0;0;0;2;3505;118.28;0;0;0;0.571428571428571;3.01265654143352;1.73107890499195;5.31516401785404;"good"
"97";"Rider5";"24/2014";0;0;0;2;3631;125.36;0;0;0;3;16372;151.22;3;4962;161.02;0;0;0;3;12106;142.58;0.785714285714286;4.93884892086331;1.90666798120214;7.63123118777974;"good"
"331";"Rider3";"32/2012";0;0;0;2;8266;133.74;2;13517;125.12;2;7020;132.61;2;13141;130.44;2;7218;140.92;0;0;0;0.714285714285714;6.54969357847056;2.17828387393605;9.44226316669232;"good"
"237";"Rider5";"7/2013";0;0;0;0;0;0;2;8477;127.49;1;10088;117.47;0;0;0;0;0;0;2;15441;132.96;0.357142857142857;4.53050892619238;1.24197311774952;6.12962490108475;"good"
"357";"Rider4";"36/2013";2;7799;126.37;2;14975;136.36;2;15014;120.89;2;18627;132.08;2;12919;136.31;0;0;0;2;18365;128.47;0.857142857142857;11.6838529176659;2.56492162082224;15.105917395631;"good"
"534";"Rider5";"8/2012";0;0;0;0;0;0;0;0;0;0;0;0;0;0;0;2;6892;138.83;0;0;0;0.142857142857143;0.918198774313882;0.456242400341779;1.5172983175128;"bad"
"53";"Rider2";"26/2014";0;0;0;0;0;0;2;9110;118.31;0;0;0;0;0;0;1;8975;116.5;1;8427;112.8;0.285714285714286;3.53210764721556;1.14236419205363;4.96018612498348;"bad"
"311";"Rider1";"35/2013";0;0;0;1;18353;114.59;0;0;0;1;14464;78.64;0;0;0;0;0;0;3;16282;154.84;0.357142857142857;6.54130029309886;1.14387590785106;8.04231905809278;"good"
"630";"Rider3";"5/2013";0;0;0;0;0;0;2;7065;124.18;1;3070;110.12;0;0;0;0;0;0;2;3885;135.82;0.357142857142857;1.86783906208367;1.21633967596701;3.44132159519353;"bad"
"433";"Rider6";"52/2014";0;0;0;0;0;0;0;0;0;0;0;0;0;0;0;3;4277;162.01;0;0;0;0.214285714285714;0.569810818012257;0.532419731177495;1.31651626347547;"bad"
"333";"Rider4";"32/2012";0;0;0;2;18166;123.53;2;14562;127;1;15329;109.12;2;17085;126.24;0;0;0;0;0;0;0.5;8.67865707434053;1.59679910611588;10.7754561804564;"good"
"67";"Rider4";"38/2013";1;2;64.5;0;0;0;2;12478;133.9;2;5677;139.49;0;0;0;0;0;0;2;14246;118.25;0.5;4.31694644284572;1.49903053008643;6.31597697293216;"good"
"198";"Rider5";"10/2014";0;0;0;0;0;0;0;0;0;2;5668;127.13;1;24182;110.37;0;0;0;2;12361;129.12;0.357142857142857;5.6236344257927;1.20483749055178;7.18561477348733;"good"
"780";"Rider4";"40/2012";2;2230;124.52;0;0;0;1;5484;110.04;1;1935;116.13;0;0;0;0;0;0;1;7692;115.21;0.357142857142857;2.31028510524913;1.53110519570147;4.19853315809346;"bad"
"712";"Rider5";"49/2012";0;0;0;0;0;0;0;0;0;2;4692;132.97;0;0;0;0;0;0;0;0;0;0.142857142857143;0.625099920063949;0.436984455617996;1.20494151853909;"bad"
"8";"Rider3";"22/2014";0;0;0;2;8903;123.61;2;5503;131.29;0;0;0;0;0;0;3;4876;145.35;2;6995;136.11;0.642857142857143;3.50079936051159;1.76266061980348;5.90631712317221;"good"
"572";"Rider1";"44/2012";0;0;0;0;0;0;3;11380;150.88;0;0;0;0;0;0;0;0;0;0;0;0;0.214285714285714;1.51612043698375;0.495842781557067;2.22624893282653;"bad"
"81";"Rider7";"34/2014";1;6999;115.51;1;7180;110.21;0;0;0;1;6142;113.7;1;8590;116.04;0;0;0;1;5260;111.31;0.357142857142857;4.55249134026112;1.86259817936837;6.77223237677235;"good"
"64";"Rider5";"38/2013";0;0;0;0;0;0;1;4517;115.94;0;0;0;0;0;0;3;19295;154.13;0;0;0;0.285714285714286;3.17239541699973;0.887541490025962;4.34565119273998;"bad"
"742";"Rider5";"35/2009";0;0;0;0;0;0;0;0;0;0;0;0;0;0;0;0;0;0;2;14458;122.19;0.142857142857143;1.92619237942979;0.401557724539091;2.47060724682602;"bad"
"30";"Rider1";"19/2014";2;8479;133.61;2;4689;138.6;0;0;0;2;2020;131.21;0;0;0;2;3247;130.19;1;458;102.58;0.642857142857143;2.51705302424727;2.09073581123271;5.25064597833712;"good"
"175";"Rider7";"26/2013";0;0;0;2;10439;132.45;0;0;0;1;3484;105.32;0;0;0;0;0;0;1;1231;95.3;0.285714285714286;2.01891819877431;1.09458082750008;3.39921331198868;"bad"
"189";"Rider1";"16/2014";2;5629;118.67;0;0;0;0;0;0;3;10397;142.66;2;3787;120.52;2;17792;138.16;0;0;0;0.642857142857143;5.00999200639488;1.70892898222091;7.36177813147293;"good"
"183";"Rider2";"41/2014";0;0;0;0;0;0;0;0;0;0;0;0;0;0;0;0;0;0;2;10305;118.76;0.142857142857143;1.37290167865707;0.390285582832167;1.90604440434638;"bad"
"407";"Rider7";"25/2013";0;0;0;2;7526;122.65;0;0;0;0;0;0;0;0;0;2;4944;131.13;2;7280;125.14;0.428571428571429;2.63122835065281;1.24525945643958;4.30505923566382;"bad"
