id, duration, avgHeartRate, maxHeartRate, dateOfTraining, elevation, uphill, downhill, length_2d, length_3d, moving_time, stopped_time
Rider4, 2473, 144.0, 164, 2013-11-14 18:03:54, 71.6, 34.2, 37.4, 7713.39, 7717.97, 2471.0, 2.0
Rider4, 16461, 126.28, 174, 2015-01-04 09:48:54, 804.0, 396.8, 407.2, 90540.35, 90568.87, 11516.0, 4945.0
Rider4, 10492, 112.24, 158, 2012-03-09 10:18:20, 1446.04, 721.02, 725.02, 80775.58, 80814.61, 10404.0, 88.0
Rider4, 68825, 79.97, 80, 2013-04-29 17:46:09, 41.0, 33.0, 8.0, 5800.64, 5817.9, 2264.0, 66561.0
Rider4, 10672, 142.25, 193, 2012-04-11 13:56:45, 931.6, 469.7, 461.9, 94027.53, 94051.26, 10068.0, 604.0
Rider4, 6646, 135.26, 186, 2011-08-21 08:00:46, 1043.04, 520.82, 522.22, 34583.15, 34649.83, 6384.0, 262.0
Rider4, 15593, 102.91, 143, 2014-04-14 09:30:36, 690.88, 355.84, 335.04, 79453.76, 79480.16, 11290.0, 4303.0
Rider4, 9006, 111.26, 162, 2014-07-20 08:14:03, 1253.84, 670.92, 582.92, 50768.78, 50823.99, 7004.0, 2002.0
Rider4, 8490, 98.46, 152, 2014-08-04 10:37:06, 608.36, 304.58, 303.78, 43311.58, 43333.45, 5834.0, 2656.0
Rider4, 5807, 90.21, 117, 2012-07-23 10:03:23, 161.32, 85.16, 76.16, 24825.31, 24828.7, 3604.0, 2203.0
Rider4, 27295, 129.16, 181, 2012-03-10 06:55:20, 3458.68, 1723.84, 1734.84, 214643.3, 214743.44, 25547.0, 1748.0
Rider4, 10993, 127.92, 174, 2013-12-07 10:07:45, 1422.12, 694.96, 727.16, 84319.65, 84366.92, 9970.0, 1023.0
Rider4, 25369, 131.9, 179, 2014-05-23 08:25:02, 3414.8, 1714.2, 1700.6, 160563.28, 160689.99, 19889.0, 5480.0
Rider4, 8776, 113.2, 177, 2014-03-30 12:47:07, 1059.44, 532.82, 526.62, 67414.37, 67460.6, 8687.0, 89.0
Rider4, 4883, 115.09, 171, 2013-06-19 15:42:01, 839.76, 420.18, 419.58, 19536.24, 19607.89, 4565.0, 318.0
Rider4, 11302, 137.81, 182, 2013-04-30 12:55:58, 3230.04, 1615.32, 1614.72, 50857.56, 51063.89, 11044.0, 258.0
Rider4, 23881, 133.03, 175, 2014-08-31 08:48:50, 6202.56, 3117.98, 3084.58, 105756.86, 106188.77, 23148.0, 733.0
Rider4, 16516, 133.19, 182, 2012-03-24 11:24:05, 4511.12, 2239.96, 2271.16, 77941.56, 78232.49, 15601.0, 915.0
Rider4, 14975, 136.36, 181, 2013-09-03 11:20:13, 4132.84, 1599.62, 2533.22, 62309.92, 62668.64, 12823.0, 2152.0
Rider4, 7586, 121.62, 181, 2012-09-03 08:59:05, 1761.92, 910.16, 851.76, 51067.36, 51143.26, 7032.0, 554.0
Rider4, 5071, 143.49, 190, 2011-10-04 13:45:46, 1011.12, 527.86, 483.26, 19525.16, 19605.64, 4522.0, 549.0
Rider4, 5348, 126.95, 164, 2015-01-15 16:06:00, 271.72, 138.96, 132.76, 39535.44, 39546.35, 5294.0, 54.0
Rider4, 6548, 81.77, 115, 2012-08-13 09:20:32, 146.56, 80.48, 66.08, 33271.62, 33274.19, 5155.0, 1393.0
Rider4, 5494, 88.69, 128, 2012-04-26 11:55:34, 311.6, 149.1, 162.5, 20972.37, 20983.07, 4624.0, 870.0
Rider4, 1619, 144.72, 178, 2012-06-02 15:47:37, 445.6, 224.4, 221.2, 3986.8, 4037.09, 1519.0, 100.0
Rider4, 13505, 164.83, 188, 2011-08-28 07:31:09, 4440.84, 2229.12, 2211.72, 60345.25, 60656.99, 13414.0, 91.0
Rider4, 18574, 145.4, 182, 2013-07-09 08:43:40, 3950.04, 1984.72, 1965.32, 89623.14, 89872.79, 15859.0, 2715.0
Rider4, 6334, 136.09, 178, 2013-07-02 15:16:49, 791.0, 393.0, 398.0, 9464.05, 9559.88, 3172.0, 3162.0
Rider4, 5062, 149.47, 192, 2012-01-29 08:34:48, 1511.6, 799.8, 711.8, 7155.49, 7384.14, 3955.0, 1107.0
Rider4, 13112, 127.78, 178, 2014-05-02 08:03:48, 2083.6, 1039.2, 1044.4, 82752.63, 82829.47, 10275.0, 2837.0
Rider4, 10777, 126.53, 181, 2014-04-16 14:02:20, 1047.04, 520.72, 526.32, 88351.16, 88383.07, 9807.0, 970.0
Rider4, 12061, 134.25, 185, 2015-02-10 10:12:51, 1580.04, 782.02, 798.02, 94437.25, 94492.02, 11724.0, 337.0
Rider4, 21812, 134.2, 179, 2013-03-16 09:51:14, 4332.84, 2163.02, 2169.82, 160386.35, 160517.82, 20767.0, 1045.0
Rider4, 12667, 119.48, 181, 2014-06-25 14:17:48, 1269.32, 631.06, 638.26, 103845.89, 103889.3, 12509.0, 158.0
Rider4, 14464, 140.26, 184, 2012-02-26 09:40:11, 2386.0, 1190.9, 1195.1, 99000.76, 99096.88, 13136.0, 1328.0
Rider4, 4580, 103.12, 156, 2012-06-15 13:11:55, 366.16, 202.98, 163.18, 16767.66, 16784.16, 3381.0, 1199.0
Rider4, 2768, 124.43, 147, 2013-04-05 15:20:40, 147.24, 65.92, 81.32, 7341.39, 7359.59, 2562.0, 206.0
Rider4, 1825, 93.18, 114, 2014-08-29 11:42:04, 93.76, 46.98, 46.78, 8874.66, 8878.24, 1467.0, 358.0
Rider4, 5800, 97.36, 135, 2013-02-19 10:42:47, 1374.76, 681.68, 693.08, 30239.02, 30290.28, 5780.0, 20.0
Rider4, 14243, 116.97, 167, 2015-01-21 13:01:23, 446.76, 213.98, 232.78, 107040.31, 107052.64, 13824.0, 419.0
Rider4, 4353, 134.75, 159, 2013-11-20 18:13:30, 91.0, 44.0, 47.0, 12773.91, 12779.85, 4224.0, 129.0
Rider4, 19516, 125.79, 182, 2014-05-04 08:29:45, 3395.92, 1694.16, 1701.76, 104800.95, 104967.46, 13469.0, 6047.0
Rider4, 9375, 125.21, 176, 2012-10-09 13:14:03, 2127.2, 1043.0, 1084.2, 31873.76, 32041.56, 8574.0, 801.0
Rider4, 9274, 128.76, 179, 2013-08-27 12:45:16, 2196.64, 1103.62, 1093.02, 31418.01, 31624.44, 8016.0, 1258.0
Rider4, 12114, 120.25, 167, 2013-02-05 10:07:56, 1286.08, 651.24, 634.84, 100057.51, 100085.1, 11463.0, 651.0
Rider4, 6094, 130.38, 170, 2012-06-12 15:46:12, 1544.2, 728.4, 815.8, 26087.44, 26206.17, 5939.0, 155.0
Rider4, 9331, 108.01, 149, 2013-07-18 15:37:57, 1602.84, 813.12, 789.72, 30511.01, 30653.24, 7022.0, 2309.0
Rider4, 9487, 90.23, 124, 2014-07-28 11:37:13, 250.68, 127.04, 123.64, 45934.98, 45941.96, 6015.0, 3472.0
Rider4, 10837, 119.7, 172, 2014-03-24 11:12:37, 2644.36, 1319.58, 1324.78, 78405.21, 78525.94, 10570.0, 267.0
Rider4, 15429, 130.41, 176, 2011-08-03 13:45:11, 2002.12, 1023.66, 978.46, 40671.95, 40818.57, 8156.0, 7273.0
Rider4, 5677, 139.49, 184, 2013-09-19 10:21:50, 1533.96, 787.48, 746.48, 26750.36, 26853.04, 5045.0, 632.0
Rider4, 16319, 109.84, 166, 2014-01-18 09:24:41, 1612.72, 802.76, 809.96, 115010.08, 115067.82, 14041.0, 2278.0
Rider4, 17381, 123.92, 180, 2014-01-07 09:07:40, 3049.16, 1509.88, 1539.28, 135453.28, 135580.27, 16871.0, 510.0
Rider4, 6651, 113.45, 158, 2013-03-15 13:08:03, 717.48, 315.64, 401.84, 54577.39, 54588.86, 6477.0, 174.0
Rider4, 9448, 80.03, 162, 2013-04-17 13:41:24, 172.04, 102.62, 69.42, 15106.62, 15114.96, 8228.0, 1220.0
Rider4, 2189, 169.72, 187, 2011-08-10 09:38:23, 618.4, 618.4, 0.0, 11693.09, 11715.79, 2183.0, 6.0
Rider4, 10356, 86.12, 127, 2014-08-30 10:10:43, 860.12, 435.96, 424.16, 33597.65, 33649.1, 6786.0, 3570.0
Rider4, 15444, 123.89, 175, 2013-01-26 11:01:43, 3914.88, 1947.44, 1967.44, 113769.62, 113893.37, 15135.0, 309.0
Rider4, 11774, 122.45, 172, 2014-03-05 10:31:46, 1589.32, 784.06, 805.26, 76944.15, 77004.5, 9931.0, 1843.0
Rider4, 13041, 111.97, 161, 2014-05-22 08:20:09, 2410.32, 1206.66, 1203.66, 77380.6, 77485.53, 11415.0, 1626.0
Rider4, 7045, 118.15, 180, 2011-08-09 15:08:30, 1308.88, 681.04, 627.84, 30180.15, 30301.34, 6660.0, 385.0
Rider4, 12055, 135.62, 184, 2013-05-16 10:59:08, 2029.2, 1023.8, 1005.4, 95968.98, 96025.81, 11725.0, 330.0
Rider4, 2800, 143.61, 174, 2013-08-01 13:22:37, 899.72, 447.16, 452.56, 9302.57, 9392.61, 2541.0, 259.0
Rider4, 19906, 139.44, 175, 2014-05-06 08:59:41, 4426.92, 2225.86, 2201.06, 92232.93, 92477.64, 15728.0, 4178.0
Rider4, 3445, 127.65, 146, 2012-10-10 16:09:36, 150.8, 67.8, 83.0, 9933.22, 9936.96, 3413.0, 32.0
Rider4, 16319, 125.37, 177, 2013-05-01 08:01:46, 3560.04, 1808.02, 1752.02, 66047.9, 66293.04, 14623.0, 1696.0
Rider4, 3471, 142.84, 161, 2012-01-31 11:00:02, 168.84, 105.42, 63.42, 9609.47, 9630.41, 3202.0, 269.0
Rider4, 9709, 131.73, 190, 2013-12-14 09:14:17, 2506.6, 1248.2, 1258.4, 40425.34, 40610.87, 8692.0, 1017.0
Rider4, 8757, 135.66, 182, 2013-03-07 11:29:07, 958.12, 434.36, 523.76, 71608.51, 71629.95, 8637.0, 120.0
Rider4, 2230, 124.52, 193, 2012-10-01 19:18:34, 305.16, 161.48, 143.68, 1471.03, 1700.49, 986.0, 1244.0
Rider4, 11974, 139.37, 181, 2013-02-10 09:55:59, 3200.24, 1597.92, 1602.32, 87672.26, 87778.52, 11407.0, 567.0
Rider4, 13624, 108.36, 161, 2014-06-28 07:25:34, 1228.92, 617.96, 610.96, 73980.82, 74024.48, 9842.0, 3782.0
Rider4, 5173, 149.56, 165, 2013-10-19 10:45:26, 119.0, 63.2, 55.8, 14421.22, 14428.09, 4174.0, 999.0
Rider4, 7567, 128.35, 167, 2011-08-25 12:43:12, 1877.96, 953.58, 924.38, 36579.52, 36692.68, 7297.0, 270.0
Rider4, 9193, 107.21, 160, 2013-09-25 14:05:31, 1759.32, 885.26, 874.06, 32822.37, 32956.06, 7857.0, 1336.0
Rider4, 6756, 119.82, 174, 2011-09-05 10:18:02, 1119.28, 555.44, 563.84, 44710.04, 44750.55, 6050.0, 706.0
Rider4, 13959, 108.58, 158, 2014-01-09 10:04:55, 1471.76, 729.88, 741.88, 108231.32, 108280.18, 13375.0, 584.0
Rider4, 10436, 130.92, 181, 2013-12-18 10:49:31, 2528.4, 1262.4, 1266.0, 43703.85, 43898.1, 8904.0, 1532.0
Rider4, 15014, 120.89, 171, 2013-09-04 09:11:33, 2700.72, 1412.76, 1287.96, 49764.35, 50025.78, 10464.0, 4550.0
Rider4, 9322, 93.37, 151, 2014-05-19 14:28:34, 338.8, 167.2, 171.6, 47075.73, 47089.88, 6442.0, 2880.0
Rider4, 6817, 138.34, 183, 2011-09-06 10:58:51, 1739.88, 867.84, 872.04, 51942.53, 52009.79, 6513.0, 304.0
Rider4, 9925, 127.14, 185, 2014-07-02 14:29:43, 809.08, 405.64, 403.44, 89354.88, 89377.5, 9149.0, 776.0
Rider4, 21605, 111.99, 161, 2014-03-21 10:27:35, 1360.96, 548.18, 812.78, 91436.21, 91481.8, 10198.0, 11407.0
Rider4, 9441, 124.3, 179, 2013-09-12 13:15:56, 2402.48, 1204.04, 1198.44, 39580.61, 39770.86, 8368.0, 1073.0
Rider4, 8686, 144.37, 186, 2014-03-29 09:50:06, 1961.64, 981.02, 980.62, 28744.45, 28907.62, 6760.0, 1926.0
Rider4, 4499, 148.67, 185, 2014-04-04 14:39:20, 885.32, 425.16, 460.16, 12343.28, 12425.31, 3376.0, 1123.0
Rider4, 4045, 95.15, 149, 2012-08-25 08:03:01, 421.88, 210.44, 211.44, 21680.07, 21690.61, 3840.0, 205.0
Rider4, 12171, 146.51, 189, 2012-02-29 09:23:51, 1770.0, 889.0, 881.0, 103322.12, 103373.4, 11496.0, 675.0
Rider4, 8905, 141.03, 190, 2012-03-21 14:34:45, 809.28, 404.44, 404.84, 82333.16, 82349.96, 8891.0, 14.0
Rider4, 938, 107.84, 112, 2013-01-15 18:41:04, 1.8, 1.8, 0.0, 56.16, 57.96, 28.0, 910.0
Rider4, 14562, 127.0, 181, 2012-08-08 09:59:28, 3393.8, 1743.7, 1650.1, 55966.43, 56208.85, 13299.0, 1263.0
Rider4, 16089, 93.2, 176, 2011-09-24 07:22:54, 928.48, 453.24, 475.24, 38472.81, 38517.51, 8769.0, 7320.0
Rider4, 2933, 129.65, 155, 2014-01-05 15:30:11, 43.36, 32.98, 10.38, 8972.13, 8975.61, 2931.0, 2.0
Rider4, 9015, 128.9, 186, 2011-08-10 14:26:25, 2143.2, 1109.2, 1034.0, 37557.84, 37711.43, 8312.0, 703.0
Rider4, 4603, 120.1, 159, 2014-01-24 10:40:02, 673.44, 672.52, 0.92, 5119.68, 5211.22, 4479.0, 124.0
Rider4, 7996, 133.33, 181, 2013-01-13 09:05:56, 1349.72, 673.76, 675.96, 65112.98, 65146.73, 7799.0, 197.0
Rider4, 10845, 131.84, 175, 2012-06-30 10:44:19, 2733.92, 1383.76, 1350.16, 51229.53, 51411.78, 10569.0, 276.0
Rider4, 16038, 120.05, 185, 2014-05-09 07:49:01, 2003.16, 1009.58, 993.58, 104877.19, 104962.28, 13447.0, 2591.0
Rider4, 5369, 135.25, 160, 2012-10-27 16:30:09, 209.8, 100.9, 108.9, 16508.55, 16528.61, 4717.0, 652.0
Rider4, 3, 97.0, 99, 2013-09-18 16:40:39, 0.0, 0.0, 0.0, 8.45, 8.45, 3.0, 0.0
Rider4, 8571, 125.67, 173, 2013-04-04 14:28:42, 1538.0, 748.8, 789.2, 30240.61, 30329.22, 8199.0, 372.0
Rider4, 3171, 126.82, 165, 2011-08-20 14:30:51, 259.6, 151.8, 107.8, 27439.09, 27445.37, 3077.0, 94.0
Rider4, 9860, 116.57, 172, 2012-07-19 15:46:23, 863.88, 406.34, 457.54, 21840.86, 21895.1, 5400.0, 4460.0
Rider4, 2673, 111.72, 171, 2012-07-18 10:36:05, 264.32, 152.06, 112.26, 6935.4, 6959.07, 1522.0, 1151.0
Rider4, 17085, 126.24, 175, 2012-08-10 07:52:53, 3431.2, 1738.8, 1692.4, 56839.08, 57078.41, 13428.0, 3657.0
Rider4, 9207, 138.44, 176, 2013-02-20 14:41:21, 2636.84, 1312.42, 1324.42, 54277.18, 54390.07, 9015.0, 192.0
Rider4, 12758, 113.79, 166, 2014-01-15 10:29:40, 1573.52, 786.26, 787.26, 96490.43, 96544.22, 11501.0, 1257.0
Rider4, 13244, 138.59, 183, 2013-01-24 09:58:23, 3294.36, 1646.88, 1647.48, 103793.85, 103892.18, 12922.0, 322.0
Rider4, 20276, 123.26, 185, 2014-07-31 09:05:14, 2473.32, 1235.26, 1238.06, 152066.29, 152147.51, 17799.0, 2477.0
Rider4, 12919, 136.31, 180, 2013-09-06 10:18:55, 1618.08, 820.84, 797.24, 30253.03, 30380.58, 6144.0, 6775.0
Rider4, 16327, 122.12, 173, 2013-12-10 09:34:49, 1882.56, 933.58, 948.98, 119182.02, 119244.37, 14614.0, 1713.0
Rider4, 5906, 93.92, 129, 2014-09-12 08:45:55, 94.4, 47.2, 47.2, 22963.74, 22966.92, 3177.0, 2729.0
Rider4, 7070, 140.23, 163, 2013-11-23 17:28:28, 246.0, 120.6, 125.4, 21949.74, 21965.27, 7069.0, 1.0
Rider4, 23955, 142.24, 186, 2014-03-06 09:30:56, 3613.8, 1794.6, 1819.2, 158624.77, 158753.16, 20587.0, 3368.0
Rider4, 11916, 107.96, 153, 2014-08-11 09:50:51, 1091.12, 552.86, 538.26, 54334.45, 54374.9, 7340.0, 4576.0
Rider4, 1626, 127.16, 167, 2014-06-08 07:27:47, 0.0, 0.0, 0.0, 276.3, 276.3, 10.0, 1616.0
Rider4, 13748, 136.99, 182, 2013-06-19 07:16:47, 1955.24, 997.12, 958.12, 104813.62, 104890.63, 12003.0, 1745.0
Rider4, 5880, 122.31, 167, 2011-09-23 13:02:32, 241.16, 133.78, 107.38, 44755.29, 44760.04, 5705.0, 175.0
Rider4, 5899, 121.54, 156, 2015-01-12 15:56:52, 191.84, 93.32, 98.52, 43140.34, 43147.76, 5801.0, 98.0
Rider4, 16965, 109.65, 168, 2012-08-02 08:44:05, 2725.68, 1371.64, 1354.04, 46778.12, 46984.89, 11360.0, 5605.0
Rider4, 15017, 122.19, 171, 2013-12-12 10:14:05, 1650.32, 817.16, 833.16, 118201.71, 118255.63, 14383.0, 634.0
Rider4, 18299, 126.5, 181, 2012-03-25 07:07:34, 2576.84, 1292.02, 1284.82, 150875.65, 150942.07, 16836.0, 1463.0
Rider4, 5485, 136.2, 176, 2012-01-19 17:03:43, 1403.2, 714.4, 688.8, 7339.79, 7543.38, 5254.0, 231.0
Rider4, 6356, 145.23, 173, 2012-04-21 12:00:31, 1227.4, 968.1, 259.3, 23550.7, 23614.92, 5904.0, 452.0
Rider4, 6161, 98.62, 142, 2013-11-10 11:44:51, 239.96, 120.48, 119.48, 18683.99, 18696.59, 3218.0, 2943.0
Rider4, 8970, 84.63, 116, 2014-05-30 11:33:03, 139.2, 80.9, 58.3, 18883.99, 18896.91, 2824.0, 6146.0
Rider4, 18627, 132.08, 183, 2013-09-05 12:40:22, 2788.44, 1394.72, 1393.72, 44580.31, 44832.5, 12420.0, 6207.0
Rider4, 9805, 103.25, 141, 2012-03-07 10:42:12, 436.12, 218.56, 217.56, 61413.17, 61424.32, 8551.0, 1254.0
Rider4, 6487, 77.42, 128, 2012-05-25 16:08:08, 225.44, 125.72, 99.72, 18134.91, 18142.25, 4730.0, 1757.0
Rider4, 8935, 128.05, 188, 2013-02-20 09:46:35, 1451.88, 754.64, 697.24, 29966.6, 30042.32, 6673.0, 2262.0
Rider4, 17238, 121.45, 177, 2014-02-19 09:49:49, 1697.24, 845.12, 852.12, 127815.78, 127883.95, 16307.0, 931.0
Rider4, 3892, 118.97, 177, 2013-07-20 11:50:25, 716.92, 362.36, 354.56, 19094.51, 19146.67, 3506.0, 386.0
Rider4, 9220, 135.17, 173, 2013-12-17 10:59:06, 2841.0, 1417.4, 1423.6, 41151.05, 41712.98, 8283.0, 937.0
Rider4, 12461, 141.18, 182, 2012-06-19 13:10:59, 2628.4, 1311.0, 1317.4, 91355.03, 91454.2, 12112.0, 349.0
Rider4, 3472, 134.77, 148, 2014-09-01 11:23:45, 280.32, 143.36, 136.96, 11451.6, 11460.1, 3418.0, 54.0
Rider4, 19154, 139.12, 187, 2014-06-26 08:10:06, 4518.32, 2260.76, 2257.56, 141770.05, 141947.95, 17623.0, 1531.0
Rider4, 18672, 144.82, 189, 2012-03-06 10:23:08, 2584.36, 1255.28, 1329.08, 129188.16, 129273.23, 15915.0, 2757.0
Rider4, 9623, 136.4, 185, 2013-03-09 09:38:25, 2275.64, 1131.82, 1143.82, 38724.87, 38852.68, 9514.0, 109.0
Rider4, 2859, 131.02, 173, 2011-08-27 13:03:30, 484.32, 238.06, 246.26, 12214.8, 12243.39, 2752.0, 107.0
Rider4, 7246, 123.26, 170, 2013-07-01 11:57:58, 1596.56, 784.98, 811.58, 27094.88, 27235.38, 6800.0, 446.0
Rider4, 12345, 139.96, 186, 2013-04-08 09:54:08, 2609.32, 1293.16, 1316.16, 50233.57, 50379.47, 11796.0, 549.0
Rider4, 15486, 104.4, 163, 2012-05-01 09:23:47, 1539.84, 780.42, 759.42, 50140.28, 50236.14, 10905.0, 4581.0
Rider4, 15329, 109.12, 158, 2012-08-09 08:07:17, 1443.12, 722.06, 721.06, 102201.44, 102238.99, 12197.0, 3132.0
Rider4, 12142, 116.44, 164, 2012-03-22 12:59:55, 1233.0, 677.5, 555.5, 101349.52, 101377.2, 11906.0, 236.0
Rider4, 3261, 128.18, 143, 2013-01-15 17:14:47, 68.16, 29.08, 39.08, 10930.19, 10931.5, 3255.0, 6.0
Rider4, 3045, 136.44, 167, 2013-03-12 12:34:29, 280.32, 141.76, 138.56, 9568.52, 9611.85, 2916.0, 129.0
Rider4, 14691, 129.91, 180, 2014-02-06 10:39:52, 1662.52, 833.26, 829.26, 115359.98, 115413.07, 14250.0, 441.0
Rider4, 8027, 97.92, 122, 2012-03-05 10:25:12, 227.48, 107.84, 119.64, 50355.41, 50363.99, 6894.0, 1133.0
Rider4, 9940, 148.32, 183, 2014-08-27 14:31:33, 3632.2, 1803.1, 1829.1, 51633.41, 51895.1, 9722.0, 218.0
Rider4, 8357, 126.0, 183, 2012-07-25 10:10:06, 1242.04, 622.22, 619.82, 59900.36, 59938.72, 7070.0, 1287.0
Rider4, 3650, 136.5, 162, 2012-01-24 11:20:40, 79.96, 42.48, 37.48, 10349.17, 10356.03, 3582.0, 68.0
Rider4, 14426, 126.49, 176, 2012-05-08 11:24:49, 2696.6, 1358.0, 1338.6, 111803.24, 111884.36, 14287.0, 139.0
Rider4, 10365, 109.0, 142, 2014-02-09 10:03:42, 390.16, 179.28, 210.88, 76517.32, 76530.44, 10092.0, 273.0
Rider4, 11292, 124.04, 173, 2012-09-24 12:45:03, 992.52, 501.56, 490.96, 69354.8, 69383.07, 11201.0, 91.0
Rider4, 4911, 141.48, 185, 2011-09-27 14:03:50, 993.4, 535.3, 458.1, 18492.27, 18578.98, 4401.0, 510.0
Rider4, 16031, 123.24, 171, 2014-07-24 09:23:53, 3164.68, 1721.14, 1443.54, 92963.47, 93101.06, 13471.0, 2560.0
Rider4, 8110, 116.08, 173, 2013-09-11 11:42:55, 2255.04, 1153.12, 1101.92, 37099.34, 37305.79, 7546.0, 564.0
Rider4, 2631, 135.91, 161, 2013-08-20 17:35:40, 80.4, 38.2, 42.2, 7428.29, 7434.74, 2475.0, 156.0
Rider4, 7069, 110.8, 174, 2014-08-25 11:25:21, 1090.72, 548.06, 542.66, 46196.82, 46244.08, 6562.0, 507.0
Rider4, 14917, 139.05, 180, 2013-12-24 12:05:40, 2384.04, 1197.12, 1186.92, 116102.68, 116181.98, 14803.0, 114.0
Rider4, 7553, 108.31, 170, 2014-07-01 08:30:34, 1462.96, 733.08, 729.88, 51731.18, 51801.28, 7232.0, 321.0
Rider4, 6110, 95.48, 148, 2014-09-06 15:43:38, 368.96, 178.08, 190.88, 33343.05, 33356.04, 4533.0, 1577.0
Rider4, 12334, 133.06, 179, 2012-04-22 11:08:06, 2995.08, 1495.54, 1499.54, 55937.3, 56135.78, 10313.0, 2021.0
Rider4, 5275, 82.93, 149, 2012-09-27 10:43:07, 166.4, 92.1, 74.3, 14458.99, 14471.2, 3642.0, 1633.0
Rider4, 15215, 134.81, 184, 2012-03-11 09:07:36, 2206.68, 1109.04, 1097.64, 116067.06, 116127.35, 13652.0, 1563.0
Rider4, 7950, 123.25, 172, 2014-07-03 14:15:47, 1731.6, 868.4, 863.2, 52816.43, 52889.27, 7223.0, 727.0
Rider4, 7202, 126.74, 181, 2013-02-01 11:37:59, 1501.0, 736.7, 764.3, 34557.96, 34634.15, 6964.0, 238.0
Rider4, 8546, 111.63, 170, 2012-07-20 16:06:23, 2042.36, 1021.18, 1021.18, 34219.74, 34381.25, 8222.0, 324.0
Rider4, 1604, 114.81, 158, 2012-07-13 08:58:41, 159.92, 77.46, 82.46, 11898.1, 11902.62, 1601.0, 3.0
Rider4, 15555, 141.34, 184, 2015-01-10 09:55:32, 1678.6, 839.4, 839.2, 116583.51, 116643.34, 14708.0, 847.0
Rider4, 16333, 113.72, 171, 2012-06-21 13:33:48, 1819.04, 914.52, 904.52, 46665.23, 46806.19, 10687.0, 5646.0
Rider4, 8264, 120.57, 163, 2015-01-23 13:32:34, 5.4, 0.0, 5.4, 0, 5.4, 10.0, 8254.0
Rider4, 13706, 89.93, 189, 2012-04-27 08:06:36, 2746.56, 1291.58, 1454.98, 103966.2, 104088.24, 10792.0, 2914.0
Rider4, 18160, 105.55, 159, 2013-05-03 10:33:21, 2961.24, 1478.32, 1482.92, 55640.77, 55927.98, 14920.0, 3240.0
Rider4, 10176, 101.8, 169, 2014-06-30 12:20:34, 247.04, 119.62, 127.42, 64938.73, 64946.03, 7638.0, 2538.0
Rider4, 9231, 122.87, 167, 2014-07-19 09:25:47, 2096.0, 1017.6, 1078.4, 31582.17, 31734.47, 7162.0, 2069.0
Rider4, 11964, 128.16, 172, 2013-05-02 11:04:41, 3331.4, 1666.9, 1664.5, 50360.19, 50591.93, 11067.0, 897.0
Rider4, 18580, 127.95, 190, 2012-07-26 08:11:28, 2150.52, 1076.16, 1074.36, 98350.62, 98437.56, 12350.0, 6230.0
Rider4, 4915, 109.93, 154, 2014-09-29 14:23:03, 310.72, 150.96, 159.76, 36410.35, 36418.76, 4464.0, 451.0
Rider4, 14611, 108.49, 166, 2012-05-12 07:50:28, 2836.24, 1412.92, 1423.32, 56431.65, 56631.79, 13590.0, 1021.0
Rider4, 7501, 122.35, 170, 2013-09-26 13:24:07, 1530.8, 769.8, 761.0, 24265.62, 24384.52, 5783.0, 1718.0
Rider4, 13085, 117.14, 163, 2014-08-02 08:35:08, 2886.56, 1448.08, 1438.48, 52509.4, 52712.19, 11392.0, 1693.0
Rider4, 5663, 98.81, 141, 2012-10-07 13:57:25, 1128.68, 567.34, 561.34, 6508.3, 6649.83, 5304.0, 359.0
Rider4, 2467, 120.46, 160, 2013-07-12 10:19:31, 112.04, 58.52, 53.52, 14963.05, 14966.92, 1927.0, 540.0
Rider4, 272, 60.57, 63, 2015-01-20 08:26:38, 71.4, 71.4, 0.0, 0.08, 71.48, 1.0, 271.0
Rider4, 5484, 110.04, 162, 2012-10-03 13:15:09, 1262.28, 635.94, 626.34, 18542.65, 18633.7, 5096.0, 388.0
Rider4, 3088, 127.22, 141, 2013-01-18 17:23:56, 89.16, 10.08, 79.08, 10438.48, 10440.19, 3080.0, 8.0
Rider4, 3441, 142.1, 153, 2012-01-25 16:33:03, 169.72, 102.76, 66.96, 9992.86, 9997.39, 3397.0, 44.0
Rider4, 13096, 127.23, 187, 2013-02-18 10:02:52, 2768.24, 1374.72, 1393.52, 54463.99, 54605.97, 11428.0, 1668.0
Rider4, 19184, 130.73, 180, 2015-01-17 09:23:11, 2378.08, 1190.94, 1187.14, 151356.48, 151438.07, 17836.0, 1348.0
Rider4, 3837, 150.64, 168, 2013-10-21 16:20:06, 134.6, 65.4, 69.2, 13068.48, 13076.16, 3783.0, 54.0
Rider4, 12181, 129.87, 179, 2013-03-08 11:09:54, 1331.88, 643.74, 688.14, 100435.52, 100461.3, 11994.0, 187.0
Rider4, 46229, 118.55, 181, 2013-08-31 08:49:33, 1303.96, 652.98, 650.98, 37126.1, 37304.72, 13322.0, 32907.0
Rider4, 9319, 119.34, 167, 2013-04-09 10:28:45, 843.0, 418.0, 425.0, 74988.95, 75005.92, 9191.0, 128.0
Rider4, 15306, 118.95, 174, 2014-06-27 09:14:50, 2400.0, 1195.5, 1204.5, 107718.09, 107814.68, 13349.0, 1957.0
Rider4, 10123, 136.15, 177, 2015-01-13 07:59:20, 771.44, 381.62, 389.82, 82347.64, 82370.59, 9897.0, 226.0
Rider4, 16192, 119.45, 174, 2013-12-29 09:36:43, 2757.6, 1367.5, 1390.1, 108815.71, 108934.67, 14330.0, 1862.0
Rider4, 11442, 143.63, 195, 2014-07-16 14:27:12, 840.32, 415.46, 424.86, 88092.91, 88115.14, 8755.0, 2687.0
Rider4, 11946, 118.34, 179, 2014-09-03 11:33:38, 1778.36, 891.78, 886.58, 34798.94, 34929.41, 7146.0, 4800.0
Rider4, 10915, 143.37, 188, 2012-01-18 09:24:35, 1598.04, 861.32, 736.72, 82228.73, 82371.48, 10404.0, 511.0
Rider4, 8084, 157.55, 188, 2012-03-27 13:34:42, 2425.56, 1207.88, 1217.68, 43168.37, 43306.44, 7973.0, 111.0
Rider4, 12711, 121.29, 174, 2014-02-20 09:27:58, 776.76, 388.28, 388.48, 96778.83, 96808.31, 12325.0, 386.0
Rider4, 9208, 149.92, 157, 2013-12-30 11:12:36, 1490.6, 747.5, 743.1, 74640.92, 74695.93, 9137.0, 71.0
Rider4, 3011, 129.25, 149, 2013-10-04 17:00:01, 124.4, 60.6, 63.8, 9147.9, 9156.13, 3007.0, 4.0
Rider4, 8346, 121.49, 156, 2012-06-18 10:53:05, 392.16, 203.18, 188.98, 61375.37, 61383.4, 7771.0, 575.0
Rider4, 14858, 121.83, 177, 2012-03-17 10:34:42, 3008.88, 1476.14, 1532.74, 58972.0, 59166.71, 13906.0, 952.0
Rider4, 3086, 138.88, 155, 2012-01-23 06:37:37, 110.24, 50.62, 59.62, 7463.77, 7473.27, 2953.0, 133.0
Rider4, 12215, 128.71, 176, 2011-09-07 07:45:16, 2036.48, 1028.34, 1008.14, 101753.19, 101821.54, 11715.0, 500.0
Rider4, 15162, 112.49, 160, 2014-03-28 11:10:13, 1525.2, 758.4, 766.8, 95564.8, 95669.68, 11956.0, 3206.0
Rider4, 26755, 109.96, 170, 2014-04-24 08:59:24, 2212.16, 1111.88, 1100.28, 125656.05, 125741.47, 15721.0, 11034.0
Rider4, 14246, 118.25, 163, 2013-09-22 08:26:35, 2422.68, 1225.24, 1197.44, 45369.25, 45574.26, 9771.0, 4475.0
Rider4, 10415, 135.52, 189, 2012-04-18 13:54:50, 1318.72, 597.86, 720.86, 96962.06, 97050.78, 10062.0, 353.0
Rider4, 6665, 159.0, 187, 2011-08-07 08:00:34, 1407.72, 703.36, 704.36, 64420.33, 64459.78, 6660.0, 5.0
Rider4, 12238, 122.27, 156, 2014-01-01 11:09:51, 1259.6, 630.5, 629.1, 98307.71, 98348.2, 12058.0, 180.0
Rider4, 2870, 143.18, 166, 2013-10-15 16:42:51, 23.0, 10.4, 12.6, 9464.4, 9465.9, 2870.0, 0.0
Rider4, 8005, 119.8, 158, 2015-01-24 09:47:43, 373.0, 185.0, 188.0, 62975.49, 62985.46, 7530.0, 475.0
Rider4, 13452, 130.64, 174, 2014-08-19 10:34:54, 3548.84, 1875.42, 1673.42, 68907.67, 69114.72, 12963.0, 489.0
Rider4, 7760, 129.03, 169, 2013-11-27 10:36:14, 945.52, 470.36, 475.16, 60608.42, 60643.98, 7597.0, 163.0
Rider4, 11362, 129.99, 176, 2013-12-06 10:09:08, 1232.28, 616.34, 615.94, 79188.08, 79236.05, 9777.0, 1585.0
Rider4, 13601, 103.53, 155, 2014-03-03 09:27:31, 783.52, 386.56, 396.96, 83932.94, 83960.66, 10601.0, 3000.0
Rider4, 7546, 110.43, 150, 2013-11-08 10:36:17, 317.68, 161.44, 156.24, 42481.52, 42491.4, 5630.0, 1916.0
Rider4, 11470, 91.12, 124, 2014-05-10 09:46:58, 312.72, 159.56, 153.16, 69172.02, 69181.99, 9026.0, 2444.0
Rider4, 9492, 167.25, 189, 2013-09-01 06:48:30, 2794.4, 1418.6, 1375.8, 57499.2, 57670.41, 9390.0, 102.0
Rider4, 9917, 114.8, 161, 2013-01-09 09:58:32, 828.64, 353.62, 475.02, 79792.17, 79813.19, 9602.0, 315.0
Rider4, 13583, 124.99, 178, 2013-04-04 08:37:01, 1488.72, 730.56, 758.16, 114877.94, 114910.24, 13315.0, 268.0
Rider4, 20071, 129.57, 180, 2014-05-11 09:12:42, 3486.24, 1748.62, 1737.62, 159459.72, 159581.94, 18890.0, 1181.0
Rider4, 3125, 146.65, 166, 2013-08-25 12:44:42, 76.8, 38.2, 38.6, 9952.94, 9963.83, 3071.0, 54.0
Rider4, 9315, 151.6, 184, 2012-04-15 08:53:29, 1419.16, 705.88, 713.28, 52651.17, 52758.55, 8423.0, 892.0
Rider4, 7690, 124.59, 172, 2013-08-29 14:35:44, 1619.88, 813.64, 806.24, 28396.16, 28552.85, 7134.0, 556.0
Rider4, 14653, 108.36, 177, 2013-01-25 10:21:39, 2613.32, 1309.76, 1303.56, 91161.71, 91255.99, 13145.0, 1508.0
Rider4, 10945, 111.16, 178, 2014-08-12 11:35:58, 1353.48, 677.24, 676.24, 70673.39, 70728.18, 8892.0, 2053.0
Rider4, 3243, 117.75, 180, 2013-02-23 12:57:22, 873.32, 422.36, 450.96, 19915.47, 19946.0, 3108.0, 135.0
Rider4, 6869, 122.8, 175, 2013-08-23 13:52:43, 606.44, 307.22, 299.22, 17685.38, 17736.64, 4136.0, 2733.0
Rider4, 11947, 131.31, 176, 2014-07-08 13:19:14, 2817.08, 1401.04, 1416.04, 69193.99, 69349.47, 11578.0, 369.0
Rider4, 16501, 127.62, 184, 2012-08-14 10:29:37, 2899.48, 1463.04, 1436.44, 128315.88, 128391.68, 16104.0, 397.0
Rider4, 948, 82.44, 107, 2012-09-07 14:49:50, 26.4, 13.9, 12.5, 4838.18, 4838.57, 888.0, 60.0
Rider4, 8652, 114.97, 163, 2013-11-21 10:00:20, 432.6, 222.8, 209.8, 59213.4, 59227.5, 7265.0, 1387.0
Rider4, 14074, 107.35, 166, 2014-02-28 10:03:41, 941.48, 464.54, 476.94, 79693.09, 79732.27, 10604.0, 3470.0
Rider4, 16187, 148.57, 225, 2012-07-03 12:21:03, 3586.96, 1788.98, 1797.98, 113702.95, 113836.24, 14740.0, 1447.0
Rider4, 4561, 172.02, 189, 2012-05-04 13:58:31, 1315.12, 656.16, 658.96, 26851.64, 26921.41, 4560.0, 1.0
Rider4, 19874, 136.84, 188, 2012-06-26 08:09:41, 5620.16, 2796.38, 2823.78, 141255.49, 141486.35, 19069.0, 805.0
Rider4, 14431, 138.21, 183, 2012-05-29 11:31:23, 4054.72, 2029.06, 2025.66, 66232.7, 66531.0, 14051.0, 380.0
Rider4, 9581, 109.43, 161, 2014-02-15 11:07:55, 1292.08, 648.14, 643.94, 71190.88, 71242.55, 9513.0, 68.0
Rider4, 2965, 162.07, 190, 2012-02-15 18:00:20, 175.08, 54.04, 121.04, 9960.55, 9965.52, 2965.0, 0.0
Rider4, 12265, 131.53, 179, 2014-06-07 07:46:04, 2016.6, 1010.8, 1005.8, 77783.94, 77875.39, 10523.0, 1742.0
Rider4, 3229, 113.89, 136, 2011-08-04 05:05:01, 66.84, 38.42, 28.42, 7814.95, 7817.41, 3192.0, 37.0
Rider4, 3007, 158.79, 174, 2012-02-02 16:51:21, 160.8, 83.8, 77.0, 9987.55, 9992.54, 2995.0, 12.0
Rider4, 20711, 118.92, 165, 2014-06-22 08:38:19, 3237.08, 1619.44, 1617.64, 157551.86, 157663.88, 19975.0, 736.0
Rider4, 14896, 116.86, 166, 2013-02-04 10:19:18, 1461.56, 727.98, 733.58, 95235.07, 95274.72, 13735.0, 1161.0
Rider4, 7982, 143.51, 182, 2014-07-22 09:24:59, 2203.04, 1101.32, 1101.72, 39005.02, 39151.65, 7116.0, 866.0
Rider4, 13145, 85.13, 125, 2012-10-14 09:22:41, 1056.04, 511.72, 544.32, 22087.23, 22262.41, 11850.0, 1295.0
Rider4, 11949, 119.51, 168, 2013-12-19 10:45:42, 1213.48, 601.14, 612.34, 76812.52, 76860.45, 9370.0, 2579.0
Rider4, 4568, 134.31, 186, 2012-02-05 08:37:15, 1480.32, 726.16, 754.16, 7137.78, 7358.02, 4254.0, 314.0
Rider4, 13545, 133.65, 179, 2015-01-03 09:53:08, 1392.72, 701.56, 691.16, 102399.22, 102447.14, 12841.0, 704.0
Rider4, 3442, 128.8, 161, 2015-01-11 10:49:14, 173.48, 88.24, 85.24, 25255.32, 25260.98, 3322.0, 120.0
Rider4, 2997, 159.18, 183, 2012-02-14 17:20:00, 158.2, 72.0, 86.2, 9939.58, 9944.13, 2988.0, 9.0
Rider4, 4192, 123.57, 153, 2013-01-17 16:51:30, 247.92, 93.26, 154.66, 13297.27, 13308.18, 4170.0, 22.0
Rider4, 19649, 129.29, 170, 2014-04-15 09:57:41, 5456.6, 2725.9, 2730.7, 79431.12, 79958.14, 17065.0, 2584.0
Rider4, 11628, 120.83, 188, 2014-05-14 14:34:09, 1195.84, 585.02, 610.82, 90604.59, 90645.9, 10437.0, 1191.0
Rider4, 15819, 133.4, 175, 2013-07-16 13:21:27, 3244.76, 1628.08, 1616.68, 63711.18, 63986.73, 14290.0, 1529.0
Rider4, 15790, 136.66, 185, 2014-04-23 13:10:58, 3255.36, 1633.38, 1621.98, 130979.38, 131100.57, 15202.0, 588.0
Rider4, 9822, 130.37, 182, 2013-01-11 12:58:34, 1721.84, 860.82, 861.02, 82911.06, 82951.59, 9747.0, 75.0
Rider4, 4140, 111.3, 171, 2014-04-26 10:44:41, 803.28, 403.24, 400.04, 25062.69, 25102.53, 4011.0, 129.0
Rider4, 1446, 121.55, 147, 2014-09-02 17:38:50, 119.7, 61.05, 58.65, 4057.02, 4061.65, 1411.0, 35.0
Rider4, 6928, 95.25, 160, 2014-07-29 15:30:20, 1013.48, 144.64, 868.84, 14239.62, 14348.34, 3431.0, 3497.0
Rider4, 1963, 127.44, 164, 2013-08-01 12:28:32, 445.8, 223.7, 222.1, 4485.19, 4534.34, 1658.0, 305.0
Rider4, 8850, 131.3, 168, 2014-05-07 06:36:55, 2331.96, 1166.28, 1165.68, 64569.99, 64657.88, 8557.0, 293.0
Rider4, 17535, 115.23, 167, 2014-03-31 09:06:30, 938.76, 470.88, 467.88, 91590.58, 91619.25, 10669.0, 6866.0
Rider4, 3916, 137.01, 153, 2013-11-15 17:29:20, 85.2, 40.4, 44.8, 11645.5, 11651.48, 3913.0, 3.0
Rider4, 5157, 139.85, 177, 2011-09-26 13:40:15, 1286.28, 676.14, 610.14, 21352.1, 21452.04, 5066.0, 91.0
Rider4, 18223, 130.12, 182, 2014-04-03 08:14:47, 2853.36, 1430.98, 1422.38, 113752.06, 113869.73, 14370.0, 3853.0
Rider4, 14533, 123.25, 167, 2013-04-07 10:32:15, 1325.84, 657.52, 668.32, 109213.63, 109242.88, 14181.0, 352.0
Rider4, 9019, 120.54, 171, 2012-05-24 13:06:26, 2107.8, 1069.6, 1038.2, 41597.14, 41725.23, 8794.0, 225.0
Rider4, 14839, 129.3, 175, 2014-06-09 13:56:19, 3015.72, 1510.66, 1505.06, 89284.03, 89564.18, 12235.0, 2604.0
Rider4, 5896, 151.11, 182, 2013-11-25 09:47:24, 1777.6, 887.1, 890.5, 29044.92, 29178.37, 5623.0, 273.0
Rider4, 30335, 108.99, 109, 2013-10-02 05:57:38, 122.36, 55.88, 66.48, 11728.88, 11738.49, 4291.0, 26044.0
Rider4, 6756, 118.97, 172, 2012-04-02 14:39:21, 1258.4, 603.7, 654.7, 29469.53, 29541.32, 5512.0, 1244.0
Rider4, 12216, 133.99, 178, 2013-12-04 10:06:55, 1298.8, 645.9, 652.9, 98809.51, 98851.18, 11942.0, 274.0
Rider4, 9528, 137.02, 191, 2013-03-20 11:08:00, 2218.72, 1078.46, 1140.26, 39678.44, 39826.55, 9011.0, 517.0
Rider4, 4633, 143.87, 176, 2012-01-24 16:41:08, 1451.2, 723.4, 727.8, 7074.44, 7289.7, 4342.0, 291.0
Rider4, 18345, 110.57, 159, 2014-05-29 08:23:27, 981.56, 488.68, 492.88, 97138.56, 97173.8, 13061.0, 5284.0
Rider4, 12378, 125.74, 181, 2012-04-12 13:29:28, 2250.88, 1134.44, 1116.44, 78752.5, 78846.27, 11232.0, 1146.0
Rider4, 6965, 118.64, 162, 2011-09-02 11:56:20, 267.08, 142.34, 124.74, 57272.49, 57277.41, 6947.0, 18.0
Rider4, 5972, 96.06, 131, 2013-10-28 14:09:56, 113.44, 54.32, 59.12, 14844.65, 14849.84, 2566.0, 3406.0
Rider4, 8831, 85.9, 153, 2012-08-18 08:44:30, 193.52, 106.46, 87.06, 13419.77, 13496.11, 2371.0, 6460.0
Rider4, 5886, 108.63, 147, 2012-06-14 14:13:53, 662.76, 332.98, 329.78, 43540.66, 43559.21, 5795.0, 91.0
Rider4, 4635, 92.89, 122, 2014-04-28 12:52:09, 184.0, 57.2, 126.8, 21802.26, 21808.95, 4003.0, 632.0
Rider4, 7091, 149.41, 190, 2012-01-17 10:39:04, 1773.44, 912.62, 860.82, 33693.57, 33868.04, 6414.0, 677.0
Rider4, 2457, 97.85, 114, 2013-01-17 18:14:34, 0.0, 0.0, 0.0, 1770.71, 1770.71, 1750.0, 707.0
Rider4, 12132, 134.69, 178, 2012-06-13 14:50:53, 2476.28, 1227.84, 1248.44, 89983.3, 90079.05, 11894.0, 238.0
Rider4, 2802, 86.59, 134, 2014-05-20 14:06:54, 134.52, 67.36, 67.16, 18526.15, 18531.66, 2752.0, 50.0
Rider4, 13023, 168.98, 195, 2011-08-06 09:07:01, 3370.76, 1683.38, 1687.38, 61685.43, 61878.51, 12925.0, 98.0
Rider4, 5776, 126.15, 181, 2013-07-31 07:32:52, 1102.12, 543.36, 558.76, 37839.9, 37893.97, 5490.0, 286.0
Rider4, 3836, 180.79, 195, 2011-09-03 09:00:03, 1338.92, 673.16, 665.76, 29439.71, 29489.02, 3763.0, 73.0
Rider4, 10621, 146.2, 185, 2014-03-11 09:39:26, 3105.2, 1557.5, 1547.7, 46606.09, 46858.36, 10027.0, 594.0
Rider4, 19414, 110.09, 170, 2012-08-28 09:38:59, 2826.36, 1343.18, 1483.18, 109711.37, 109911.38, 13232.0, 6182.0
Rider4, 7017, 114.78, 175, 2013-07-06 11:17:11, 672.2, 346.3, 325.9, 18033.02, 18090.45, 4532.0, 2485.0
Rider4, 5890, 159.88, 188, 2011-08-14 08:01:38, 901.88, 455.54, 446.34, 62630.89, 62656.67, 5877.0, 13.0
Rider4, 12960, 137.32, 189, 2014-06-11 14:31:53, 902.48, 449.94, 452.54, 92847.2, 92873.65, 9869.0, 3091.0
Rider4, 4046, 147.78, 164, 2013-08-28 15:10:54, 112.8, 54.4, 58.4, 14102.32, 14109.77, 4036.0, 10.0
Rider4, 2935, 126.59, 176, 2012-09-14 11:42:46, 714.8, 363.0, 351.8, 20948.5, 20977.63, 2914.0, 21.0
Rider4, 18350, 120.09, 173, 2014-01-12 09:54:14, 3982.44, 1985.92, 1996.52, 116401.04, 116565.78, 15885.0, 2465.0
Rider4, 10941, 126.68, 178, 2014-04-02 09:52:11, 2291.6, 1148.6, 1143.0, 79661.29, 79753.81, 10508.0, 433.0
Rider4, 17492, 132.91, 179, 2013-07-10 08:46:56, 3329.8, 1674.4, 1655.4, 63719.46, 63958.26, 13544.0, 3948.0
Rider4, 12478, 133.9, 178, 2013-09-18 13:11:42, 2386.24, 1194.72, 1191.52, 38973.74, 39162.68, 7925.0, 4553.0
Rider4, 8538, 121.63, 160, 2014-02-05 11:41:36, 392.08, 196.34, 195.74, 68342.13, 68352.67, 8458.0, 80.0
Rider4, 6904, 76.38, 105, 2012-08-27 14:13:17, 147.48, 103.04, 44.44, 20453.13, 20462.73, 3710.0, 3194.0
Rider4, 9244, 130.81, 185, 2011-10-02 10:27:47, 1872.6, 1007.6, 865.0, 24178.62, 24363.0, 7646.0, 1598.0
Rider4, 7883, 118.93, 173, 2013-07-24 09:41:57, 2004.08, 996.24, 1007.84, 38169.42, 38333.11, 7390.0, 493.0
Rider4, 5401, 99.34, 142, 2014-08-03 13:32:17, 360.12, 180.16, 179.96, 35412.07, 35423.81, 4816.0, 585.0
Rider4, 13871, 123.96, 174, 2012-06-28 13:06:26, 2077.84, 1015.12, 1062.72, 103344.64, 103404.33, 13075.0, 796.0
Rider4, 13845, 123.24, 171, 2013-10-05 08:08:58, 2385.16, 1211.58, 1173.58, 43335.2, 43527.72, 9570.0, 4275.0
Rider4, 14886, 122.25, 162, 2011-08-15 08:18:19, 2011.36, 998.98, 1012.38, 104911.49, 104968.57, 14301.0, 585.0
Rider4, 26628, 121.32, 171, 2014-07-05 06:53:18, 4538.24, 2262.82, 2275.42, 91532.28, 91843.94, 18746.0, 7882.0
Rider4, 2952, 120.82, 168, 2014-07-11 09:03:16, 139.4, 69.4, 70.0, 23740.79, 23746.78, 2858.0, 94.0
Rider4, 3257, 134.08, 184, 2014-04-01 10:15:38, 602.04, 311.12, 290.92, 11902.57, 11961.44, 2411.0, 846.0
Rider4, 9365, 90.68, 129, 2014-05-09 14:19:35, 369.2, 184.7, 184.5, 22490.86, 22509.77, 3879.0, 5486.0
Rider4, 11212, 119.93, 166, 2011-08-19 11:10:26, 2001.28, 994.04, 1007.24, 39478.11, 39620.24, 8939.0, 2273.0
Rider4, 12665, 137.39, 180, 2012-07-31 13:28:47, 1723.32, 869.36, 853.96, 101209.65, 101257.39, 11348.0, 1317.0
Rider4, 11296, 117.55, 158, 2014-08-20 10:32:01, 2788.96, 1394.78, 1394.18, 46805.88, 47078.24, 10706.0, 590.0
Rider4, 14599, 140.73, 191, 2013-04-18 12:43:56, 1740.24, 880.52, 859.72, 121043.17, 121096.37, 13732.0, 867.0
Rider4, 14424, 132.72, 223, 2013-12-25 10:02:48, 3312.04, 1636.52, 1675.52, 108532.34, 108661.0, 14188.0, 236.0
Rider4, 3377, 113.83, 118, 2013-03-12 13:37:25, 6.2, 6.2, 0.0, 1.22, 7.42, 2.0, 3375.0
Rider4, 8969, 96.88, 146, 2014-08-01 10:08:39, 379.96, 197.38, 182.58, 61511.43, 61523.56, 7949.0, 1020.0
Rider4, 3678, 122.49, 146, 2012-04-03 18:41:43, 172.88, 62.14, 110.74, 10054.95, 10060.71, 3634.0, 44.0
Rider4, 1363, 98.78, 145, 2012-05-17 14:02:34, 68.92, 44.36, 24.56, 8529.53, 8531.47, 1184.0, 179.0
Rider4, 6662, 123.59, 174, 2014-02-14 11:52:05, 1133.36, 565.38, 567.98, 32028.43, 32112.56, 6424.0, 238.0
Rider4, 15864, 137.57, 184, 2013-02-08 09:23:51, 3547.92, 1779.66, 1768.26, 120912.52, 121014.31, 15087.0, 777.0
Rider4, 13171, 119.29, 156, 2014-01-04 09:14:59, 1312.36, 664.08, 648.28, 109811.27, 109851.6, 12559.0, 612.0
Rider4, 20567, 136.83, 182, 2014-01-11 09:15:37, 3610.4, 1796.1, 1814.3, 157373.64, 157501.43, 19342.0, 1225.0
Rider4, 13234, 115.81, 166, 2013-12-20 10:01:12, 1776.16, 887.78, 888.38, 93006.56, 93104.84, 11615.0, 1619.0
Rider4, 11021, 119.83, 177, 2013-08-21 14:02:12, 1831.52, 919.46, 912.06, 36773.88, 36907.99, 8722.0, 2299.0
Rider4, 3022, 122.97, 145, 2013-10-24 17:20:59, 97.0, 47.0, 50.0, 7973.61, 7980.45, 2704.0, 318.0
Rider4, 9398, 136.35, 174, 2013-12-15 11:43:35, 2588.16, 1359.28, 1228.88, 39560.02, 39756.24, 8515.0, 883.0
Rider4, 37712, 102.01, 145, 2014-06-15 06:16:07, 10484.14, 5241.97, 5242.17, 212640.05, 213407.43, 33588.0, 4124.0
Rider4, 12453, 122.67, 176, 2013-12-03 10:29:45, 1446.76, 722.98, 723.78, 101075.46, 101128.46, 12206.0, 247.0
Rider4, 11709, 131.34, 172, 2013-10-20 08:45:43, 1601.0, 802.2, 798.8, 29310.39, 29436.44, 6426.0, 5283.0
Rider4, 5793, 117.78, 164, 2011-08-11 14:25:07, 1067.68, 536.94, 530.74, 18946.54, 19028.77, 5202.0, 591.0
Rider4, 8860, 113.87, 166, 2013-09-10 09:08:31, 1615.36, 817.28, 798.08, 35847.52, 35949.46, 7163.0, 1697.0
Rider4, 13456, 124.38, 183, 2012-06-24 09:02:48, 2212.8, 1134.5, 1078.3, 86371.06, 86460.23, 11246.0, 2210.0
Rider4, 17959, 132.29, 188, 2012-03-03 09:03:08, 2405.2, 1198.2, 1207.0, 134644.3, 134713.05, 16542.0, 1417.0
Rider4, 4190, 88.19, 141, 2012-07-27 08:37:14, 132.16, 58.48, 73.68, 13566.46, 13574.03, 2804.0, 1386.0
Rider4, 1005, 76.41, 99, 2012-09-04 13:09:48, 21.6, 10.7, 10.9, 3430.31, 3432.21, 829.0, 176.0
Rider4, 5279, 93.29, 123, 2014-07-14 11:51:50, 173.8, 92.8, 81.0, 21817.15, 21832.02, 3240.0, 2039.0
Rider4, 5674, 140.7, 174, 2014-01-28 11:01:43, 1767.4, 1175.6, 591.8, 7266.55, 7568.94, 5599.0, 75.0
Rider4, 17703, 126.45, 166, 2011-08-13 07:26:08, 3826.12, 1921.56, 1904.56, 78671.25, 78886.67, 17127.0, 576.0
Rider4, 3478, 137.54, 171, 2013-11-19 11:56:57, 114.32, 59.56, 54.76, 10725.83, 10736.13, 3445.0, 33.0
Rider4, 14502, 156.15, 187, 2012-06-10 07:02:06, 2126.84, 1057.62, 1069.22, 157264.82, 157313.35, 14488.0, 14.0
Rider4, 17011, 114.91, 173, 2012-05-09 09:50:41, 2670.48, 1340.44, 1330.04, 65093.92, 65259.98, 16142.0, 869.0
Rider4, 8691, 108.17, 131, 2011-08-29 13:58:49, 222.36, 105.68, 116.68, 65552.85, 65555.65, 8496.0, 195.0
Rider4, 1382, 99.81, 145, 2014-09-19 09:08:02, 167.36, 114.28, 53.08, 7889.65, 7897.91, 1313.0, 69.0
Rider4, 6758, 126.42, 168, 2012-08-30 11:02:46, 2057.56, 1046.48, 1011.08, 33616.95, 33741.23, 6572.0, 186.0
Rider4, 3252, 151.12, 169, 2012-02-06 18:17:11, 183.6, 121.4, 62.2, 10055.41, 10062.13, 3238.0, 14.0
Rider4, 2267, 139.27, 189, 2011-08-10 10:18:35, 1123.68, 249.94, 873.74, 20473.55, 20512.03, 2122.0, 145.0
Rider4, 11625, 111.42, 173, 2012-05-02 08:22:54, 1833.56, 915.58, 917.98, 46309.06, 46429.87, 10568.0, 1057.0
Rider4, 7628, 132.64, 151, 2013-09-02 17:18:03, 228.8, 110.2, 118.6, 22002.71, 22018.26, 7542.0, 86.0
Rider4, 14996, 128.42, 185, 2014-05-26 08:16:36, 2418.24, 1204.62, 1213.62, 114367.1, 114463.91, 13345.0, 1651.0
Rider4, 14551, 130.68, 187, 2014-04-30 12:40:57, 2787.84, 1396.42, 1391.42, 115989.61, 116103.56, 13793.0, 758.0
Rider4, 15715, 133.9, 178, 2011-10-01 07:09:20, 2721.96, 1341.48, 1380.48, 52442.19, 52629.44, 11452.0, 4263.0
Rider4, 3611, 139.6, 154, 2013-08-19 18:30:11, 67.6, 30.6, 37.0, 10861.88, 10866.33, 3584.0, 27.0
Rider4, 11543, 125.55, 183, 2013-03-17 09:22:15, 2576.0, 1284.0, 1292.0, 86662.93, 86733.92, 11408.0, 135.0
Rider4, 8703, 106.06, 146, 2013-03-11 10:06:26, 414.48, 147.44, 267.04, 66845.91, 66852.43, 8619.0, 84.0
Rider4, 8767, 124.56, 175, 2013-12-11 10:07:56, 869.36, 425.18, 444.18, 70214.63, 70243.06, 8646.0, 121.0
Rider4, 7026, 136.08, 189, 2011-08-16 09:58:53, 746.56, 391.08, 355.48, 62057.94, 62076.46, 6995.0, 31.0
Rider4, 2603, 103.36, 153, 2012-07-06 05:37:16, 160.6, 78.6, 82.0, 12289.68, 12295.99, 2191.0, 412.0
Rider4, 3135, 104.45, 166, 2013-04-09 16:10:32, 82.68, 31.64, 51.04, 4939.19, 4942.47, 2588.0, 547.0
Rider4, 26129, 127.46, 167, 2013-11-07 10:13:28, 1088.28, 544.34, 543.94, 80021.74, 80081.55, 10019.0, 16110.0
Rider4, 8014, 152.73, 188, 2013-11-28 11:46:43, 2266.24, 1138.92, 1127.32, 33484.16, 33670.15, 7786.0, 228.0
Rider4, 12516, 129.96, 187, 2014-02-23 09:26:50, 1879.16, 938.88, 940.28, 90498.61, 90576.21, 11658.0, 858.0
Rider4, 12639, 137.75, 178, 2014-02-24 10:04:02, 1334.4, 669.0, 665.4, 104131.09, 104171.83, 12447.0, 192.0
Rider4, 13885, 122.95, 184, 2012-04-25 13:26:03, 3017.84, 1520.92, 1496.92, 80424.02, 80534.24, 12130.0, 1755.0
Rider4, 2450, 94.9, 123, 2012-06-25 08:33:50, 100.84, 49.62, 51.22, 17173.84, 17175.35, 2432.0, 18.0
Rider4, 53, 101.05, 116, 2014-04-11 07:47:00, 5.2, 4.8, 0.4, 3.6, 8.8, 12.0, 41.0
Rider4, 11571, 124.3, 175, 2012-06-20 11:09:03, 1744.52, 857.06, 887.46, 89318.45, 89369.35, 11079.0, 492.0
Rider4, 13740, 92.2, 141, 2014-06-23 09:12:18, 233.16, 121.88, 111.28, 62933.91, 62942.51, 8207.0, 5533.0
Rider4, 19399, 120.92, 179, 2013-02-17 09:57:35, 3823.44, 1919.82, 1903.62, 69993.52, 70225.09, 16311.0, 3088.0
Rider4, 8530, 116.73, 143, 2015-02-11 17:02:50, 227.88, 108.64, 119.24, 61803.49, 61810.14, 8009.0, 521.0
Rider4, 16548, 118.04, 178, 2014-01-13 09:58:08, 2120.88, 1062.04, 1058.84, 123304.02, 123379.75, 15261.0, 1287.0
Rider4, 20762, 119.15, 181, 2013-07-17 13:39:54, 3241.36, 1623.68, 1617.68, 68294.54, 68533.09, 16589.0, 4173.0
Rider4, 9853, 104.17, 158, 2012-08-03 11:43:10, 971.8, 473.7, 498.1, 82224.57, 82243.21, 9741.0, 112.0
Rider4, 5048, 143.25, 181, 2013-04-27 08:42:55, 1077.48, 518.04, 559.44, 21057.02, 21117.4, 4681.0, 367.0
Rider4, 1839, 125.1, 188, 2013-12-07 09:33:12, 139.8, 117.8, 22.0, 13508.08, 13513.4, 1730.0, 109.0
Rider4, 3826, 136.93, 156, 2013-03-10 10:44:58, 223.88, 91.34, 132.54, 12531.26, 12562.7, 3795.0, 31.0
Rider4, 12874, 126.35, 176, 2014-06-16 13:48:50, 3335.2, 1670.1, 1665.1, 79663.98, 79819.55, 11351.0, 1523.0
Rider4, 54678, 61.18, 88, 2012-08-01 17:29:48, 27.0, 0.0, 27.0, 661.0, 661.6, 20.0, 54658.0
Rider4, 216, 90.63, 105, 2013-01-16 15:00:32, 0.0, 0.0, 0.0, 58.08, 58.08, 89.0, 127.0
Rider4, 7313, 122.51, 175, 2015-01-20 08:32:35, 6.8, 6.0, 0.8, 0, 6.8, 12.0, 7301.0
Rider4, 2063, 178.49, 187, 2013-04-06 08:05:40, 70.68, 29.84, 40.84, 8866.68, 8868.07, 2055.0, 8.0
Rider4, 17688, 107.81, 163, 2014-08-06 09:11:00, 1781.0, 893.9, 887.1, 104819.01, 104881.2, 13671.0, 4017.0
Rider4, 10413, 122.66, 178, 2013-04-25 07:43:58, 1645.76, 819.78, 825.98, 75048.08, 75103.16, 10032.0, 381.0
Rider4, 15281, 115.09, 175, 2014-09-13 11:35:35, 1456.16, 722.48, 733.68, 87898.57, 87954.41, 11078.0, 4203.0
Rider4, 11627, 108.97, 156, 2013-01-23 10:16:05, 1817.92, 913.06, 904.86, 86117.16, 86165.64, 11385.0, 242.0
Rider4, 7799, 126.37, 166, 2013-09-02 11:53:35, 1700.4, 853.5, 846.9, 30093.19, 30239.46, 7308.0, 491.0
Rider4, 14340, 117.05, 165, 2014-04-07 08:51:34, 1392.76, 697.78, 694.98, 77636.94, 77697.44, 9465.0, 4875.0
Rider4, 8379, 95.45, 172, 2013-09-14 09:54:01, 637.28, 331.34, 305.94, 22881.61, 22925.6, 4514.0, 3865.0
Rider4, 1977, 183.95, 195, 2011-08-12 15:58:48, 611.6, 611.6, 0.0, 11607.79, 11631.71, 1955.0, 22.0
Rider4, 11563, 126.73, 174, 2012-09-18 09:05:05, 2206.68, 1113.34, 1093.34, 35924.47, 36056.54, 9207.0, 2356.0
Rider4, 1057, 148.85, 175, 2013-01-15 18:19:49, 0.8, 0.4, 0.4, 704.15, 704.56, 559.0, 498.0
Rider4, 15790, 117.38, 167, 2013-11-16 09:57:53, 1026.64, 514.32, 512.32, 96880.04, 96915.49, 11963.0, 3827.0
Rider4, 14053, 138.99, 180, 2015-01-02 10:26:32, 1294.68, 649.24, 645.44, 97790.77, 97841.52, 12841.0, 1212.0
Rider4, 13530, 122.49, 175, 2011-08-17 14:11:44, 2461.04, 1241.82, 1219.22, 52521.87, 52660.23, 10863.0, 2667.0
Rider4, 17898, 121.09, 169, 2014-05-08 07:05:22, 2288.64, 1149.72, 1138.92, 153897.71, 153968.61, 17817.0, 81.0
Rider4, 7760, 148.88, 182, 2013-11-26 09:58:32, 2123.96, 1044.98, 1078.98, 34679.99, 34837.65, 6996.0, 764.0
Rider4, 4857, 137.36, 160, 2014-01-17 10:32:10, 194.4, 101.8, 92.6, 16273.49, 16287.55, 4791.0, 66.0
Rider4, 10407, 172.16, 189, 2014-04-06 09:00:35, 2291.68, 1146.94, 1144.74, 66788.3, 66904.74, 10392.0, 15.0
Rider4, 9802, 97.53, 133, 2014-04-18 13:39:38, 269.96, 135.08, 134.88, 61522.6, 61534.35, 8123.0, 1679.0
Rider4, 5870, 115.96, 157, 2014-01-23 15:13:35, 1969.84, 1263.02, 706.82, 7446.69, 7788.69, 5864.0, 6.0
Rider4, 3737, 113.56, 153, 2012-01-26 17:02:02, 844.2, 439.2, 405.0, 4617.24, 4745.7, 3703.0, 34.0
Rider4, 8596, 133.22, 178, 2014-05-27 08:01:07, 2078.56, 1044.88, 1033.68, 57963.47, 58052.65, 7646.0, 950.0
Rider4, 7707, 129.66, 160, 2015-01-22 15:01:12, 239.36, 115.28, 124.08, 61882.15, 61888.99, 7591.0, 116.0
Rider4, 16195, 110.5, 157, 2013-11-17 09:25:10, 988.28, 496.04, 492.24, 103782.66, 103820.97, 12975.0, 3220.0
Rider4, 2444, 114.86, 130, 2012-10-11 17:26:11, 30.56, 10.08, 20.48, 6390.78, 6392.07, 2375.0, 69.0
Rider4, 9786, 144.49, 190, 2012-04-04 14:10:21, 896.48, 449.54, 446.94, 91133.71, 91152.15, 9380.0, 406.0
Rider4, 4955, 142.82, 158, 2013-08-30 15:15:04, 126.8, 64.2, 62.6, 15754.23, 15766.45, 4834.0, 121.0
Rider4, 9615, 117.52, 171, 2014-07-17 09:45:36, 2614.48, 1309.74, 1304.74, 55691.66, 55827.21, 9266.0, 349.0
Rider4, 16997, 121.94, 172, 2014-01-03 10:14:27, 2983.4, 1485.4, 1498.0, 113084.03, 113198.25, 14935.0, 2062.0
Rider4, 16023, 134.65, 180, 2013-12-22 10:01:41, 2934.12, 1462.96, 1471.16, 105161.1, 105279.93, 14399.0, 1624.0
Rider4, 17931, 118.44, 168, 2014-08-28 09:59:04, 4438.88, 2253.84, 2185.04, 89141.84, 89396.93, 16937.0, 994.0
Rider4, 7159, 121.19, 178, 2011-08-31 09:18:09, 1473.68, 714.74, 758.94, 27451.51, 27554.99, 6788.0, 371.0
Rider4, 15898, 123.7, 175, 2012-08-04 07:18:32, 3250.76, 1646.48, 1604.28, 58566.14, 58799.81, 14588.0, 1310.0
Rider4, 8772, 111.86, 168, 2014-07-29 08:55:40, 2086.24, 1043.82, 1042.42, 43444.84, 43562.98, 8426.0, 346.0
Rider4, 11037, 121.61, 171, 2014-07-30 09:53:41, 2289.2, 1148.5, 1140.7, 41311.27, 41461.47, 8441.0, 2596.0
Rider4, 8789, 123.57, 179, 2014-06-12 11:06:27, 1120.92, 610.26, 510.66, 67561.16, 67596.27, 8182.0, 607.0
Rider4, 9963, 123.74, 172, 2012-10-12 13:33:47, 1919.52, 952.06, 967.46, 31033.89, 31191.03, 8168.0, 1795.0
Rider4, 12369, 133.06, 180, 2014-02-12 11:49:40, 1410.96, 695.78, 715.18, 100542.88, 100590.65, 12306.0, 63.0
Rider4, 11241, 111.49, 147, 2012-03-04 09:37:25, 951.72, 515.16, 436.56, 83229.68, 83261.23, 10469.0, 772.0
Rider4, 14932, 142.63, 192, 2012-03-15 11:06:32, 1525.28, 734.54, 790.74, 112432.35, 112473.74, 12699.0, 2233.0
Rider4, 8310, 142.9, 184, 2012-06-06 15:12:45, 1542.28, 762.84, 779.44, 25467.73, 25588.55, 5721.0, 2589.0
Rider4, 341359, 135.03, 195, 2015-01-05 15:32:00, 836.08, 457.84, 378.24, 75428.33, 75540.32, 9263.0, 332096.0
Rider4, 82774, 75.93, 80, 2012-05-19 09:15:18, 994.12, 147.66, 846.46, 55986.85, 56069.63, 3816.0, 78958.0
Rider4, 20092, 131.94, 186, 2014-03-08 09:24:54, 4498.84, 2232.32, 2266.52, 145744.09, 146066.85, 18212.0, 1880.0
Rider4, 5687, 136.22, 182, 2011-08-04 09:23:17, 1149.48, 581.74, 567.74, 21884.54, 21968.3, 5205.0, 482.0
Rider4, 16117, 141.31, 186, 2012-03-18 09:12:05, 2762.0, 1373.5, 1388.5, 140142.0, 140213.62, 15220.0, 897.0
Rider4, 2397, 135.61, 164, 2014-01-14 15:04:17, 772.8, 772.8, 0.0, 3153.69, 3302.85, 2396.0, 1.0
Rider4, 7147, 140.77, 184, 2014-03-27 08:29:06, 1694.84, 843.42, 851.42, 62747.04, 62811.73, 7120.0, 27.0
Rider4, 6861, 93.94, 132, 2014-05-13 14:33:03, 240.4, 122.6, 117.8, 50015.36, 50021.68, 6559.0, 302.0
Rider4, 12204, 121.56, 170, 2013-01-10 09:44:10, 1466.44, 716.42, 750.02, 96124.96, 96162.94, 11566.0, 638.0
Rider4, 12839, 128.48, 183, 2012-07-17 13:17:45, 2152.64, 1109.92, 1042.72, 87884.73, 87962.06, 11529.0, 1310.0
Rider4, 8488, 122.19, 173, 2013-11-12 11:18:07, 858.4, 425.6, 432.8, 65005.86, 65040.31, 8286.0, 202.0
Rider4, 14976, 138.52, 184, 2013-07-08 13:24:43, 2555.56, 1285.88, 1269.68, 51279.04, 51509.25, 11164.0, 3812.0
Rider4, 3598, 136.94, 162, 2012-01-27 11:25:23, 129.68, 91.14, 38.54, 9836.06, 9846.78, 3442.0, 156.0
Rider4, 7103, 153.83, 194, 2011-09-29 08:33:01, 1569.6, 785.9, 783.7, 26009.86, 26147.06, 5281.0, 1822.0
Rider4, 9253, 125.6, 175, 2012-02-17 13:36:52, 1624.52, 804.06, 820.46, 65033.95, 65085.68, 9136.0, 117.0
Rider4, 15362, 135.48, 179, 2014-03-09 09:24:44, 3445.88, 1721.94, 1723.94, 100330.09, 100473.48, 13360.0, 2002.0
Rider4, 7867, 114.07, 176, 2012-10-15 13:01:01, 1108.92, 551.96, 556.96, 24380.23, 24464.2, 6150.0, 1717.0
Rider4, 8723, 113.81, 169, 2012-09-25 08:41:56, 556.2, 275.8, 280.4, 30690.5, 30712.37, 7220.0, 1503.0
Rider4, 15100, 122.6, 165, 2013-06-25 10:43:41, 1167.0, 579.8, 587.2, 97345.93, 97381.48, 11319.0, 3781.0
Rider4, 8352, 119.89, 166, 2013-11-06 09:49:21, 409.92, 206.26, 203.66, 64782.84, 64797.67, 7919.0, 433.0
Rider4, 20994, 133.32, 185, 2014-03-20 09:41:37, 3962.6, 1986.8, 1975.8, 137932.05, 138091.97, 17208.0, 3786.0
Rider4, 12608, 128.96, 181, 2014-01-21 10:03:28, 3482.88, 1752.14, 1730.74, 84205.11, 84370.67, 12207.0, 401.0
Rider4, 8071, 109.62, 152, 2014-09-04 10:20:04, 1633.24, 816.62, 816.62, 31900.58, 32008.63, 6553.0, 1518.0
Rider4, 12658, 117.24, 179, 2012-03-14 09:23:55, 1522.72, 811.56, 711.16, 96025.42, 96069.61, 12119.0, 539.0
Rider4, 25333, 127.85, 178, 2012-08-15 07:50:54, 4444.84, 2225.52, 2219.32, 85499.59, 85779.42, 18420.0, 6913.0
Rider4, 7692, 115.21, 165, 2012-10-07 09:06:12, 1569.92, 795.76, 774.16, 25324.76, 25439.69, 6678.0, 1014.0
Rider4, 1488, 119.32, 166, 2014-04-06 08:23:21, 147.08, 85.44, 61.64, 4475.02, 4486.98, 1072.0, 416.0
Rider4, 11621, 118.1, 174, 2014-09-30 11:25:33, 855.64, 432.82, 422.82, 64411.64, 64585.32, 8071.0, 3550.0
Rider4, 6134, 131.51, 194, 2012-01-22 08:34:36, 1481.72, 710.36, 771.36, 12394.54, 12608.33, 5523.0, 611.0
Rider4, 11718, 117.51, 164, 2014-06-17 15:13:13, 1797.08, 906.24, 890.84, 53018.98, 53105.84, 7481.0, 4237.0
Rider4, 12036, 115.49, 143, 2015-01-18 10:36:29, 462.24, 228.72, 233.52, 81853.98, 81866.44, 10407.0, 1629.0
Rider4, 9614, 134.43, 177, 2012-04-10 14:39:10, 2545.36, 1269.88, 1275.48, 44007.21, 44160.83, 9571.0, 43.0
Rider4, 9310, 79.4, 127, 2012-04-13 13:44:14, 540.84, 217.92, 322.92, 23694.9, 23783.99, 8054.0, 1256.0
Rider4, 5936, 119.52, 161, 2013-10-02 14:23:47, 1292.2, 631.9, 660.3, 19568.74, 19669.78, 4885.0, 1051.0
Rider4, 16276, 122.17, 166, 2014-02-07 09:39:35, 2243.2, 1125.8, 1117.4, 115710.66, 115826.22, 14720.0, 1556.0
Rider4, 20971, 118.65, 175, 2014-05-01 08:43:13, 4687.84, 2335.52, 2352.32, 130740.61, 131023.71, 19088.0, 1883.0
Rider4, 4983, 137.9, 162, 2013-10-01 17:45:52, 204.0, 94.0, 110.0, 16064.06, 16076.6, 4957.0, 26.0
Rider4, 10860, 151.4, 186, 2012-01-21 09:13:05, 1333.64, 674.12, 659.52, 91836.48, 91872.63, 10502.0, 358.0
Rider4, 3675, 149.85, 166, 2013-08-24 14:26:21, 115.72, 53.96, 61.76, 12349.45, 12358.74, 3622.0, 53.0
Rider4, 15937, 116.42, 199, 2013-12-02 10:02:54, 1497.24, 743.62, 753.62, 104918.42, 104971.97, 14076.0, 1861.0
Rider4, 8916, 118.59, 171, 2011-10-06 13:38:28, 1778.76, 892.88, 885.88, 55116.72, 55189.76, 8362.0, 554.0
Rider4, 6619, 118.46, 154, 2012-06-17 09:08:48, 522.12, 257.36, 264.76, 36036.81, 36052.15, 4809.0, 1810.0
Rider4, 14646, 116.53, 163, 2013-07-23 13:26:01, 2789.24, 1397.92, 1391.32, 55607.43, 55816.91, 13508.0, 1138.0
Rider4, 18365, 128.47, 164, 2013-09-08 08:40:08, 4153.56, 2097.28, 2056.28, 81502.52, 81799.71, 15313.0, 3052.0
Rider4, 110, 89.0, 112, 2013-01-15 18:16:51, 0.0, 0.0, 0.0, 68.53, 68.53, 65.0, 45.0
Rider4, 12626, 144.31, 180, 2012-02-18 10:21:58, 2406.28, 1208.14, 1198.14, 98765.88, 98829.07, 12521.0, 105.0
Rider4, 12003, 132.52, 181, 2012-06-07 13:59:51, 2469.28, 1230.64, 1238.64, 82540.28, 82634.14, 11195.0, 808.0
Rider4, 4150, 135.64, 181, 2011-09-28 12:05:03, 933.28, 501.54, 431.74, 16579.37, 16671.77, 3963.0, 187.0
Rider4, 5250, 113.55, 152, 2015-02-11 10:22:18, 789.88, 445.34, 344.54, 39801.8, 40199.16, 5241.0, 9.0
Rider4, 8649, 124.02, 169, 2013-09-23 12:47:46, 1568.36, 785.68, 782.68, 28955.89, 29075.38, 6181.0, 2468.0
Rider4, 14259, 123.18, 179, 2012-05-10 12:05:26, 3007.0, 1580.5, 1426.5, 54189.58, 54416.08, 12815.0, 1444.0
Rider4, 4756, 108.75, 162, 2012-04-14 10:29:27, 989.76, 494.18, 495.58, 17500.19, 17622.61, 4531.0, 225.0
Rider4, 10014, 103.39, 132, 2014-10-05 11:06:51, 284.08, 146.64, 137.44, 62374.16, 62383.64, 7926.0, 2088.0
Rider4, 2877, 117.68, 163, 2013-08-01 11:36:24, 739.24, 373.32, 365.92, 11759.41, 11824.95, 2749.0, 128.0
Rider4, 12417, 146.42, 184, 2011-08-23 08:24:39, 1989.16, 971.78, 1017.38, 102365.66, 102424.95, 12177.0, 240.0
Rider4, 9382, 121.41, 187, 2013-07-04 14:38:31, 309.56, 152.98, 156.58, 67226.16, 67234.85, 8659.0, 723.0
Rider4, 8357, 116.36, 158, 2013-11-14 11:29:55, 816.08, 406.94, 409.14, 61430.17, 61472.07, 8046.0, 311.0
Rider4, 12998, 133.42, 173, 2012-03-02 10:35:42, 1317.6, 655.5, 662.1, 108637.37, 108669.56, 12550.0, 448.0
Rider4, 7014, 117.08, 163, 2013-06-26 14:44:27, 1590.28, 799.24, 791.04, 29452.94, 29591.52, 6705.0, 309.0
Rider4, 8309, 116.06, 191, 2013-12-01 11:03:32, 448.68, 217.94, 230.74, 59294.4, 59307.49, 7556.0, 753.0
Rider4, 12269, 102.67, 153, 2014-09-08 09:31:42, 728.68, 350.44, 378.24, 81463.54, 81496.17, 10803.0, 1466.0
Rider4, 6514, 101.03, 142, 2014-04-09 10:17:23, 438.92, 226.06, 212.86, 39118.79, 39131.32, 5314.0, 1200.0
Rider4, 491881, 122.0, 124, 2013-06-10 15:23:48, 917.36, 449.18, 468.18, 34599.18, 34659.24, 5806.0, 486075.0
Rider4, 9490, 143.9, 183, 2012-01-25 09:15:23, 1327.0, 642.6, 684.4, 78465.56, 78502.9, 9384.0, 106.0
Rider4, 17022, 114.37, 172, 2012-08-01 12:41:25, 3038.4, 1537.1, 1501.3, 75735.05, 75906.81, 15083.0, 1939.0
Rider4, 9460, 121.32, 178, 2014-02-26 09:33:57, 1415.36, 702.48, 712.88, 69317.91, 69376.53, 9098.0, 362.0
Rider4, 3484, 88.33, 113, 2014-08-22 11:02:21, 173.68, 85.84, 87.84, 25591.14, 25596.13, 3463.0, 21.0
Rider4, 18230, 125.16, 176, 2011-08-30 08:08:46, 3494.16, 1750.78, 1743.38, 131769.22, 131919.2, 17464.0, 766.0
Rider4, 7690, 139.67, 189, 2013-12-15 08:13:54, 1622.8, 810.0, 812.8, 18255.51, 18518.66, 7403.0, 287.0
Rider4, 11232, 126.93, 186, 2014-06-18 13:55:11, 1797.4, 897.7, 899.7, 99758.8, 99819.37, 10563.0, 669.0
Rider4, 3158, 130.17, 152, 2012-10-14 16:34:12, 155.52, 49.76, 105.76, 10187.37, 10192.07, 3142.0, 16.0
Rider4, 9748, 108.46, 142, 2014-03-10 10:58:08, 296.12, 147.16, 148.96, 67033.79, 67042.08, 8753.0, 995.0
Rider4, 11490, 121.7, 164, 2012-02-24 10:28:06, 423.4, 198.9, 224.5, 70396.04, 70406.14, 9130.0, 2360.0
Rider4, 9730, 131.73, 177, 2014-02-10 11:54:27, 1113.72, 556.56, 557.16, 78760.53, 78797.31, 9438.0, 292.0
Rider4, 18001, 141.57, 179, 2012-07-10 09:48:01, 4451.56, 2229.48, 2222.08, 136204.71, 136364.7, 17303.0, 698.0
Rider4, 6101, 87.36, 127, 2012-07-02 09:15:12, 196.72, 97.16, 99.56, 22114.99, 22122.24, 3700.0, 2401.0
Rider4, 10107, 109.57, 154, 2013-04-19 11:06:33, 658.2, 328.9, 329.3, 76715.17, 76730.64, 9641.0, 466.0
Rider4, 13421, 110.76, 164, 2014-01-10 09:59:50, 982.52, 486.16, 496.36, 94326.43, 94358.69, 11637.0, 1784.0
Rider4, 12552, 133.04, 145, 2013-07-30 06:11:31, 1364.0, 682.3, 681.7, 19065.5, 19132.29, 12523.0, 29.0
Rider4, 15441, 121.49, 178, 2013-01-27 09:53:45, 3679.6, 1841.4, 1838.2, 106995.11, 107113.21, 14822.0, 619.0
Rider4, 13864, 117.68, 172, 2013-04-29 09:49:39, 1303.16, 646.38, 656.78, 111027.08, 111051.77, 13017.0, 847.0
Rider4, 3513, 120.02, 168, 2013-07-27 12:46:54, 726.12, 362.96, 363.16, 19255.72, 19289.76, 3043.0, 470.0
Rider4, 9720, 105.8, 154, 2013-03-19 12:05:04, 831.2, 417.3, 413.9, 70435.96, 70454.67, 9365.0, 355.0
Rider4, 12324, 125.84, 174, 2012-04-30 10:23:32, 1723.28, 868.64, 854.64, 99644.28, 99691.8, 12251.0, 73.0
Rider4, 9725, 104.84, 149, 2014-08-02 14:32:41, 1547.8, 777.8, 770.0, 23364.36, 23540.43, 7294.0, 2431.0
Rider4, 15206, 144.69, 186, 2014-06-10 14:45:08, 1992.92, 1004.66, 988.26, 52993.17, 53071.08, 6734.0, 8472.0
Rider4, 15027, 136.19, 174, 2015-01-14 13:47:00, 1394.68, 683.64, 711.04, 114476.5, 114535.44, 14884.0, 143.0
Rider4, 466, 109.56, 174, 2013-10-10 12:18:14, 8.6, 4.6, 4.0, 951.06, 951.79, 465.0, 1.0
Rider4, 20069, 127.54, 184, 2014-01-22 09:25:09, 3742.32, 1860.56, 1881.76, 123699.48, 123843.06, 16054.0, 4015.0
Rider4, 4487, 92.68, 124, 2012-04-09 14:59:18, 197.6, 96.8, 100.8, 26839.99, 26844.61, 4401.0, 86.0
Rider4, 6880, 103.15, 143, 2013-03-30 09:49:16, 182.64, 90.82, 91.82, 43987.59, 43991.69, 5770.0, 1110.0
Rider4, 11287, 126.85, 185, 2012-04-08 09:05:57, 3098.52, 1546.56, 1551.96, 74876.76, 75016.1, 10829.0, 458.0
Rider4, 9330, 98.53, 153, 2014-08-08 12:15:09, 281.04, 146.12, 134.92, 52922.55, 52930.44, 6621.0, 2709.0
Rider4, 9763, 141.64, 188, 2013-08-22 10:51:34, 1838.36, 924.38, 913.98, 32799.02, 32983.69, 8196.0, 1567.0
Rider4, 17901, 133.46, 181, 2014-02-08 11:19:08, 2235.8, 1118.0, 1117.8, 139991.06, 140063.68, 16488.0, 1413.0
Rider4, 16803, 113.15, 181, 2014-07-06 06:50:47, 2445.36, 1217.28, 1228.08, 133212.01, 133282.92, 16310.0, 493.0
Rider4, 15039, 129.56, 185, 2013-06-20 07:44:14, 2757.2, 1376.5, 1380.7, 94939.13, 95062.35, 12835.0, 2204.0
Rider4, 5490, 83.75, 120, 2012-07-30 10:33:58, 116.84, 77.62, 39.22, 16188.07, 16194.36, 2885.0, 2605.0
Rider4, 12116, 113.59, 178, 2014-07-09 13:34:27, 1654.6, 822.2, 832.4, 98323.24, 98382.33, 11880.0, 236.0
Rider4, 1730, 152.78, 187, 2012-06-02 16:14:56, 527.08, 260.94, 266.14, 4481.54, 4553.42, 1679.0, 51.0
Rider4, 13571, 132.29, 184, 2014-07-03 09:08:35, 3044.84, 1526.32, 1518.52, 84548.95, 84662.38, 10583.0, 2988.0
Rider4, 19589, 128.14, 189, 2014-05-18 08:16:53, 2508.92, 1251.76, 1257.16, 155935.73, 156021.24, 17878.0, 1711.0
Rider4, 14871, 126.55, 177, 2014-08-26 14:18:20, 3307.16, 1655.78, 1651.38, 49063.32, 49309.56, 10578.0, 4293.0
Rider4, 16789, 114.26, 176, 2014-01-20 09:35:05, 1903.32, 935.16, 968.16, 105847.43, 105924.29, 14509.0, 2280.0
Rider4, 14094, 116.09, 169, 2012-05-11 12:16:16, 2149.44, 1075.82, 1073.62, 101211.48, 101277.08, 13329.0, 765.0
Rider4, 14444, 112.94, 177, 2014-03-19 09:39:37, 1627.32, 810.76, 816.56, 61983.52, 62048.19, 8545.0, 5899.0
Rider4, 4422, 114.25, 159, 2013-04-06 14:03:40, 777.2, 380.0, 397.2, 25395.26, 25423.65, 4362.0, 60.0
Rider4, 19683, 113.01, 162, 2014-05-25 08:01:53, 1441.8, 730.0, 711.8, 33591.79, 33720.49, 6812.0, 12871.0
Rider4, 3159, 145.5, 179, 2012-02-01 17:33:44, 169.84, 101.82, 68.02, 6200.22, 6265.29, 1957.0, 1202.0
Rider4, 9368, 114.5, 167, 2014-08-13 08:13:55, 1315.4, 667.5, 647.9, 67952.61, 68004.85, 8304.0, 1064.0
Rider4, 4252, 150.16, 177, 2012-01-09 12:01:45, 175.56, 110.78, 64.78, 32798.32, 32804.42, 4082.0, 170.0
Rider4, 8462, 139.22, 181, 2013-12-13 11:38:56, 2482.36, 1247.18, 1235.18, 39925.59, 40137.19, 8090.0, 372.0
Rider4, 16461, 142.53, 174, 2012-01-28 08:40:09, 2577.68, 1289.24, 1288.44, 125333.86, 125402.44, 16375.0, 86.0
Rider4, 9739, 142.95, 193, 2011-08-24 12:28:58, 1298.48, 650.54, 647.94, 70638.49, 70672.92, 7893.0, 1846.0
Rider4, 4549, 106.17, 153, 2014-04-22 11:18:37, 386.92, 198.06, 188.86, 36135.04, 36146.66, 4409.0, 140.0
Rider4, 9383, 134.87, 177, 2012-03-29 12:46:36, 2319.92, 1149.66, 1170.26, 40503.08, 40659.77, 8642.0, 741.0
Rider4, 14751, 132.43, 190, 2012-02-25 09:31:38, 1883.68, 933.34, 950.34, 103923.2, 103979.69, 12952.0, 1799.0
Rider4, 12038, 124.58, 160, 2013-07-15 12:34:08, 2719.84, 1363.32, 1356.52, 49925.37, 50147.77, 11546.0, 492.0
Rider4, 3721, 116.89, 148, 2011-10-03 14:34:07, 264.92, 130.96, 133.96, 29304.8, 29309.76, 3681.0, 40.0
Rider4, 3484, 132.59, 165, 2012-10-26 16:38:57, 159.8, 63.2, 96.6, 7090.98, 7141.24, 2479.0, 1005.0
Rider4, 4893, 122.54, 148, 2012-04-07 13:41:43, 208.76, 73.58, 135.18, 10915.92, 10930.54, 3837.0, 1056.0
Rider4, 8560, 105.02, 158, 2014-04-30 09:09:08, 887.92, 443.76, 444.16, 47720.08, 47799.97, 6147.0, 2413.0
Rider4, 10119, 133.21, 172, 2012-02-21 11:02:10, 902.92, 443.66, 459.26, 78157.72, 78184.36, 9858.0, 261.0
Rider4, 5652, 115.38, 158, 2014-08-23 08:57:04, 1143.4, 601.1, 542.3, 22192.26, 22259.06, 4520.0, 1132.0
Rider4, 2536, 150.66, 178, 2015-01-27 10:30:05, 761.2, 761.2, 0.0, 3238.24, 3385.16, 2525.0, 11.0
Rider4, 12986, 124.62, 167, 2012-03-20 12:58:05, 3155.0, 1582.2, 1572.8, 104275.72, 104449.63, 12927.0, 59.0
Rider4, 6389, 101.91, 151, 2013-09-16 13:51:17, 984.48, 499.64, 484.84, 21075.12, 21217.47, 5861.0, 528.0
Rider4, 3971, 134.2, 165, 2012-01-11 11:47:28, 185.8, 148.9, 36.9, 29872.85, 29878.94, 3895.0, 76.0
Rider4, 11738, 122.54, 171, 2014-09-11 10:00:13, 1562.44, 781.72, 780.72, 95127.86, 95181.61, 11353.0, 385.0
Rider4, 2642, 148.15, 168, 2013-11-13 11:21:43, 91.56, 45.48, 46.08, 8709.26, 8718.24, 2603.0, 39.0
Rider4, 10432, 110.1, 141, 2014-02-13 10:38:20, 638.0, 318.8, 319.2, 81900.1, 81919.61, 10298.0, 134.0
Rider4, 17564, 139.49, 186, 2015-01-16 10:09:44, 1974.76, 987.68, 987.08, 133606.24, 133678.17, 16248.0, 1316.0
Rider4, 11145, 131.77, 181, 2013-07-25 09:26:02, 2714.68, 1360.24, 1354.44, 55255.81, 55417.83, 9633.0, 1512.0
Rider4, 8165, 127.49, 159, 2011-10-09 09:21:52, 306.8, 153.5, 153.3, 62256.7, 62277.85, 7396.0, 769.0
Rider4, 8426, 93.0, 133, 2014-07-07 08:12:31, 623.4, 315.8, 307.6, 55345.5, 55363.56, 7196.0, 1230.0
Rider4, 844, 130.84, 156, 2012-02-04 17:49:11, 70.2, 41.2, 29.0, 2924.09, 2942.26, 670.0, 174.0
Rider4, 2340, 127.99, 175, 2014-04-09 12:43:41, 601.52, 299.96, 301.56, 10748.67, 10796.28, 2171.0, 169.0
Rider4, 18658, 124.61, 170, 2013-09-24 10:43:52, 2693.28, 1341.34, 1351.94, 48311.0, 48532.1, 10214.0, 8444.0
Rider4, 12148, 141.7, 182, 2012-03-01 10:49:00, 2629.76, 1308.48, 1321.28, 78839.74, 78945.72, 10671.0, 1477.0
Rider4, 10222, 134.93, 186, 2012-08-22 14:19:01, 1167.36, 580.18, 587.18, 82720.36, 82746.39, 9785.0, 437.0
Rider4, 11933, 112.76, 177, 2014-03-01 09:36:15, 1046.28, 504.54, 541.74, 83468.17, 83505.51, 10545.0, 1388.0
Rider4, 12530, 121.74, 174, 2014-08-18 09:24:29, 2188.56, 1104.48, 1084.08, 51864.13, 51969.2, 8549.0, 3981.0
Rider4, 3239, 86.74, 131, 2012-05-31 14:32:29, 135.44, 73.62, 61.82, 14233.67, 14240.94, 3136.0, 103.0
Rider4, 12218, 151.0, 151, 2013-12-16 10:03:53, 1825.2, 893.5, 931.7, 99704.71, 99777.58, 12141.0, 77.0
Rider4, 8736, 116.32, 173, 2012-05-13 10:46:06, 1431.56, 713.78, 717.78, 67108.1, 67151.56, 8610.0, 126.0
Rider4, 15016, 122.46, 175, 2014-01-06 10:02:55, 2524.56, 1249.18, 1275.38, 103637.35, 103730.21, 13628.0, 1388.0
Rider4, 1716, 83.5, 108, 2012-06-06 17:33:15, 4.4, 4.4, 0.0, 1.54, 4.66, 0.0, 1716.0
Rider4, 18216, 134.17, 183, 2014-08-07 08:14:28, 4110.64, 2056.52, 2054.12, 80609.17, 80880.68, 14711.0, 3505.0
Rider4, 10925, 131.48, 177, 2012-08-29 14:04:00, 2593.68, 1305.04, 1288.64, 48663.15, 48805.81, 10012.0, 913.0
Rider4, 11073, 84.88, 131, 2013-07-29 07:49:09, 1132.92, 557.66, 575.26, 48729.34, 48797.3, 8381.0, 2692.0
Rider4, 10151, 138.27, 187, 2013-04-24 12:53:15, 1736.64, 912.32, 824.32, 46392.19, 46501.12, 9735.0, 416.0
Rider4, 3518, 127.09, 177, 2012-09-06 09:33:41, 847.12, 422.76, 424.36, 21616.56, 21667.29, 3345.0, 173.0
Rider4, 2704, 118.53, 175, 2013-01-18 18:28:16, 120.6, 120.6, 0.0, 2386.93, 2472.12, 2101.0, 603.0
Rider4, 9662, 142.69, 188, 2012-01-23 10:35:15, 1235.52, 612.56, 622.96, 78526.19, 78559.73, 9625.0, 37.0
Rider4, 7672, 143.26, 180, 2014-01-28 13:28:01, 7.2, 5.2, 2.0, 273.59, 280.59, 132.0, 7540.0
Rider4, 2, 64.5, 65, 2013-09-16 15:39:58, 0.0, 0.0, 0.0, 4.14, 4.14, 2.0, 0.0
Rider4, 11553, 108.99, 155, 2014-09-10 12:25:50, 702.32, 349.36, 352.96, 89370.03, 89391.7, 11271.0, 282.0
Rider4, 7900, 111.7, 173, 2014-03-02 08:59:48, 1219.68, 606.94, 612.74, 31980.76, 32077.49, 7182.0, 718.0
Rider4, 15008, 128.58, 178, 2014-08-21 11:13:47, 4078.88, 2023.44, 2055.44, 81842.74, 82123.57, 14766.0, 242.0
Rider4, 4535, 139.86, 187, 2012-09-10 10:48:12, 957.6, 498.2, 459.4, 29806.25, 29848.86, 4276.0, 259.0
Rider4, 18311, 135.81, 183, 2012-02-23 09:26:24, 2285.92, 1178.26, 1107.66, 136345.16, 136412.17, 16483.0, 1828.0
Rider4, 4168, 140.78, 155, 2013-10-23 14:48:08, 85.0, 41.2, 43.8, 12661.52, 12667.11, 4164.0, 4.0
Rider4, 8773, 101.59, 177, 2013-08-03 08:57:03, 1221.6, 646.2, 575.4, 83583.65, 83657.26, 6476.0, 2297.0
Rider4, 16286, 144.98, 183, 2014-03-13 10:33:04, 4846.4, 2429.1, 2417.3, 118945.61, 119153.9, 15811.0, 475.0
Rider4, 5022, 105.42, 147, 2013-07-26 10:08:52, 815.68, 410.64, 405.04, 18691.78, 18795.84, 4350.0, 672.0
Rider4, 12752, 115.62, 168, 2013-11-18 10:00:46, 1026.76, 512.18, 514.58, 83426.5, 83460.61, 10644.0, 2108.0
Rider4, 10970, 114.17, 167, 2014-03-25 10:08:53, 1914.04, 956.22, 957.82, 70131.33, 70207.82, 9267.0, 1703.0
Rider4, 14608, 95.44, 143, 2014-07-15 09:57:35, 229.2, 114.8, 114.4, 60503.58, 60512.06, 8033.0, 6575.0
Rider4, 15552, 122.63, 161, 2013-01-12 10:02:05, 2519.2, 1262.0, 1257.2, 123486.71, 123543.82, 15401.0, 151.0
Rider4, 12931, 139.86, 188, 2014-08-05 09:51:45, 3426.28, 1716.94, 1709.34, 63928.71, 64146.73, 12255.0, 676.0
Rider4, 5439, 141.61, 188, 2014-08-16 08:01:18, 1102.52, 547.56, 554.96, 20321.71, 20386.52, 3192.0, 2247.0
Rider4, 3135, 147.42, 166, 2013-10-11 14:59:09, 43.92, 20.76, 23.16, 10543.66, 10546.62, 3125.0, 10.0
Rider4, 13683, 114.83, 162, 2011-09-04 06:53:13, 500.24, 256.32, 243.92, 78696.03, 78706.65, 9318.0, 4365.0
Rider4, 13415, 97.76, 163, 2014-04-12 08:15:33, 374.2, 189.1, 185.1, 81191.64, 81207.02, 10881.0, 2534.0
Rider4, 6806, 136.42, 184, 2014-03-04 11:46:40, 1835.12, 925.86, 909.26, 46437.65, 46525.59, 6403.0, 403.0
Rider4, 6344, 127.07, 167, 2014-01-08 15:14:53, 2061.96, 1372.88, 689.08, 9204.44, 9547.89, 6334.0, 10.0
Rider4, 1736, 130.66, 156, 2012-02-24 16:25:00, 51.2, 27.4, 23.8, 2911.59, 2935.06, 1122.0, 614.0
Rider4, 9111, 156.92, 187, 2012-04-29 07:46:58, 2170.84, 1106.22, 1064.62, 37189.29, 37411.0, 8012.0, 1099.0
Rider4, 7906, 134.72, 170, 2012-01-19 10:21:26, 319.4, 183.4, 136.0, 62120.18, 62127.39, 7662.0, 244.0
Rider4, 13465, 113.66, 174, 2014-08-15 08:28:34, 2484.88, 1241.84, 1243.04, 88626.39, 88730.36, 11772.0, 1693.0
Rider4, 9856, 140.24, 180, 2014-04-17 13:29:39, 2726.32, 1367.26, 1359.06, 43182.86, 43376.9, 8861.0, 995.0
Rider4, 9335, 134.09, 175, 2015-01-28 10:42:47, 1915.12, 974.76, 940.36, 36827.81, 36984.8, 8607.0, 728.0
Rider4, 18166, 123.53, 177, 2012-08-07 07:47:40, 3170.8, 1618.5, 1552.3, 139893.11, 139987.91, 17869.0, 297.0
Rider4, 1454, 168.41, 176, 2012-07-15 08:28:21, 418.08, 401.84, 16.24, 9231.24, 9248.75, 1409.0, 45.0
Rider4, 19548, 112.08, 170, 2014-05-12 08:08:56, 2737.76, 1381.98, 1355.78, 121559.44, 121672.09, 15216.0, 4332.0
Rider4, 11877, 95.02, 152, 2014-08-09 09:57:59, 972.2, 514.2, 458.0, 69084.75, 69124.74, 10677.0, 1200.0
Rider4, 7574, 121.06, 149, 2011-10-08 12:03:47, 206.36, 88.88, 117.48, 60972.89, 60975.8, 7515.0, 59.0
Rider4, 83055, 112.83, 173, 2013-09-13 10:49:37, 1786.2, 907.3, 878.9, 31188.34, 31483.84, 6976.0, 76079.0
Rider4, 12351, 102.53, 165, 2014-09-05 11:06:12, 1112.84, 554.22, 558.62, 93815.33, 93851.43, 11804.0, 547.0
Rider4, 14954, 151.63, 187, 2014-07-23 09:33:28, 3804.32, 1896.06, 1908.26, 82052.6, 82250.4, 13161.0, 1793.0
Rider4, 10453, 112.57, 173, 2012-05-20 08:36:44, 2483.2, 1247.8, 1235.4, 43893.88, 44057.7, 10295.0, 158.0
Rider4, 9947, 130.86, 180, 2012-02-19 08:54:24, 2431.52, 1188.36, 1243.16, 61431.09, 61545.45, 9860.0, 87.0
Rider4, 746, 107.57, 118, 2013-03-10 11:56:20, 41.8, 41.8, 0.0, 115.48, 148.75, 28.0, 718.0
Rider4, 11421, 127.13, 172, 2013-12-23 10:06:17, 1397.8, 699.4, 698.4, 90770.26, 90814.86, 10936.0, 485.0
Rider4, 5980, 99.6, 160, 2014-07-04 13:13:21, 302.84, 158.02, 144.82, 29345.68, 29356.07, 4035.0, 1945.0
Rider4, 12131, 120.89, 185, 2012-07-04 13:52:01, 855.44, 440.22, 415.22, 93964.72, 93987.1, 11103.0, 1028.0
Rider4, 15496, 124.24, 167, 2012-07-24 08:22:47, 1280.08, 662.04, 618.04, 94293.34, 94333.01, 11193.0, 4303.0
Rider4, 17411, 139.87, 182, 2014-09-07 08:14:23, 2535.24, 1271.52, 1263.72, 147649.35, 147726.02, 16516.0, 895.0
Rider4, 27135, 109.11, 164, 2014-04-11 07:48:02, 2768.36, 1383.48, 1384.88, 134675.22, 134809.93, 17896.0, 9239.0
Rider4, 16205, 147.0, 182, 2013-01-31 10:43:55, 2088.28, 1063.94, 1024.34, 134154.83, 134215.11, 15867.0, 338.0
Rider4, 15824, 132.24, 181, 2014-01-16 10:21:02, 3648.44, 1828.62, 1819.82, 90078.75, 90232.27, 12208.0, 3616.0
Rider4, 5854, 136.61, 180, 2012-09-19 10:35:19, 1493.48, 738.54, 754.94, 53022.92, 53107.89, 5815.0, 39.0
Rider4, 20747, 118.01, 165, 2013-02-09 09:46:52, 3741.88, 1856.34, 1885.54, 159000.79, 159090.95, 20429.0, 318.0
Rider4, 6624, 138.36, 179, 2013-12-05 10:56:33, 1800.64, 858.32, 942.32, 28604.46, 28846.19, 5924.0, 700.0
Rider4, 1935, 116.13, 138, 2012-10-04 19:04:17, 90.0, 41.8, 48.2, 5457.09, 5459.93, 1861.0, 74.0
Rider4, 15487, 130.87, 190, 2014-05-24 07:52:52, 2632.2, 1320.4, 1311.8, 101446.09, 101558.26, 12642.0, 2845.0
Rider4, 11899, 140.79, 186, 2014-03-12 12:14:57, 2357.44, 1184.92, 1172.52, 73301.97, 73406.49, 9242.0, 2657.0
Rider4, 16511, 123.39, 175, 2014-03-23 09:07:54, 2519.12, 1257.06, 1262.06, 131291.64, 131382.02, 15453.0, 1058.0
Rider4, 17991, 137.36, 181, 2014-06-08 08:18:01, 2452.88, 1228.34, 1224.54, 146602.84, 146680.31, 17477.0, 514.0
Rider4, 16080, 126.2, 183, 2014-02-21 10:17:46, 2305.2, 1147.9, 1157.3, 109202.91, 109308.37, 14519.0, 1561.0
Rider4, 15648, 131.81, 179, 2014-04-19 08:04:10, 6638.26, 3327.93, 3310.33, 69141.1, 69789.98, 15061.0, 587.0
Rider4, 5996, 141.94, 182, 2013-11-11 11:57:57, 1680.56, 834.48, 846.08, 30170.3, 30291.22, 5707.0, 289.0
Rider4, 9072, 128.13, 178, 2012-09-12 08:21:03, 2177.64, 1096.72, 1080.92, 36744.42, 36889.72, 8150.0, 922.0
Rider4, 3349, 143.37, 167, 2012-01-16 11:25:07, 119.96, 90.68, 29.28, 8848.23, 8855.89, 3234.0, 115.0
Rider4, 8530, 137.4, 185, 2013-04-23 13:33:15, 1658.08, 814.74, 843.34, 41134.44, 41215.1, 8130.0, 400.0
Rider4, 8998, 120.1, 174, 2013-02-21 09:30:50, 2227.72, 1120.16, 1107.56, 40809.76, 40928.52, 8124.0, 874.0
Rider4, 10399, 140.65, 181, 2012-02-22 10:27:27, 1276.72, 650.46, 626.26, 84760.54, 84876.86, 10260.0, 139.0
Rider4, 9815, 140.45, 185, 2013-12-09 11:16:16, 2452.44, 1223.52, 1228.92, 40165.42, 40349.47, 8842.0, 973.0
Rider4, 7177, 108.2, 153, 2014-06-24 09:58:36, 445.04, 217.52, 227.52, 59392.01, 59404.9, 7065.0, 112.0
Rider4, 9703, 127.17, 181, 2013-02-07 14:24:27, 1517.04, 756.22, 760.82, 81257.04, 81291.7, 9629.0, 74.0
Rider4, 8358, 116.66, 175, 2013-09-10 14:33:43, 1128.32, 555.76, 572.56, 25310.94, 25404.44, 5065.0, 3293.0
Rider4, 16304, 130.47, 184, 2014-03-26 09:37:52, 4855.2, 2422.0, 2433.2, 115431.68, 115639.15, 15920.0, 384.0
Rider4, 13151, 147.73, 186, 2012-05-15 10:56:13, 3344.28, 1652.64, 1691.64, 59804.16, 59999.23, 11930.0, 1221.0
Rider4, 7181, 126.33, 166, 2012-07-11 10:32:09, 1993.92, 1002.46, 991.46, 33896.14, 34024.5, 6969.0, 212.0
Rider4, 21328, 131.97, 185, 2014-03-22 09:11:18, 4773.68, 2390.94, 2382.74, 149029.28, 149233.76, 19040.0, 2288.0
Rider4, 13827, 129.48, 188, 2014-09-09 09:38:26, 3170.44, 1580.62, 1589.82, 103507.1, 103650.01, 13442.0, 385.0
Rider4, 5940, 112.28, 168, 2012-05-30 11:44:57, 963.12, 483.06, 480.06, 28071.04, 28129.31, 5736.0, 204.0